CO_ENTIDADE,NO_ENTIDADE,NO_MUNICIPIO,NU_ANO_CENSO,y_real,y_pred,residuo,residuo_z
26126052,ESCOLA DE REFERENCIA EM ENSINO FUNDAMENTAL CORONEL OTHON,Recife,2023,23.7,0.3252752423286438,23.374724757671355,10.321337705781547
26028506,ESCOLA ESTADUAL INDIGENA AIMBERE,Inajá,2022,23.8,3.0822606086730957,20.717739391326905,9.148119901950055
26004488,ESCOLA NOSSA SENHORA DO SOCORRO,Ipubi,2022,21.7,1.5805530548095703,20.11944694519043,8.883938036819599
26042711,ESCOLA DO ESPINHEIRO,Tacaratu,2022,39.5,21.49710464477539,18.00289535522461,7.949354038153408
26155435,ESCOLA JOAQUIM ROSENO DOS SANTOS,Floresta,2022,26.5,8.612902641296387,17.887097358703613,7.898222303335702
26028409,ESCOLA MARIA GILDETE ARAUJO,Inajá,2022,29.4,11.949616432189941,17.450383567810057,7.705387069410428
26186446,ESCOLA ESTADUAL INDIGENA QUITERIA MARIA DE JESUS,Jatobá,2022,30.9,13.603079795837402,17.296920204162596,7.6376238243629855
26104245,ESCOLA SAO FRANCISCO DE ASSIS - LT,São José da Coroa Grande,2022,16.6,0.397823691368103,16.2021763086319,7.154228979535695
26419831,ESCOLA ESTADUAL JOSE FERREIRA DA SILVA,Floresta,2022,32.5,16.47236442565918,16.02763557434082,7.077158815899135
26042096,ESCOLA ESTADUAL INDIGENA JOSE LUCIANO,Jatobá,2022,39.1,23.850502014160156,15.249497985839845,6.733564574009924
26043076,ESCOLA PANKARARUS EZEQUIEL,Tacaratu,2022,21.4,8.037663459777832,13.362336540222167,5.900270030973285
26044447,ESCOLA ESTADUAL INDIGENA FULNI-O MARECHAL RONDON,Águas Belas,2022,20.1,6.843469619750977,13.256530380249025,5.853550289040224
26040522,ESCOLA SAGRADA FAMILIA,Carnaubeira da Penha,2022,20.0,6.969878673553467,13.030121326446533,5.753577163017637
26064006,ESCOLA PROFESSORA MARIA LUCIA ALVES,Santa Cruz do Capibaribe,2023,14.0,1.2116596698760986,12.788340330123901,5.646816405842636
26009323,ESCOLA DE REFERENCIA EM ENSINO FUNDAMENTAL E MEDIO VALDICLEIWTSON DA SILVA MENEZES,Cedro,2022,12.4,0.2475341260433197,12.15246587395668,5.366039837621095
26040468,ESCOLA OLHO DAGUA DO PADRE,Carnaubeira da Penha,2023,18.2,6.716792106628418,11.483207893371581,5.070522448581415
26147190,ESCOLA ESTADUAL ORORUBA,Pesqueira,2022,27.3,17.004009246826172,10.295990753173829,4.54629514061914
26037599,ESCOLA PROFESSORA JUDITH GOMES DE BARROS,Santa Maria da Boa Vista,2022,14.7,5.017773151397705,9.682226848602294,4.275281702113395
26000024,ESCOLA DE REFERENCIA EM ENSINO MEDIO LUIZ GONZAGA DUARTE,Araripina,2022,9.4,0.07518079876899719,9.324819201231003,4.117464869385244
26127636,ESCOLA DE REFERENCIA EM ENSINO FUNDAMENTAL E MEDIO EDUCADOR PAULO FREIRE,Recife,2023,9.9,0.6960546970367432,9.203945302963257,4.06409182064266
26147190,ESCOLA ESTADUAL ORORUBA,Pesqueira,2023,28.1,19.327817916870117,8.772182083129884,3.873442559655178
26043076,ESCOLA PANKARARUS EZEQUIEL,Tacaratu,2023,14.8,6.120981216430664,8.679018783569337,3.832305396051413
26128527,ESCOLA ROTARY DO ALTO DO PASCOAL,Recife,2022,11.6,3.089590072631836,8.510409927368164,3.7578545110429498
26091828,ESCOLA DE REFERENCIA EM ENSINO MEDIO PROFESSOR JOSE MENDES DA SILVA,Timbaúba,2023,9.4,0.9648815393447876,8.435118460655213,3.7246088295487563
26186411,ESCOLA ESTADUAL INDIGENA JOSEFA ALICE DA CONCEICAO,Itacuruba,2023,13.2,5.054579734802246,8.145420265197753,3.5966897657278816
26040522,ESCOLA SAGRADA FAMILIA,Carnaubeira da Penha,2023,16.7,8.888555526733398,7.811444473266601,3.449219497315589
26019370,ESCOLA SANTA CRUZ,Santa Cruz da Baixa Verde,2022,8.5,0.7153429985046387,7.784657001495361,3.4373912278792047
26113236,ESCOLA DE REFERENCIA EM ENSINO MEDIO AUREA DE MOURA CAVALCANTI,Olinda,2023,7.8,0.05112425982952118,7.748875740170479,3.4215916629430776
26029812,ESCOLA AMARO LAFAYETTE,Sertânia,2023,7.9,0.16506996750831604,7.734930032491684,3.415433799695866
26050048,ESCOLA DE REFERENCIA EM ENSINO MEDIO BENTO AMERICO,Belo Jardim,2023,7.7,0.1695157140493393,7.530484285950661,3.32515878621713
26054949,ESCOLA PROFESSORA ROSILDA MACIEL VIEIRA,Caruaru,2022,11.0,3.6863677501678467,7.313632249832153,3.2294056545687715
26095530,ESCOLA DE REFERENCIA EM ENSINO MEDIO PROFESSORA EUDOXIA DE ALCANTARA FERREIRA,Vitória de Santo Antão,2023,7.4,0.12012312561273575,7.279876874387265,3.21450063930275
26055040,ESCOLA SANTO AMARO,Caruaru,2023,8.5,1.2483303546905518,7.251669645309448,3.202045462179822
26055473,ESCOLA PAULINA MONTEIRO,Caruaru,2022,11.2,3.9990735054016113,7.200926494598388,3.179639329052101
26169975,ESCOLA JOSE ANTONIO FAGUNDES,Paudalho,2023,7.7,0.6574556231498718,7.042544376850128,3.109704160155614
26019370,ESCOLA DE REFERENCIA EM ENSINO FUNDAMENTAL E MEDIO SANTA CRUZ,Santa Cruz da Baixa Verde,2023,9.5,2.4598453044891357,7.040154695510864,3.1086489730521314
26069555,ESCOLA SERAFICO RICARDO,Limoeiro,2022,9.7,2.7258129119873047,6.974187088012695,3.0795203325359433
26128594,ESCOLA SAO MIGUEL,Recife,2022,7.4,0.6121644377708435,6.787835562229157,2.9972349987174853
26089947,ESCOLA SEVERINO GOUVEIA DE LIMA,Itaquitinga,2022,7.7,0.975836455821991,6.724163544178009,2.96911999811202
26043009,ESCOLA ESTADUAL INDIGENA SANTA CLARA,Tacaratu,2022,23.7,16.992639541625977,6.707360458374023,2.961700431683746
26001225,ESCOLA SAO JOAO BATISTA - ARARIPINA,Araripina,2022,9.9,3.1939022541046143,6.706097745895386,2.9611428686727406
26041529,ESCOLA MENINO JESUS,Floresta,2023,12.7,5.998981952667236,6.701018047332763,2.9588998782267804
26126141,ESCOLA DONA MARIA TERESA CORREA,Recife,2022,9.1,2.443711519241333,6.656288480758667,2.9391491018291687
26003210,ESCOLA SAO VICENTE DE PAULA - EXU,Exu,2022,9.5,3.0602669715881348,6.439733028411865,2.843526929637983
26124785,ESCOLA DE REFERENCIA EM ENSINO MEDIO DOM SEBASTIAO LEME,Recife,2022,7.3,1.0614832639694214,6.238516736030578,2.754677913142465
26181975,ESCOLA DE REFERENCIA EM ENSINO MEDIO DJALMA MACEDO GOMES,Santa Filomena,2022,9.0,2.8156843185424805,6.1843156814575195,2.730744908837272
26047365,ESCOLA FREI JOAO PEREIRA DE SOUZA,Itaíba,2023,6.2,0.06593575328588486,6.134064246714115,2.7085558976910984
26054850,ESCOLA DE REFERENCIA EM ENSINO MEDIO PROFESSOR MARIO SETTE,Caruaru,2023,6.7,0.6969364285469055,6.003063571453095,2.650711271794031
26042169,ESCOLA LOGRADOURO,Petrolândia,2023,11.5,5.595310211181641,5.904689788818359,2.6072733685675975
26050064,ESCOLA FREI CASSIANO COMACCHIO,Belo Jardim,2022,11.1,5.296396732330322,5.803603267669677,2.5626376291912116
26001896,ESCOLA VITALINA MARIA DE JESUS,Araripina,2023,6.9,1.190812349319458,5.709187650680542,2.52094749261218
26111284,ESCOLA VILA JOAO DE DEUS,Jaboatão dos Guararapes,2023,6.9,1.393070936203003,5.506929063796997,2.4316382408130073
26036177,ESCOLA NUCLEO DE MORADORES - 6,Petrolina,2023,5.7,0.23881182074546814,5.461188179254532,2.4114409071024143
26109360,ESCOLA DE REFERENCIA EM ENSINO MEDIO BERNARDO VIEIRA,Jaboatão dos Guararapes,2022,6.1,0.6415528059005737,5.458447194099426,2.41023059837255
26074311,ESCOLA DE REFERENCIA EM ENSINO MEDIO JERONIMO GUEIROS,Canhotinho,2023,5.8,0.35808148980140686,5.441918510198593,2.4029321967810353
26016010,ESCOLA JOAO GOMES DOS REIS,Carnaíba,2022,9.1,3.709972858428955,5.390027141571045,2.3800190568329658
26126010,ESCOLA CAIO PEREIRA,Recife,2022,7.6,2.272970199584961,5.327029800415039,2.352201966391117
26116383,ESCOLA PROFESSORA MARIA ALVES MACHADO,Paulista,2022,5.4,0.0832664966583252,5.316733503341675,2.3476555359918305
26054825,ESCOLA PROFESSORA JESUINA PEREIRA REGO,Caruaru,2023,5.9,0.5856914520263672,5.314308547973633,2.34658477329689
26110245,ESCOLA DE REFERENCIA EM ENSINO MEDIO SENADOR ADERBAL JUREMA,Jaboatão dos Guararapes,2022,5.3,0.02250482514500618,5.277495174854994,2.3303294693313656
26055473,ESCOLA PAULINA MONTEIRO,Caruaru,2023,8.6,3.379594564437866,5.220405435562133,2.305120938112907
26062836,ESCOLA DE REFERENCIA EM ENSINO FUNDAMENTAL E MEDIO JOAQUIM RIBEIRO DA ROCHA,São Caitano,2023,5.8,0.6042606830596924,5.195739316940307,2.2942293728505962
26095572,ESCOLA OLIVIA CARNEIRO DE CARVALHO,Vitória de Santo Antão,2023,6.0,0.8348974585533142,5.165102541446686,2.2807014058108086
26032090,ESCOLA INDIGENA ACILON CIRIACO DA LUZ,Cabrobó,2022,10.0,4.963544845581055,5.036455154418945,2.2238958972863108
26003821,ESCOLA NELSON ARAUJO,Exu,2023,5.3,0.3225362002849579,4.977463799715042,2.197847689235403
26041200,ESCOLA DE REFERENCIA EM ENSINO FUNDAMENTAL E MEDIO TRES MARIAS,Floresta,2022,6.7,1.747823715209961,4.952176284790039,2.186681740374538
26037726,ESCOLA DE REFERENCIA EM ENSINO FUNDAMENTAL E MEDIO ANTONIO DE AMORIM COELHO,Lagoa Grande,2022,7.2,2.2791662216186523,4.920833778381348,2.172842150965745
26040310,ESCOLA BOM JESUS DOS AFLITOS,Carnaubeira da Penha,2022,6.2,1.2852143049240112,4.914785695075989,2.170171560791338
26104601,ESCOLA DE REFERENCIA EM ENSINO MEDIO BARRA DO SIRINHAEM,Sirinhaém,2022,5.3,0.3917119801044464,4.908288019895553,2.167302448939326
26075385,ESCOLA DE REFERENCIA EM ENSINO MEDIO FRANCISCO MADEIROS,Garanhuns,2022,6.8,1.9265953302383423,4.8734046697616575,2.151899365447496
26121859,ESCOLA DE REFERENCIA EM ENSINO MEDIO ANIBAL FERNANDES,Recife,2022,7.3,2.4829587936401367,4.817041206359863,2.127011528432583
26018314,ESCOLA DE REFERENCIA EM ENSINO MEDIO TERESA TORRES,Itapetim,2022,6.7,1.9211467504501343,4.778853249549866,2.1101492636309223
26049422,ESCOLA CONEGO EMANUEL VASCONCELOS,Venturosa,2023,5.7,0.998880922794342,4.701119077205658,2.0758249816399363
26040948,ESCOLA DE REFERENCIA EM ENSINO MEDIO CAPITAO NESTOR VALGUEIRO DE CARVALHO,Floresta,2023,4.7,0.025642231106758118,4.674357768893242,2.0640082649339853
26018020,ESCOLA DE REFERENCIA EM ENSINO MEDIO ARISTAQUE JOSE DE VERAS,Ingazeira,2022,5.4,0.7360918521881104,4.66390814781189,2.0593941328235017
26062585,ESCOLA DE REFERENCIA EM ENSINO MEDIO PIO XII,São Caitano,2023,4.8,0.14333060383796692,4.656669396162033,2.0561977914282115
26021820,ESCOLA DE REFERENCIA EM ENSINO FUNDAMENTAL E MEDIO MANOEL PEREIRA LINS,Serra Talhada,2022,4.6,0.054876528680324554,4.545123471319675,2.006943600333454
26000792,ESCOLA PROFESSOR MANOEL BONIFACIO COSTA,Araripina,2022,6.7,2.333552360534668,4.366447639465332,1.9280475440355132
26054094,ESCOLA DE REFERENCIA EM ENSINO MEDIO FELISBERTO CARVALHO,Caruaru,2023,4.4,0.05952388793230057,4.3404761120677,1.9165795627957363
26003210,ESCOLA SAO VICENTE DE PAULA - EXU,Exu,2023,6.9,2.6201601028442383,4.279839897155762,1.8898050506765698
26035138,ESCOLA PROFESSORA WILMA WZELY CUNHA COELHO AMORIM,Petrolina,2023,5.1,0.8801899552345276,4.219810044765472,1.8632982838430883
26043408,ESCOLA PRINCESA ISABEL,Tacaratu,2023,12.3,8.090544700622559,4.209455299377442,1.858726045020376
26167158,ESCOLA PROFESSORA GALTEMIR LINS,Palmares,2022,4.4,0.2345680445432663,4.165431955456734,1.8392871081236208
26001896,ESCOLA VITALINA MARIA DE JESUS,Araripina,2022,4.2,0.09055335074663162,4.1094466492533686,1.8145662501080893
26101599,ESCOLA PROFESSOR ELISEU PEREIRA DE MELO,Palmares,2022,5.9,1.92121160030365,3.9787883996963505,1.756872825620527
26051761,ESCOLA DE REFERENCIA EM ENSINO MEDIO CONEGO ALEXANDRE CAVALCANTI,Bezerros,2022,4.8,0.8639539480209351,3.9360460519790648,1.7379995250917897
26043130,ESCOLA DE REFERENCIA EM ENSINO FUNDAMENTAL SERGIO MAGALHAES,Tacaratu,2022,4.8,0.8673393130302429,3.932660686969757,1.7365046841522431
26154803,ESCOLA DE REFERENCIA EM ENSINO MEDIO ELVIRA GRANJA DE SOUZA,Santa Cruz,2022,6.3,2.391721487045288,3.9082785129547117,1.7257384974005543
26181975,ESCOLA DE REFERENCIA EM ENSINO MEDIO DJALMA MACEDO GOMES,Santa Filomena,2023,6.4,2.5152976512908936,3.884702348709107,1.7153282121241042
26034310,ESCOLA ESTADUAL DE ALTERNANCIA,Petrolina,2022,3.9,0.13020820915699005,3.76979179084301,1.6645883345002406
26129388,ESCOLA DE REFERENCIA EM ENSINO MEDIO PROFESSOR AGAMENOM MAGALHAES,São Lourenço da Mata,2023,3.8,0.06110066920518875,3.738899330794811,1.6509474674515203
26035561,ESCOLA DOM ANTONIO CAMPELO,Petrolina,2023,4.4,0.6628004908561707,3.7371995091438297,1.6501968946220533
26183030,ESCOLA ESTADUAL DE MATRIZ DA LUZ,São Lourenço da Mata,2023,4.3,0.5710858106613159,3.728914189338684,1.6465384308499293
26024802,ESCOLA DE REFERENCIA EM ENSINO FUNDAMENTAL E MEDIO MONSENHOR JOSE KEHRLE,Arcoverde,2023,3.7,0.09061536937952042,3.6093846306204798,1.593758988347671
26185725,ESCOLA ESTADUAL LUIZ GOMES DINIZ,Bodocó,2023,4.5,0.9122255444526672,3.5877744555473328,1.5842168047659024
26058758,ESCOLA SANTA RITA,Pesqueira,2022,14.7,11.180810928344727,3.5191890716552727,1.5539322595501004
26040387,ESCOLA JOAO LIMA,Carnaubeira da Penha,2022,7.5,3.981559991836548,3.518440008163452,1.5536015032591792
26028409,ESCOLA MARIA GILDETE ARAUJO,Inajá,2023,12.8,9.287671089172363,3.5123289108276374,1.5509030886250073
26073102,ESCOLA DE REFERENCIA EM ENSINO MEDIO PROFESSORA ISMENIA LEMOS WANDERLEY,Brejão,2023,4.3,0.7896981835365295,3.5103018164634703,1.5500080053369274
26081849,ESCOLA DE REFERENCIA EM ENSINO MEDIO PROFESSOR JOSE CONSTANTINO,Agrestina,2023,3.7,0.195653036236763,3.504346963763237,1.5473785820455528
26055082,ESCOLA DE REFERENCIA EM ENSINO MEDIO PROFESSOR LISBOA,Caruaru,2023,3.5,0.0227182786911726,3.4772817213088274,1.5354276602547352
26059150,ESCOLA INTERMEDIARIA MONS OLIMPIO TORRES,Pesqueira,2022,14.0,10.538186073303223,3.4618139266967773,1.5285977046762318
26015315,ESCOLA DE REFERENCIA EM ENSINO MEDIO JOSE SEVERINO DE ARAUJO,Brejinho,2023,3.6,0.14419585466384888,3.455804145336151,1.5259440270991056
26005107,ESCOLA DE REFERENCIA EM ENSINO MEDIO SAO SEBASTIAO - OURICURI,Ouricuri,2022,4.1,0.7167811989784241,3.3832188010215756,1.4938932603445025
26040387,ESCOLA JOAO LIMA,Carnaubeira da Penha,2023,6.5,3.1203112602233887,3.3796887397766113,1.4923345273707844
26074079,ESCOLA DE REFERENCIA EM ENSINO MEDIO AUGUSTA CORDEIRO DE MELO,Calçado,2022,3.6,0.22322852909564972,3.3767714709043504,1.4910463788461996
26098210,ESCOLA ATHAYDE ACCIOLY LINS,Catende,2022,3.6,0.24558192491531372,3.3544180750846864,1.4811760188946868
26140179,ESCOLA DE REFERENCIA EM ENSINO FUNDAMENTAL ENEIDE COELHO PAIXAO CAVALCANTI,Petrolina,2023,4.3,0.9624521136283875,3.3375478863716124,1.4737268225224063
26043130,ESCOLA DE REFERENCIA EM ENSINO FUNDAMENTAL SERGIO MAGALHAES,Tacaratu,2023,4.5,1.198368787765503,3.301631212234497,1.4578674647382674
26100614,ESCOLA DE REFERENCIA EM ENSINO MEDIO FABIO DA SILVEIRA BARROS,Maraial,2022,4.1,0.8112586140632629,3.2887413859367367,1.4521758362135557
26121344,ESCOLA DE REFERENCIA EM ENSINO MEDIO LUIZ DELGADO,Recife,2023,4.0,0.7222782373428345,3.2777217626571655,1.4473100140728428
26079739,ESCOLA DE REFERENCIA EM ENSINO MEDIO NARCISO CORREIA,Paranatama,2023,3.6,0.32743391394615173,3.2725660860538484,1.4450334747819504
26038935,ESCOLA DE REFERENCIA EM ENSINO MEDIO MONSENHOR JOAO PIRES,Belém do São Francisco,2023,4.1,0.9299672245979309,3.1700327754020687,1.3997588913889842
26109115,ESCOLA SOUZA BRANDAO,Jaboatão dos Guararapes,2023,3.8,0.666032075881958,3.133967924118042,1.3838341045403575
26065606,ESCOLA JOSE BEZERRA DE ANDRADE,Taquaritinga do Norte,2022,4.9,1.7906333208084106,3.1093666791915897,1.3729711848909947
26155559,ESCOLA DE REFERENCIA EM ENSINO MEDIO DOM HELDER CAMARA,Lagoa Grande,2023,3.1,0.029124857857823372,3.0708751421421767,1.355974871273603
26111284,ESCOLA VILA JOAO DE DEUS,Jaboatão dos Guararapes,2022,5.9,2.868285655975342,3.0317143440246586,1.3386830389038469
26025981,ESCOLA GENERAL JOAQUIM INACIO,Custódia,2022,4.3,1.3829485177993774,2.9170514822006224,1.2880525338832973
26093600,ESCOLA PAROQUIAL DE MENORES,Glória do Goitá,2023,3.0,0.10301521420478821,2.896984785795212,1.279191888361828
26123258,ESCOLA DE REFERENCIA EM ENSINO MEDIO MARTINS JUNIOR,Recife,2023,3.0,0.16821303963661194,2.831786960363388,1.2504031526252246
26049422,ESCOLA CONEGO EMANUEL VASCONCELOS,Venturosa,2022,3.7,0.9148110747337341,2.785188925266266,1.229827335726871
26149907,ESCOLA DE REFERENCIA EM ENSINO FUNDAMENTAL E MEDIO JUAZEIRO,Tacaratu,2022,2.9,0.11652988940477371,2.783470110595226,1.229068376344146
26154803,ESCOLA DE REFERENCIA EM ENSINO MEDIO ELVIRA GRANJA DE SOUZA,Santa Cruz,2023,4.5,1.7464194297790527,2.7535805702209473,1.2158703582595787
26122855,ESCOLA DEBORA FEIJO,Recife,2022,3.4,0.6471142768859863,2.7528857231140136,1.2155635417422124
26089505,ESCOLA DE REFERENCIA EM ENSINO MEDIO FREI ORLANDO,Itambé,2023,2.8,0.07735637575387955,2.7226436242461203,1.2022098480160555
26051176,ESCOLA DE REFERENCIA EM ENSINO FUNDAMENTAL E ENSINO MEDIO EURICO QUEIROZ,Bezerros,2022,3.7,1.0107715129852295,2.6892284870147707,1.1874550682517886
26190028,ESCOLA ESTADUAL PAULO DANTAS FILHO,Buíque,2023,2.7,0.07545669376850128,2.624543306231499,1.158892695759913
26121859,ESCOLA DE REFERENCIA EM ENSINO MEDIO ANIBAL FERNANDES,Recife,2023,4.7,2.1176564693450928,2.5823435306549074,1.1402589732519615
26089947,ESCOLA SEVERINO GOUVEIA DE LIMA,Itaquitinga,2023,4.7,2.118492841720581,2.581507158279419,1.139889664871876
26108925,ESCOLA DE REFERENCIA EM ENSINO MEDIO NESTOR GOMES DE MOURA,Jaboatão dos Guararapes,2023,2.8,0.23194250464439392,2.568057495355606,1.1339508350244765
26039770,ESCOLA DE REFERENCIA EM ENSINO FUNDAMENTAL E ENSINO MEDIO DOUTOR ALIPIO LUSTOSA,Belém do São Francisco,2022,2.6,0.05248617008328438,2.5475138299167157,1.1248795791740822
26178079,ESCOLA ESTADUAL FERNANDO SOARES LYRA,Cabo de Santo Agostinho,2023,2.7,0.18375961482524872,2.5162403851747515,1.111070484617836
26125641,ESCOLA DE REFERENCIA EM ENSINO MEDIO JOSE VILELA,Recife,2022,3.5,0.9893681406974792,2.5106318593025208,1.1085939853153188
26074079,ESCOLA DE REFERENCIA EM ENSINO MEDIO AUGUSTA CORDEIRO DE MELO,Calçado,2023,3.3,0.8609068393707275,2.4390931606292723,1.077005375152266
26111357,ESCOLA ZEQUINHA BARRETO,Jaboatão dos Guararapes,2022,3.3,0.8700881600379944,2.4299118399620054,1.0729512734601878
26107600,ESCOLA FREI CANECA,Camaragibe,2022,2.9,0.48383012413978577,2.416169875860214,1.066883375176647
26042479,ESCOLA PANKARARUS,Jatobá,2022,13.0,10.626175880432129,2.373824119567871,1.0481851934598096
26140144,ESCOLA DE REFERENCIA EM ENSINO MEDIO PAU BRASIL,Santa Maria da Boa Vista,2022,3.3,0.990716278553009,2.309283721446991,1.0196867511646732
26041200,ESCOLA DE REFERENCIA EM ENSINO FUNDAMENTAL E MEDIO TRES MARIAS,Floresta,2023,3.9,1.639890432357788,2.260109567642212,0.9979734239243772
26023334,ESCOLA DE REFERENCIA EM FUNDAMENTAL E MEDIO PEDRO PIRES FERREIRA,Tabira,2023,2.2,0.02641483023762703,2.173585169762373,0.9597677321112946
26109115,ESCOLA SOUZA BRANDAO,Jaboatão dos Guararapes,2022,2.5,0.3358847200870514,2.1641152799129486,0.9555862098822302
26125978,ESCOLA DE REFERENCIA EM ENSINO MEDIO ALVARO LINS,Recife,2023,2.4,0.2401643842458725,2.1598356157541274,0.9536964824305294
26065606,ESCOLA JOSE BEZERRA DE ANDRADE,Taquaritinga do Norte,2023,3.5,1.3448712825775146,2.1551287174224854,0.9516181055627242
26122847,ESCOLA DE REFERENCIA EM ENSINO MEDIO AMAURY DE MEDEIROS,Recife,2022,2.2,0.050933606922626495,2.1490663930773737,0.948941227118312
26056550,ESCOLA AARAO LINS DE ANDRADE,Gravatá,2022,2.3,0.15990298986434937,2.1400970101356505,0.9449807085961155
26079593,ESCOLA DE REFERENCIA EM ENSINO MEDIO REGINA PACIS - GARANHUNS,Palmeirina,2022,2.2,0.06284379214048386,2.1371562078595163,0.9436821686675139
26121344,ESCOLA DE REFERENCIA EM ENSINO MEDIO LUIZ DELGADO,Recife,2022,4.1,1.9665415287017822,2.1334584712982174,0.9420493970224207
26095297,ESCOLA DE REFERENCIA EM ENSINO MEDIO PROFESSORA AMELIA COELHO,Vitória de Santo Antão,2023,2.3,0.16946779191493988,2.13053220808506,0.9407572769588853
26019825,ESCOLA DE REFERENCIA EM ENSINO MEDIO EDSON SIMOES,São José do Egito,2023,2.7,0.5837805271148682,2.116219472885132,0.9344373491298571
26044412,ESCOLA JOAO RODRIGUES CARDOSO,Águas Belas,2022,2.5,0.3955056667327881,2.104494333267212,0.9292599993685824
26108925,ESCOLA DE REFERENCIA EM ENSINO MEDIO NESTOR GOMES DE MOURA,Jaboatão dos Guararapes,2022,2.3,0.19674637913703918,2.1032536208629606,0.9287121507050029
26107678,ESCOLA MINISTRO JARBAS PASSARINHO,Camaragibe,2022,2.9,0.8364211320877075,2.0635788679122924,0.9111933765657306
26019825,ESCOLA DE REFERENCIA EM ENSINO MEDIO EDSON SIMOES,São José do Egito,2022,2.4,0.36483851075172424,2.0351614892482757,0.8986454058432891
26027917,ESCOLA DE REFERENCIA EM ENSINO MEDIO ANTONIO GUILHERME DIAS LIMA,Inajá,2023,2.1,0.06812481582164764,2.0318751841783524,0.8971943057861743
26047187,ESCOLA DE REFERENCIA EM ENSINO MEDIO PEDRO DE ALCANTARA RAMOS,Itaíba,2022,2.1,0.06853767484426498,2.031462325155735,0.8970120038578526
26050064,ESCOLA FREI CASSIANO COMACCHIO,Belo Jardim,2023,6.0,3.9756858348846436,2.0243141651153564,0.8938556640713271
26185725,ESCOLA ESTADUAL LUIZ GOMES DINIZ,Bodocó,2022,2.8,0.8403695225715637,1.959630477428436,0.8652939508707085
26124920,ESCOLA DE REFERENCIA EM ENSINO FUNDAMENTAL E MEDIO SAO FRANCISCO DE ASSIS,Recife,2022,2.0,0.049100179225206375,1.9508998207747936,0.8614388442694683
26075687,ESCOLA DE REFERENCIA EM ENSINO MEDIO DOM JOAO DA MATA AMARAL,Garanhuns,2022,3.8,1.8591790199279785,1.9408209800720213,0.8569884338516109
26027186,ESCOLA INDIGENA PEDRO FERREIRA DE QUEIROZ,Ibimirim,2022,12.3,10.384064674377441,1.9159353256225593,0.8459999304033302
26053853,ESCOLA DE REFERENCIA EM ENSINO MEDIO NICANOR SOUTO MAIOR,Caruaru,2023,2.0,0.09716067463159561,1.9028393253684044,0.8402172637572226
26035502,ESCOLA ANTONIO NUNES DOS SANTOS,Petrolina,2023,1.9,0.017931988462805748,1.8820680115371942,0.8310454875387954
26176220,ESCOLA TECNICA ESTADUAL CELIA DE SOUZA LEAO ARRAES DE ALENCAR,Bonito,2022,1.9,0.029133722186088562,1.8708662778139113,0.826099252755419
26088134,ESCOLA SAO JOSE,Carpina,2022,2.0,0.12928573787212372,1.8707142621278763,0.8260321287465414
26012081,ESCOLA DE REFERENCIA EM ENSINO FUNDAMENTAL E ENSINO MEDIO AGRICOLA DE UMAS,Salgueiro,2023,2.0,0.1400415152311325,1.8599584847688675,0.8212828103455153
26093219,ESCOLA DE REFERENCIA EM ENSINO MEDIO JOAO BATISTA DE VASCONCELOS - CHA GRANDE,Chã Grande,2022,2.1,0.24797914922237396,1.8520208507776261,0.8177778706357288
26091828,ESCOLA DE REFERENCIA EM ENSINO MEDIO PROFESSOR JOSE MENDES DA SILVA,Timbaúba,2022,4.5,2.684485673904419,1.815514326095581,0.8016580585902767
26011506,ESCOLA JOSE PEDRO PEREIRA,Salgueiro,2022,6.6,4.807161331176758,1.7928386688232418,0.7916454009511076
26129817,ESCOLA DE REFERENCIA EM ENSINO MEDIO DESEMBARGADOR ANTONIO DA SILVA GUIMARAES,Cabo de Santo Agostinho,2023,1.8,0.0149108050391078,1.7850891949608922,0.7882235451814824
26024047,ESCOLA MONSENHOR LUIZ SAMPAIO,Triunfo,2022,2.5,0.7191106677055359,1.7808893322944641,0.7863690548571041
26188643,ESCOLA ESTADUAL INDIGENA ANANIAS DE SENA,Carnaubeira da Penha,2022,8.7,6.930688381195068,1.769311618804931,0.7812568025407625
26068877,ESCOLA DE REFERENCIA EM ENSINO MEDIO NOSSA SENHORA AUXILIADORA,João Alfredo,2022,1.8,0.04279913753271103,1.757200862467289,0.7759091799557216
26131528,ESCOLA DE REFERENCIA EM ENSINO MEDIO ALBERTINA DA COSTA SOARES,Ipojuca,2023,1.9,0.17332670092582703,1.7266732990741729,0.7624294365841296
26020971,ESCOLA DE REFERENCIA EM ENSINO MEDIO CORNELIO SOARES,Serra Talhada,2022,2.5,0.7951921820640564,1.7048078179359436,0.7527745201191564
26125943,ESCOLA DE REFERENCIA EM ENSINO FUNDAMENTAL E MEDIO MONSENHOR MANOEL MARQUES,Recife,2022,4.0,2.30733323097229,1.69266676902771,0.7474135215541075
26043505,ESCOLA DE REFERENCIA EM ENSINO MEDIO JULIA GOMES DE ARAUJO,Tacaratu,2022,1.7,0.027665335685014725,1.6723346643149852,0.7384356824058422
26040956,ESCOLA TECNICA ESTADUAL DEPUTADO AFONSO FERRAZ,Floresta,2023,1.7,0.03830007091164589,1.661699929088354,0.7337398113389708
26052083,ESCOLA DE REFERENCIA EM ENSINO MEDIO ANDRE CORDEIRO,Brejo da Madre de Deus,2022,4.0,2.3392622470855713,1.6607377529144287,0.7333149530646385
26118742,ESCOLA DE REFERENCIA EM ENSINO MEDIO SENADOR PAULO PESSOA GUERRA,Recife,2023,1.7,0.04087519645690918,1.6591248035430908,0.7326027395375703
26021927,ESCOLA DE REFERENCIA EM ENSINO MEDIO IRNERO IGNACIO,Serra Talhada,2022,3.1,1.4483706951141357,1.6516293048858643,0.7292930289969541
26126044,ESCOLA DE REFERENCIA EM ENSINO MEDIO CLOTILDE DE OLIVEIRA,Recife,2022,2.2,0.5521009564399719,1.6478990435600283,0.7276458957248443
26001900,ESCOLA JOAO CARLOS LOCIO DE ALMEIDA,Bodocó,2022,1.9,0.2612694501876831,1.6387305498123168,0.7235974578842054
26020882,ESCOLA DE REFERENCIA EM ENSINO FUNDAMENTAL E ENSINO MEDIO METHODIO DE GODOY LIMA,Serra Talhada,2023,1.7,0.06742174178361893,1.632578258216381,0.7208808535226822
26042169,ESCOLA LOGRADOURO,Petrolândia,2022,14.0,12.373815536499023,1.6261844635009766,0.7180576111032191
26126133,ESCOLA DE REFERENCIA EM ENSINO MEDIO DOM VITAL,Recife,2023,1.8,0.20402193069458008,1.59597806930542,0.7047196831233835
26178087,ESCOLA DE REFERENCIA EM ENSINO MEDIO CABO DE SANTO AGOSTINHO,Cabo de Santo Agostinho,2023,1.6,0.02210804633796215,1.577891953662038,0.6967335823552921
26014572,ESCOLA CONEGO JOAO LEITE GONCALVES DE ANDRADE,Afogados da Ingazeira,2022,2.1,0.5384253263473511,1.561574673652649,0.6895285282140052
26129124,ESCOLA DONA LEONOR PORTO,São Lourenço da Mata,2023,2.6,1.0398460626602173,1.5601539373397828,0.6889011882376854
26083493,ESCOLA PE JOSE AUGUSTO,Bonito,2022,1.6,0.04666301980614662,1.5533369801938535,0.6858910943196432
26100940,ESCOLA DE REFERENCIA EM ENSINO MEDIO MIGUEL PELLEGRINO,Jaqueira,2023,1.6,0.06625828891992569,1.5337417110800744,0.6772386121169337
26111870,ESCOLA DE REFERENCIA EM ENSINO MEDIO CARDEAL DOM JAIME CAMARA,Moreno,2023,1.9,0.3813704550266266,1.5186295449733733,0.6705656877736454
26040530,ESCOLA ESTADUAL INDIGENA TIA AMELIA CAXIADO,Carnaubeira da Penha,2022,7.3,5.781726837158203,1.5182731628417967,0.670408323767419
26102633,ESCOLA DE REFERENCIA EM ENSINO MEDIO PADRE AMERICO NOVAIS,Ribeirão,2022,1.6,0.08587855845689774,1.5141214415431024,0.6685750907335178
26426714,ESCOLA INDIGENA CAPITAO DENA,Cabrobó,2022,7.3,5.7878098487854,1.5121901512145994,0.6677223106518253
26126010,ESCOLA DE REFERENCIA EM ENSINO FUNDAMENTAL E MEDIO CAIO PEREIRA,Recife,2023,3.2,1.6910395622253418,1.5089604377746584,0.6662961991809044
26051737,ESCOLA DE REFERENCIA EM ENSINO MEDIO PROFESSORA MARIA ANA,Bezerros,2022,1.8,0.3179370164871216,1.4820629835128785,0.6544193659030909
26063905,ESCOLA DE REFERENCIA EM ENSINO MEDIO LUIZ ALVES DA SILVA,Santa Cruz do Capibaribe,2022,1.5,0.024947918951511383,1.4750520810484886,0.6513236335380064
26127741,ESCOLA DE REFERENCIA EM ENSINO MEDIO PROFESSORA HELENA PUGO,Recife,2023,1.5,0.03659685328602791,1.463403146713972,0.6461799329628987
26111870,ESCOLA DE REFERENCIA EM ENSINO MEDIO CARDEAL DOM JAIME CAMARA,Moreno,2022,1.7,0.23983649909496307,1.4601635009050369,0.6447494357575716
26124645,ESCOLA DE REFERENCIA EM ENSINO FUNDAMENTAL E MEDIO JORNALISTA COSTA PORTO,Recife,2022,1.5,0.04778222367167473,1.4522177763283253,0.6412409235708578
26095572,ESCOLA OLIVIA CARNEIRO DE CARVALHO,Vitória de Santo Antão,2022,1.5,0.05707099288702011,1.4429290071129799,0.6371393769243596
26035251,ESCOLA FRANCISCO XAVIER DOS SANTOS,Petrolina,2023,1.5,0.061438921838998795,1.4385610781610012,0.6352106752923355
26155435,ESCOLA JOAQUIM ROSENO DOS SANTOS,Floresta,2023,12.7,11.267125129699707,1.4328748703002923,0.6326998747501223
26018314,ESCOLA DE REFERENCIA EM ENSINO MEDIO TERESA TORRES,Itapetim,2023,4.0,2.588594675064087,1.411405324935913,0.623219787587914
26052776,ESCOLA DE REFERENCIA EM ENSINO MEDIO CORSINA BRAGA,Cachoeirinha,2023,2.2,0.813403844833374,1.3865961551666262,0.6122650566961699
26008181,ESCOLA DE REFERENCIA EM ENSINO MEDIO PRESIDENTE MEDICI - MOREILANDIA,Moreilândia,2023,1.5,0.15720142424106598,1.342798575758934,0.5929258083221665
26125781,ESCOLA DE REFERENCIA EM ENSINO MEDIO SILVA JARDIM,Recife,2023,1.4,0.06831798702478409,1.3316820129752158,0.5880171815978829
26040824,ESCOLA ESTADUAL INDIGENA ESPECIOSA BENIGNA DE BARROS,Carnaubeira da Penha,2023,4.4,3.077463388442993,1.3225366115570072,0.5839789404005705
26010607,ESCOLA EUCLIDES DA CUNHA,Parnamirim,2022,1.9,0.5821753144264221,1.3178246855735778,0.5818983435240807
26046210,ESCOLA ESTADUAL INDIGENA BARAO DO RIO BRANCO,Buíque,2023,7.8,6.511308670043945,1.2886913299560545,0.5690342261944252
26035561,ESCOLA DOM ANTONIO CAMPELO,Petrolina,2022,2.1,0.8197139501571655,1.2802860498428346,0.5653227927782195
26079739,ESCOLA DE REFERENCIA EM ENSINO MEDIO NARCISO CORREIA,Paranatama,2022,1.7,0.4289795160293579,1.271020483970642,0.5612314917942078
26084040,ESCOLA DE REFERENCIA EM ENSINO MEDIO EZEQUIEL BERTINO,Cupira,2023,1.3,0.0652088075876236,1.2347911924123764,0.5452340947385973
26014190,ESCOLA DE REFERENCIA EM ENSINO MEDIO ANISIO VERAS,Verdejante,2023,1.5,0.31481075286865234,1.1851892471313477,0.5233318719994321
26036118,ESCOLA DE REFERENCIA EM ENSINO FUNDAMENTAL E MEDIO JESUINO ANTONIO DAVILA,Petrolina,2023,1.4,0.23024803400039673,1.1697519659996032,0.5165153899457757
26091836,ESCOLA PROFESSORA ELISABETH LYRA,Timbaúba,2022,1.2,0.04909544438123703,1.150904555618763,0.5081931320609524
26101610,ESCOLA MAQUINISTA AMARO MONTEIRO,Palmares,2023,1.2,0.06702327728271484,1.1329767227172851,0.5002769225813843
26134213,ESCOLA TECNICA ESTADUAL MARIA EMILIA CANTARELLI,Belém do São Francisco,2022,1.3,0.17450176179409027,1.1254982382059098,0.49697472480281885
26062410,ESCOLA DE REFERENCIA EM ENSINO MEDIO AGAMENON MAGALHAES,São Caitano,2023,1.2,0.079552061855793,1.120447938144207,0.49474471555168287
26018977,ESCOLA TOME FRANCISCO DA SILVA,Quixaba,2022,1.6,0.48746323585510254,1.1125367641448975,0.49125145950941557
26127512,ESCOLA DE REFERENCIA EM ENSINO FUNDAMENTAL E MEDIO SENADOR NOVAES FILHO,Recife,2022,1.4,0.2883327007293701,1.1116672992706298,0.490867538813721
26078872,ESCOLA JORNALISTA MANUEL AMARAL,Lajedo,2022,1.2,0.09846438467502594,1.101535615324974,0.48639379494655366
26031892,ESCOLA ESTADUAL INDIGENA MILITAO PRIMO DOS SANTOS,Cabrobó,2022,5.0,3.926286220550537,1.073713779449463,0.4741087919510965
26054884,ESCOLA DE REFERENCIA EM ENSINO MEDIO PROFESSORA ADELIA LEAL FERREIRA,Caruaru,2023,1.1,0.026690009981393814,1.0733099900186063,0.4739304947894784
26039770,ESCOLA DE REFERENCIA EM ENSINO FUNDAMENTAL E ENSINO MEDIO DOUTOR ALIPIO LUSTOSA,Belém do São Francisco,2023,2.0,0.9331165552139282,1.0668834447860718,0.47109279105973934
26054043,ESCOLA DE REFERENCIA EM ENSINO MEDIO DOM MIGUEL DE LIMA VALVERDE,Caruaru,2023,1.1,0.04613761231303215,1.053862387686968,0.4653432162947142
26095297,ESCOLA DE REFERENCIA EM ENSINO MEDIO PROFESSORA AMELIA COELHO,Vitória de Santo Antão,2022,1.2,0.15105144679546356,1.0489485532045364,0.46317346475114385
26094800,ESCOLA DE REFERENCIA EM ENSINO MEDIO ANTONIO DIAS CARDOSO,Vitória de Santo Antão,2022,1.1,0.0627998411655426,1.0372001588344575,0.45798584662723457
26124440,ESCOLA DE REFERENCIA EM ENSINO MEDIO ASSIS CHATEAUBRIAND,Recife,2022,1.2,0.16764165461063385,1.032358345389366,0.45584789667517017
26113562,ESCOLA DE REFERENCIA EM ENSINO FUNDAMENTAL E MEDIO JERONIMO DE ALBUQUERQUE,Olinda,2023,1.9,0.8823229074478149,1.017677092552185,0.44936524628901836
26001225,ESCOLA SAO JOAO BATISTA - ARARIPINA,Araripina,2023,3.8,2.785092830657959,1.0149071693420408,0.4481421596787002
26050200,ESCOLA DE REFERENCIA EM ENSINO MEDIO PROFESSORA MARIA GALVAO,Belo Jardim,2023,1.5,0.49981623888015747,1.0001837611198425,0.441640895171125
26191261,ESCOLA TECNICA ESTADUAL MARIA FERREIRA MARTINS,Itaíba,2023,1.2,0.20050184428691864,0.9994981557130813,0.44133815941661003
26169029,ESCOLA DE REFERENCIA EM ENSINO MEDIO RAIMUNDO DE CASTRO FERREIRA,Santa Filomena,2023,1.3,0.3141874074935913,0.9858125925064087,0.43529516549842373
26090759,ESCOLA BRIGADEIRO EDUARDO GOMES,Macaparana,2022,1.2,0.22595739364624023,0.9740426063537597,0.43009801331232184
26037904,ESCOLA DE REFERENCIA EM ENSINO MEDIO PADRE MAURILO SAMPAIO,Santa Maria da Boa Vista,2023,1.0,0.03318989649415016,0.9668101035058498,0.42690443113648013
26191261,ESCOLA TECNICA ESTADUAL MARIA FERREIRA MARTINS,Itaíba,2022,1.3,0.3484363257884979,0.9515636742115021,0.4201722215731295
26111926,ESCOLA DE REFERENCIA EM ENSINO MEDIO MARIA DO CEU BANDEIRA,Moreno,2023,1.0,0.058130767196416855,0.9418692328035831,0.41589154641321324
26099322,ESCOLA DE REFERENCIA EM ENSINO MEDIO PROFESSOR ERALDO CAMPOS,Escada,2023,1.0,0.060143161565065384,0.9398568384349346,0.4150029540515334
26072149,ESCOLA DE REFERENCIA EM ENSINO MEDIO CORONEL JOSE ABILIO,Bom Conselho,2023,1.0,0.06163322925567627,0.9383667707443237,0.41434500012913605
26019493,ESCOLA DE REFERENCIA EM ENSINO MEDIO SANTA TEREZINHA,Santa Terezinha,2023,1.0,0.06415621191263199,0.935843788087368,0.4132309525286515
26078805,ESCOLA DE REFERENCIA EM ENSINO MEDIO DEOLINDA AMARAL,Lajedo,2022,1.3,0.3759411573410034,0.9240588426589966,0.40802719492844675
26126133,ESCOLA DE REFERENCIA EM ENSINO MEDIO DOM VITAL,Recife,2022,1.1,0.19914011657238007,0.90085988342762,0.39778346820515714
26123703,ESCOLA DE REFERENCIA EM ENSINO MEDIO ANIBAL FALCAO,Recife,2023,1.0,0.10169976949691772,0.8983002305030823,0.3966532284903526
26009315,ESCOLA DE REFERENCIA EM ENSINO MEDIO PROFESSOR MANOEL JOAQUIM LEITE,Cedro,2023,1.0,0.12069208920001984,0.8793079107999802,0.38826698448088887
26055040,ESCOLA SANTO AMARO,Caruaru,2022,4.1,3.2230052947998047,0.876994705200195,0.3872455659860913
26082861,ESCOLA DE REFERENCIA EM ENSINO MEDIO LEOBALDO SOARES DA SILVA,Barra de Guabiraba,2023,0.9,0.02992635779082775,0.8700736422091723,0.38418950311673544
26078872,ESCOLA JORNALISTA MANUEL AMARAL,Lajedo,2023,1.4,0.5417627096176147,0.8582372903823852,0.37896304651990986
26081059,ESCOLA DE REFERENCIA EM ENSINO MEDIO JOAO FERNANDES DA SILVA,São João,2022,1.1,0.247755229473114,0.8522447705268861,0.3763169909287351
26024675,ESCOLA DE REFERENCIA EM ENSINO MEDIO SENADOR VITORINO FREIRE,Arcoverde,2023,1.0,0.1585511416196823,0.8414488583803177,0.37154995062080115
26023245,ESCOLA DE REFERENCIA EM ENSINO FUNDAMENTAL E MEDIO ARNALDO ALVES CAVALCANTI,Tabira,2022,1.2,0.36118361353874207,0.8388163864612579,0.37038755696871395
26082020,ESCOLA DE REFERENCIA EM ENSINO MEDIO JOSE LINS DE FIGUEIREDO,Altinho,2022,1.6,0.7683562636375427,0.8316437363624574,0.36722040335802464
26111403,ESCOLA DE REFERENCIA EM ENSINO MEDIO ADELAIDE PESSOA CAMARA,Jaboatão dos Guararapes,2022,0.9,0.07277721911668777,0.8272227808833122,0.36526828734572775
26016540,ESCOLA DE REFERENCIA EM ENSINO MEDIO AIRES GAMA,Flores,2022,1.8,0.983906090259552,0.816093909740448,0.36035422574541176
26103370,ESCOLA DE REFERENCIA EM ENSINO MEDIO JOAQUIM SILVERIO PIMENTEL,Rio Formoso,2023,1.4,0.5881508588790894,0.8118491411209106,0.35847990675944075
26120992,ESCOLA DE REFERENCIA EM ENSINO FUNDAMENTAL E MEDIO LICEU DE ARTES E OFICIOS,Recife,2022,0.9,0.10035517811775208,0.799644821882248,0.35309097056287386
26009617,ESCOLA FRANCISCO ALVES DE CARVALHO,Mirandiba,2023,0.9,0.10825397819280624,0.7917460218071938,0.34960317834755245
26090902,ESCOLA DE REFERENCIA EM ENSINO MEDIO DON VIEIRA,Nazaré da Mata,2023,0.8,0.012520750053226948,0.7874792499467731,0.34771914361595735
26111209,ESCOLA DE REFERENCIA EM ENSINO MEDIO PROFESSOR BENEDITO CUNHA MELO,Jaboatão dos Guararapes,2023,0.8,0.012892612256109715,0.7871073877438903,0.3475549442332584
26123282,ESCOLA DE REFERENCIA EM ENSINO MEDIO JOAQUIM TAVORA,Recife,2022,0.8,0.014092512428760529,0.7859074875712395,0.3470251166086105
26060124,ESCOLA DE REFERENCIA EM ENSINO MEDIO MANOEL BACELAR,Riacho das Almas,2022,0.8,0.02812262251973152,0.7718773774802685,0.34082998465307035
26094878,ESCOLA MADRE LUCILA MAGALHAES,Vitória de Santo Antão,2023,0.9,0.15307661890983582,0.7469233810901642,0.3298113041543153
26048078,ESCOLA AMALIA CAVALCANTI DA COSTA LIMA,Pedra,2023,0.9,0.15570716559886932,0.7442928344011307,0.3286497606063242
26037700,ESCOLA SANTA MARIA,Lagoa Grande,2023,1.2,0.4694273769855499,0.73057262301445,0.32259146744630895
26076047,ESCOLA SIMOA GOMES,Garanhuns,2023,0.8,0.07361830025911331,0.7263816997408867,0.3207409243980418
26108984,ESCOLA DE REFERENCIA EM ENSINO MEDIO POETA MAURO MOTA,Jaboatão dos Guararapes,2023,0.8,0.09081782400608063,0.7091821759939194,0.313146306929325
26064006,ESCOLA PROFESSORA MARIA LUCIA ALVES,Santa Cruz do Capibaribe,2022,1.2,0.4909897446632385,0.7090102553367614,0.31307039368630185
26107678,ESCOLA MINISTRO JARBAS PASSARINHO,Camaragibe,2023,1.3,0.5912529826164246,0.7087470173835755,0.3129541584005401
26037726,ESCOLA DE REFERENCIA EM ENSINO FUNDAMENTAL E MEDIO ANTONIO DE AMORIM COELHO,Lagoa Grande,2023,2.3,1.6003353595733643,0.6996646404266356,0.3089437462688199
26018977,ESCOLA TOME FRANCISCO DA SILVA,Quixaba,2023,1.1,0.4029344320297241,0.697065567970276,0.30779610047525485
26110881,ESCOLA DE REFERENCIA EM ENSINO MEDIO AUGUSTO SEVERO,Jaboatão dos Guararapes,2023,0.7,0.010934657417237759,0.6890653425827622,0.30426352292394926
26053845,ESCOLA TECNICA ESTADUAL DE CARUARU NELSON BARBALHO,Caruaru,2022,0.7,0.0124030327424407,0.6875969672575593,0.30361514747707763
26178222,ESCOLA DE REFERENCIA EM ENSINO MEDIO DOS PALMARES DOM ACACIO RODRIGUES ALVES,Palmares,2023,0.7,0.013129993341863155,0.6868700066581368,0.3032941509338788
26024047,ESCOLA MONSENHOR LUIZ SAMPAIO,Triunfo,2023,1.6,0.9158275723457336,0.6841724276542664,0.30210300861346134
26110016,ESCOLA DE REFERENCIA EM ENSINO MEDIO FREI JABOATAO,Jaboatão dos Guararapes,2023,0.7,0.016172120347619057,0.6838278796523809,0.301950870082626
26054965,ESCOLA PROFESSOR JOSE BIONE DE ARAUJO,Caruaru,2022,1.9,1.2204673290252686,0.6795326709747314,0.30005427879702057
26124696,ESCOLA DE REFERENCIA EM ENSINO MEDIO MARIA RITA DA SILVA LESSA,Recife,2022,1.3,0.6239098906517029,0.6760901093482972,0.2985341821333056
26113660,ESCOLA MARECHAL MASCARENHAS DE MORAES,Olinda,2022,0.7,0.032933514565229416,0.6670664854347705,0.29454971298096155
26104083,ESCOLA DE REFERENCIA EM ENSINO MEDIO ELOY MALTA DE ALENCAR,São Benedito do Sul,2022,0.7,0.03677130490541458,0.6632286950945854,0.29285509922376485
26004488,ESCOLA NOSSA SENHORA DO SOCORRO,Ipubi,2023,2.7,2.0562684535980225,0.6437315464019777,0.2842459430500564
26169223,ESCOLA ESTADUAL DOUTOR CAETANO MONTEIRO,Rio Formoso,2023,0.7,0.06346441805362701,0.6365355819463729,0.28106849475772
26035138,ESCOLA PROFESSORA WILMA WZELY CUNHA COELHO AMORIM,Petrolina,2022,1.1,0.4645320475101471,0.635467952489853,0.2805970725579028
26099853,ESCOLA DE REFERENCIA EM ENSINO MEDIO DOUTOR JAIME MONTEIRO,Gameleira,2022,0.7,0.09643669426441193,0.603563305735588,0.2665092645965978
26093219,ESCOLA DE REFERENCIA EM ENSINO MEDIO JOAO BATISTA DE VASCONCELOS - CHA GRANDE,Chã Grande,2023,1.1,0.5012509822845459,0.5987490177154542,0.26438346876439694
26061023,ESCOLA DE REFERENCIA EM ENSINO MEDIO NOSSA SENHORA DE FATIMA,Sanharó,2023,0.6,0.013583621010184288,0.5864163789898157,0.2589378718467717
26056577,ESCOLA DE REFERENCIA EM ENSINO MEDIO PROFESSOR ANTONIO FARIAS,Gravatá,2023,0.6,0.017390314489603043,0.5826096855103969,0.25725698921175444
26122839,ESCOLA DE REFERENCIA EM ENSINO MEDIO OTHON PARAISO,Recife,2023,0.7,0.1221204400062561,0.5778795599937439,0.25516835615385763
26016729,ESCOLA DE REFERENCIA EM ENSINO FUNDAMENTAL E ENSINO MEDIO DARIO GOMES DE LIMA,Flores,2022,0.7,0.12276662886142731,0.5772333711385726,0.2548830251621528
26052776,ESCOLA DE REFERENCIA EM ENSINO MEDIO CORSINA BRAGA,Cachoeirinha,2022,2.9,2.325019598007202,0.5749804019927978,0.25388820466114914
26113856,ESCOLA DE REFERENCIA EM ENSINO MEDIO PROFESSOR ESTEVAO PINTO,Olinda,2023,0.6,0.026543455198407173,0.5734565448015928,0.25321533065519325
26127695,ESCOLA DE REFERENCIA EM ENSINO FUNDAMENTAL E MEDIO JOAQUIM XAVIER DE BRITO,Recife,2022,0.6,0.027544111013412476,0.5724558889865875,0.25277348132002475
26125013,ESCOLA DE REFERENCIA EM ENSINO FUNDAMENTAL E ENSINO MEDIO GERCINO DE PONTES,Recife,2022,0.6,0.02849455550312996,0.57150544449687,0.2523538032852811
26127431,ESCOLA DE REFERENCIA EM ENSINO FUNDAMENTAL E MEDIO PROFESSOR LEAL DE BARROS,Recife,2023,0.6,0.03521139547228813,0.5647886045277118,0.24938791708315075
26005115,ESCOLA DE REFERENCIA EM ENSINO MEDIO FERNANDO BEZERRA,Ouricuri,2023,0.6,0.039287712424993515,0.5607122875750065,0.24758797957368908
26035049,ESCOLA DE REFERENCIA EM ENSINO MEDIO PADRE MANOEL DE PAIVA NETTO,Petrolina,2023,0.7,0.14634352922439575,0.5536564707756042,0.24447241484590093
26071606,ESCOLA DE REFERENCIA EM ENSINO MEDIO CORONEL JOAO FRANCISCO,São Vicente Férrer,2023,0.6,0.049419473856687546,0.5505805261433124,0.2431142014918057
26089505,ESCOLA DE REFERENCIA EM ENSINO MEDIO FREI ORLANDO,Itambé,2022,0.8,0.25192952156066895,0.5480704784393311,0.2420058654459701
26015625,ESCOLA DE REFERENCIA EM ENSINO MEDIO ANTONIO GOMES DE LIMA,Calumbi,2023,0.7,0.16533446311950684,0.5346655368804931,0.2360867827534723
26123703,ESCOLA DE REFERENCIA EM ENSINO MEDIO ANIBAL FALCAO,Recife,2022,0.6,0.06874016672372818,0.5312598332762718,0.23458296110896593
26179873,ESCOLA DE REFERENCIA EM ENSINO MEDIO DE BELO JARDIM,Belo Jardim,2022,0.8,0.28453782200813293,0.5154621779918671,0.22760735233323678
26103370,ESCOLA DE REFERENCIA EM ENSINO MEDIO JOAQUIM SILVERIO PIMENTEL,Rio Formoso,2022,1.3,0.7854461669921875,0.5145538330078125,0.2272062637458427
26011506,ESCOLA JOSE PEDRO PEREIRA,Salgueiro,2023,3.3,2.7893664836883545,0.5106335163116453,0.22547520967122836
26126290,ESCOLA MARIA AMALIA,Recife,2022,2.6,2.091714382171631,0.5082856178283692,0.22443847219534294
26006138,ESCOLA DOM IDILIO JOSE SOARES,Ouricuri,2022,0.8,0.3074359893798828,0.49256401062011723,0.21749644318938582
26125781,ESCOLA DE REFERENCIA EM ENSINO MEDIO SILVA JARDIM,Recife,2022,0.5,0.011840608902275562,0.48815939109772444,0.21555154047812827
26113562,ESCOLA DE REFERENCIA EM ENSINO FUNDAMENTAL E MEDIO JERONIMO DE ALBUQUERQUE,Olinda,2022,0.9,0.41572025418281555,0.48427974581718447,0.21383844526377915
26126150,ESCOLA ERUNDINA NEGREIROS DE ARAUJO,Recife,2022,1.8,1.3190664052963257,0.48093359470367436,0.21236091960240083
26054140,ESCOLA DE REFERENCIA EM ENSINO MEDIO MARIA AUXILIADORA LIBERATO,Caruaru,2023,0.5,0.021017882972955704,0.4789821170270443,0.21149922560024226
26075733,ESCOLA DUQUE DE CAXIAS,Garanhuns,2023,0.5,0.02255222387611866,0.47744777612388134,0.2108217224090168
26070782,ESCOLA DE REFERENCIA EM ENSINO MEDIO CONEGO FERNANDO PASSOS,Passira,2022,0.5,0.032700665295124054,0.46729933470487595,0.20634057911604523
26114496,ESCOLA DE REFERENCIA EM ENSINO MEDIO CAPITAO LUIZ REIS,Olinda,2022,0.5,0.03541656211018562,0.4645834378898144,0.20514134838743067
26179474,ESCOLA DE REFERENCIA EM ENSINO MEDIO JOSIAS INOJOSA DE OLIVEIRA,Araripina,2023,0.5,0.03790992498397827,0.46209007501602173,0.20404037969110297
26090406,ESCOLA DE REFERENCIA EM ENSINO MEDIO CREUSA DE FREITAS CAVALCANTI,Macaparana,2022,0.5,0.038160767406225204,0.4618392325937748,0.2039296177729291
26044412,ESCOLA JOAO RODRIGUES CARDOSO,Águas Belas,2023,1.2,0.7421324849128723,0.45786751508712764,0.2021758671691015
26058960,ESCOLA DE REFERENCIA EM ENSINO MEDIO CRISTO REI,Pesqueira,2023,0.5,0.04270607605576515,0.45729392394423485,0.2019225924053463
26084791,ESCOLA DE REFERENCIA EM ENSINO MEDIO PROFESSOR MANOEL EDMUNDO,Lagoa dos Gatos,2023,0.5,0.04563276097178459,0.4543672390282154,0.2006302861347991
26067803,ESCOLA DE REFERENCIA EM ENSINO MEDIO MANOEL GONCALVES DE LIMA,Cumaru,2022,0.5,0.04565248638391495,0.45434751361608505,0.20062157618667806
26010151,ESCOLA DE REFERENCIA EM ENSINO MEDIO ODORICO MELO,Parnamirim,2023,0.5,0.05147328972816467,0.4485267102718353,0.1980513436959093
26120100,ESCOLA DE REFERENCIA EM ENSINO FUNDAMENTAL E ENSINO MEDIO PROFESSORA INALDA SPINELLI,Recife,2023,0.5,0.05380719527602196,0.44619280472397804,0.19702078493714031
26181320,ESCOLA ESTADUAL DR MIGUEL ARRAES DE ALENCAR,Sirinhaém,2022,0.5,0.0579720139503479,0.4420279860496521,0.19518176862928172
26063522,ESCOLA TEOFILO SEVERINO DE ARRUDA,Frei Miguelinho,2022,0.5,0.05829530954360962,0.4417046904563904,0.1950390143067629
26108801,ESCOLA DE REFERENCIA EM ENSINO MEDIO FREI ROMEU PEREA,Jaboatão dos Guararapes,2022,0.6,0.15849308669567108,0.4415069133043289,0.1949516838762198
26111403,ESCOLA DE REFERENCIA EM ENSINO MEDIO ADELAIDE PESSOA CAMARA,Jaboatão dos Guararapes,2023,0.7,0.2594415545463562,0.44055844545364375,0.19453287864572033
26128586,ESCOLA SAO JUDAS TADEU,Recife,2023,0.9,0.4596153497695923,0.44038465023040774,0.19445613766976158
26024730,ESCOLA DE REFERENCIA EM ENSINO MEDIO CARLOS RIOS,Arcoverde,2023,0.5,0.06805834174156189,0.4319416582584381,0.19072805221449643
26070880,ESCOLA DE REFERENCIA EM ENSINO MEDIO MANOEL GUILHERME DA SILVA,Passira,2023,0.5,0.06822434067726135,0.43177565932273865,0.19065475376534177
26175533,ESCOLA TECNICA ESTADUAL PEDRO MUNIZ FALCAO,Araripina,2022,0.5,0.07226759940385818,0.4277324005961418,0.1888694134380569
26054850,ESCOLA DE REFERENCIA EM ENSINO MEDIO PROFESSOR MARIO SETTE,Caruaru,2022,0.9,0.49256521463394165,0.40743478536605837,0.17990680345725057
26125978,ESCOLA DE REFERENCIA EM ENSINO MEDIO ALVARO LINS,Recife,2022,1.0,0.6079668402671814,0.3920331597328186,0.17310606543673043
26111012,ESCOLA DE REFERENCIA EM ENSINO MEDIO FELIPE CAMARAO,Jaboatão dos Guararapes,2022,0.4,0.011641585268080235,0.3883584147319198,0.17148344593938378
26125757,ESCOLA DE REFERENCIA EM ENSINO MEDIO PROFESSOR CANDIDO DUARTE,Recife,2023,0.4,0.012579161673784256,0.38742083832621577,0.17106944993264714
26121654,ESCOLA DE REFERENCIA EM ENSINO MEDIO OLIVEIRA LIMA,Recife,2023,0.4,0.020206041634082794,0.37979395836591723,0.16770172669621142
26053853,ESCOLA DE REFERENCIA EM ENSINO MEDIO NICANOR SOUTO MAIOR,Caruaru,2022,0.8,0.4282307028770447,0.37176929712295537,0.1641583592545938
26176211,ESCOLA TECNICA ESTADUAL MARIA JOSE VASCONCELOS,Bezerros,2023,0.4,0.028537187725305557,0.37146281227469446,0.16402302788049633
26056623,ESCOLA DE REFERENCIA EM ENSINO MEDIO CLETO CAMPELO,Gravatá,2023,0.4,0.0323491133749485,0.3676508866250515,0.1623398349296838
26038935,ESCOLA DE REFERENCIA EM ENSINO MEDIO MONSENHOR JOAO PIRES,Belém do São Francisco,2022,3.4,3.0349206924438477,0.36507930755615225,0.1612043291095129
26126109,ESCOLA DE REFERENCIA EM ENSINO MEDIO PADRE MACHADO,Recife,2022,0.6,0.237009197473526,0.362990802526474,0.16028212934309818
26106159,ESCOLA SENADOR PAULO PESSOA GUERRA,Ilha de Itamaracá,2022,0.4,0.03701932355761528,0.36298067644238474,0.16027765807190222
26077825,ESCOLA DE REFERENCIA EM ENSINO MEDIO SEBASTIAO TIAGO DE OLIVEIRA,Jupi,2022,0.4,0.04358144477009773,0.3564185552299023,0.1573800894458556
26011611,ESCOLA DE REFERENCIA EM ENSINO MEDIO CARLOS PENA FILHO,Salgueiro,2023,0.4,0.0548362135887146,0.3451637864112854,0.15241043649884836
26052792,ESCOLA DE REFERENCIA EM ENSINO FUNDAMENTAL E MEDIO PRESIDENTE KENNEDY,Cachoeirinha,2023,0.7,0.361318439245224,0.33868156075477596,0.14954814653481538
26088533,ESCOLA JULIO CORREIA DE OLIVEIRA,Condado,2023,0.4,0.06584136933088303,0.334158630669117,0.14755100264038706
26110229,ESCOLA DE REFERENCIA EM ENSINO FUNDAMENTAL E MEDIO ODETE ANTUNES,Jaboatão dos Guararapes,2023,0.5,0.16636058688163757,0.3336394131183624,0.14732173706658186
26097591,ESCOLA DE REFERENCIA EM ENSINO MEDIO PROFESSOR JOAQUIM AUGUSTO DE NORONHA FILHO,Barreiros,2022,0.8,0.47739794850349426,0.3226020514965058,0.14244808238781917
26001624,ESCOLA DE REFERENCIA EM ENSINO MEDIO ANIZIO RODRIGUES COELHO,Araripina,2023,0.4,0.0775345116853714,0.3224654883146286,0.14238778158287096
26122847,ESCOLA DE REFERENCIA EM ENSINO MEDIO AMAURY DE MEDEIROS,Recife,2023,0.7,0.3818737268447876,0.31812627315521236,0.14047175880601737
26126613,ESCOLA DE REFERENCIA EM ENSINO MEDIO ROSA DE MAGALHAES MELO,Recife,2023,0.4,0.08300986886024475,0.31699013113975527,0.13997008421755355
26090406,ESCOLA DE REFERENCIA EM ENSINO MEDIO CREUSA DE FREITAS CAVALCANTI,Macaparana,2023,0.4,0.09328781068325043,0.3067121893167496,0.1354317587580932
26042053,ESCOLA DE REFERENCIA EM ENSINO MEDIO DE ITAPARICA,Jatobá,2023,0.4,0.09462820738554001,0.30537179261446,0.1348398935204285
26015625,ESCOLA DE REFERENCIA EM ENSINO MEDIO ANTONIO GOMES DE LIMA,Calumbi,2022,0.7,0.39728835225105286,0.3027116477489471,0.1336652806089225
26032090,ESCOLA INDIGENA ACILON CIRIACO DA LUZ,Cabrobó,2023,1.7,1.4005622863769531,0.29943771362304683,0.13221964306280296
26097710,ESCOLA TECNICA ESTADUAL CENTRAL DE BARREIROS,Barreiros,2022,0.4,0.10349486023187637,0.29650513976812365,0.13092473647384412
26055210,ESCOLA JOSE CARLOS FLORENCIO,Caruaru,2023,0.5,0.2039259672164917,0.2960740327835083,0.13073437697991785
26129566,ESCOLA 10 DE AGOSTO,São Lourenço da Mata,2022,0.5,0.20969423651695251,0.2903057634830475,0.1281873414085831
26000741,ESCOLA DE REFERENCIA EM ENSINO MEDIO PADRE LUIZ GONZAGA,Araripina,2023,0.4,0.11089076846837997,0.28910923153162005,0.12765900105486888
26123819,ESCOLA TECNICA ESTADUAL MARIANO TEIXEIRA,Recife,2023,0.3,0.011755679734051228,0.28824432026594876,0.1272770910494645
26176238,ESCOLA TECNICA ESTADUAL PROFESSOR LUCILO AVILA PESSOA,Recife,2022,0.3,0.012612918391823769,0.2873870816081762,0.12689856895891377
26021927,ESCOLA DE REFERENCIA EM ENSINO MEDIO IRNERO IGNACIO,Serra Talhada,2023,1.1,0.8216279745101929,0.2783720254898072,0.1229178830000889
26073102,ESCOLA DE REFERENCIA EM ENSINO MEDIO PROFESSORA ISMENIA LEMOS WANDERLEY,Brejão,2022,2.0,1.7265032529830933,0.27349674701690674,0.12076515623858904
26426714,ESCOLA INDIGENA CAPITAO DENA,Cabrobó,2023,3.1,2.826751470565796,0.2732485294342042,0.12065555334391773
26084201,ESCOLA DE REFERENCIA EM ENSINO MEDIO PROFESSORA MARIA DE LOURDES TEMPORAL,Cupira,2022,0.3,0.028134237974882126,0.27186576202511786,0.12004497890739758
26062410,ESCOLA DE REFERENCIA EM ENSINO MEDIO AGAMENON MAGALHAES,São Caitano,2022,0.3,0.028527984395623207,0.2714720156043768,0.1198711163348521
26087928,ESCOLA DE REFERENCIA EM ENSINO MEDIO JOSE DE LIMA JUNIOR,Carpina,2023,0.3,0.030588122084736824,0.26941187791526316,0.118961442444349
26059789,ESCOLA DE REFERENCIA EM ENSINO MEDIO COMENDADOR MANOEL CAETANO DE BRITO,Poção,2023,0.3,0.035283371806144714,0.2647166281938553,0.11688820913400924
26103834,ESCOLA DE REFERENCIA EM ENSINO MEDIO TAMANDARE,Tamandaré,2023,0.3,0.03598332405090332,0.26401667594909667,0.11657913839324245
26018020,ESCOLA DE REFERENCIA EM ENSINO MEDIO ARISTAQUE JOSE DE VERAS,Ingazeira,2023,1.3,1.0384961366653442,0.2615038633346558,0.11546958147422547
26094878,ESCOLA MADRE LUCILA MAGALHAES,Vitória de Santo Antão,2022,0.6,0.34781503677368164,0.25218496322631834,0.11135473023804016
26016028,ESCOLA DE REFERENCIA EM ENSINO MEDIO JOAQUIM MENDES DA SILVA,Carnaíba,2023,0.3,0.049431148916482925,0.25056885108351706,0.11064112015838384
26128179,ESCOLA DOUTOR FRANCISCO PESSOA DE QUEIROZ,Recife,2022,1.6,1.3496233224868774,0.25037667751312265,0.11055626404398124
26179806,ESCOLA DE REFERENCIA EM ENSINO MEDIO DE SALGUEIRO,Salgueiro,2022,0.3,0.05374203994870186,0.24625796005129813,0.10873760417615803
26093600,ESCOLA PAROQUIAL DE MENORES,Glória do Goitá,2022,0.3,0.05425892770290375,0.24574107229709624,0.10850936734674468
26067803,ESCOLA DE REFERENCIA EM ENSINO MEDIO MANOEL GONCALVES DE LIMA,Cumaru,2023,0.4,0.1598701924085617,0.24012980759143832,0.10603165868561398
26148021,ESCOLA DE REFERENCIA EM ENSINO MEDIO GREGORIO BEZERRA,Panelas,2023,0.3,0.06113387644290924,0.23886612355709075,0.10547366667470806
26111853,ESCOLA ARTUR MENDONCA,Moreno,2023,0.3,0.06377169489860535,0.23622830510139464,0.1043089122072208
26004593,ESCOLA DE REFERENCIA EM ENSINO MEDIO JOAQUIM EUGENIO SILVA,Ipubi,2022,0.6,0.36536136269569397,0.234638637304306,0.10360697888634296
26126109,ESCOLA DE REFERENCIA EM ENSINO MEDIO PADRE MACHADO,Recife,2023,0.3,0.07425277680158615,0.22574722319841384,0.09968088826408893
26179806,ESCOLA DE REFERENCIA EM ENSINO MEDIO DE SALGUEIRO,Salgueiro,2023,0.3,0.07984896004199982,0.22015103995800017,0.09720983897103627
26008181,ESCOLA DE REFERENCIA EM ENSINO MEDIO PRESIDENTE MEDICI,Moreilândia,2022,0.3,0.07991436868906021,0.22008563131093978,0.09718095714495328
26094860,ESCOLA DE REFERENCIA EM ENSINO MEDIO GUIOMAR KRAUSE GONCALVES,Vitória de Santo Antão,2023,0.8,0.5805517435073853,0.2194482564926148,0.09689951807718697
26035146,ESCOLA PROFESSORA ADELINA ALMEIDA,Petrolina,2023,0.3,0.08254147320985794,0.21745852679014205,0.09602093351992044
26070782,ESCOLA DE REFERENCIA EM ENSINO MEDIO CONEGO FERNANDO PASSOS,Passira,2023,0.3,0.08288845419883728,0.2171115458011627,0.0958677206799033
26110237,ESCOLA DE REFERENCIA EM ENSINO MEDIO SENADOR PETRONIO PORTELA,Jaboatão dos Guararapes,2023,0.3,0.08461623638868332,0.21538376361131667,0.09510480160178311
26095335,ESCOLA DE REFERENCIA EM ENSINO MEDIO SENADOR JOAO CLEOFAS DE OLIVEIRA,Vitória de Santo Antão,2022,0.4,0.1861276626586914,0.21387233734130862,0.09443741659032868
26034360,ESCOLA DE REFERENCIA EM ENSINO FUNDAMENTAL E MEDIO EDISON NOLASCO,Petrolina,2023,0.3,0.08661743253469467,0.21338256746530532,0.09422115392453238
26073498,ESCOLA DE REFERENCIA EM ENSINO MEDIO LUIZ PEREIRA JUNIOR,Caetés,2023,0.3,0.09397430717945099,0.206025692820549,0.09097265416871338
26130149,ESCOLA DE REFERENCIA EM ENSINO MEDIO EMIDIO CAVALCANTI DE ALBUQUERQUE,Cabo de Santo Agostinho,2023,0.3,0.09599599987268448,0.2040040001273155,0.09007995604112043
26043505,ESCOLA DE REFERENCIA EM ENSINO MEDIO JULIA GOMES DE ARAUJO,Tacaratu,2023,0.4,0.19798804819583893,0.2020119518041611,0.08920034767427688
26025876,ESCOLA DE REFERENCIA EM ENSINO MEDIO OSMAR DE SOUZA FERRAZ,Betânia,2023,0.3,0.09890373051166534,0.20109626948833464,0.08879601921647312
26042070,ESCOLA DE REFERENCIA EM ENSINO MEDIO MARIA CAVALCANTI NUNES,Petrolândia,2023,0.2,0.011480353772640228,0.18851964622735978,0.08324268854752877
26525828,ESCOLA TECNICA ESTADUAL MAXIMIANO ACCIOLY CAMPOS,Jaboatão dos Guararapes,2023,0.2,0.01238162163645029,0.18761837836354972,0.08284472493160644
26178095,ESCOLA DE REFERENCIA EM ENSINO MEDIO CLEMENTINO COELHO,Petrolina,2023,0.2,0.013563226908445358,0.18643677309155465,0.08232297559878529
26054809,ESCOLA DE REFERENCIA EM ENSINO MEDIO PADRE ZACARIAS TAVARES,Caruaru,2023,0.2,0.013742064125835896,0.18625793587416412,0.08224400828112975
26122839,ESCOLA DE REFERENCIA EM ENSINO MEDIO OTHON PARAISO,Recife,2022,0.2,0.014092512428760529,0.18590748757123948,0.08208926441482108
26117045,ESCOLA DE REFERENCIA EM ENSINO MEDIO DANTAS BARRETO,Paulista,2023,0.2,0.014877498149871826,0.18512250185012818,0.08174264631318344
26023245,ESCOLA DE REFERENCIA EM ENSINO FUNDAMENTAL E MEDIO ARNALDO ALVES CAVALCANTI,Tabira,2023,0.5,0.3159363567829132,0.1840636432170868,0.08127509695602082
26090864,ESCOLA DOM CARLOS COELHO - NAZARE,Nazaré da Mata,2023,0.3,0.11658511310815811,0.18341488689184188,0.08098863227286271
26036118,ESCOLA DE REFERENCIA EM ENSINO MEDIO JESUINO ANTONIO DAVILA,Petrolina,2022,0.3,0.12026974558830261,0.17973025441169738,0.07936164686261604
26024780,ESCOLA LIONS ANTONIO MORENO,Arcoverde,2023,0.4,0.22235655784606934,0.1776434421539307,0.0784401945561496
26113783,ESCOLA DE REFERENCIA EM ENSINO MEDIO PADRE FRANCISCO CARNEIRO,Olinda,2023,0.2,0.024149898439645767,0.17585010156035424,0.0776483275254281
26124432,ESCOLA DE REFERENCIA EM ENSINO MEDIO APOLONIO SALES,Recife,2023,0.2,0.028902098536491394,0.17109790146350862,0.07554994722133944
26056658,ESCOLA DE REFERENCIA EM ENSINO MEDIO DEVALDO BORGES,Gravatá,2023,0.2,0.029036659747362137,0.17096334025263787,0.07549053040621566
26083159,ESCOLA DE REFERENCIA EM ENSINO MEDIO DOUTOR ALEXANDRINO DA ROCHA,Bonito,2022,0.2,0.031117698177695274,0.16888230182230474,0.07457162758956844
26110237,ESCOLA DE REFERENCIA EM ENSINO MEDIO SENADOR PETRONIO PORTELA,Jaboatão dos Guararapes,2022,0.2,0.03112488053739071,0.1688751194626093,0.07456845614859064
26122855,ESCOLA DE REFERENCIA EM ENSINO FUNDAMENTAL E MEDIO DEBORA FEIJO,Recife,2023,0.7,0.5339692831039429,0.16603071689605708,0.07331248245200446
26091836,ESCOLA PROFESSORA ELISABETH LYRA,Timbaúba,2023,0.8,0.6353785991668701,0.16462140083312993,0.07269018519843445
26124602,ESCOLA DE REFERENCIA EM ENSINO MEDIO ENGENHEIRO LAURO DINIZ,Recife,2023,0.2,0.03578838333487511,0.1642116166651249,0.0725092410021579
26033356,ESCOLA DE REFERENCIA EM ENSINO MEDIO SENADOR NILO COELHO,Dormentes,2023,0.2,0.036539677530527115,0.1634603224694729,0.07217749972220237
26130319,ESCOLA PROFESSOR NATANAEL BARBOSA MEDRADO,Cabo de Santo Agostinho,2022,0.2,0.03761453926563263,0.16238546073436738,0.07170288403923458
26091720,ESCOLA DE REFERENCIA EM ENSINO MEDIO JORNALISTA JADER DE ANDRADE,Timbaúba,2022,0.2,0.044215235859155655,0.15578476414084436,0.06878828207743848
26124602,ESCOLA DE REFERENCIA EM ENSINO MEDIO ENGENHEIRO LAURO DINIZ,Recife,2022,0.2,0.045195240527391434,0.15480475947260858,0.06835555145755025
26057743,ESCOLA DE REFERENCIA EM ENSINO MEDIO JOSE LOPES DE SIQUEIRA,Jataúba,2022,0.2,0.045408427715301514,0.1545915722846985,0.06826141657537399
26121921,ESCOLA DE REFERENCIA EM ENSINO MEDIO SIZENANDO SILVEIRA,Recife,2023,0.2,0.045847367495298386,0.15415263250470163,0.06806759843424862
26035049,ESCOLA DE REFERENCIA EM ENSINO MEDIO PADRE MANOEL DE PAIVA NETTO,Petrolina,2022,0.7,0.5464619398117065,0.1535380601882934,0.0677962280336114
26102153,ESCOLA DE REFERENCIA EM ENSINO MEDIO ELISA MARQUES DE ASSIS,Primavera,2022,0.9,0.7518711686134338,0.14812883138656618,0.06540773029645008
26004518,ESCOLA DE REFERENCIA EM ENSINO MEDIO ARAO PEIXOTO DE ALENCAR,Ipubi,2023,0.2,0.05375651642680168,0.14624348357319833,0.0645752365804229
26155567,ESCOLA PROFESSORA JOSEFINA GOMES ARAUJO,Lagoa Grande,2023,0.6,0.4586302936077118,0.14136970639228819,0.06242317272904445
26013452,ESCOLA DE REFERENCIA EM ENSINO MEDIO DESEMBARGADOR JOAO PAES,Serrita,2023,0.2,0.06379485875368118,0.13620514124631883,0.06014270861544822
26070880,ESCOLA DE REFERENCIA EM ENSINO MEDIO MANOEL GUILHERME DA SILVA,Passira,2022,0.3,0.1639881432056427,0.1360118567943573,0.06005736198045449
26124440,ESCOLA DE REFERENCIA EM ENSINO MEDIO ASSIS CHATEAUBRIAND,Recife,2023,0.4,0.26734399795532227,0.13265600204467776,0.05857555158387962
26027828,ESCOLA DE REFERENCIA EM ENSINO MEDIO PEDRO BEZERRA DE MELO,Ibimirim,2023,0.2,0.07150071859359741,0.1284992814064026,0.05674011104282472
26025981,ESCOLA DE REFERENCIA EM ENSINO FUNDAMENTAL GENERAL JOAQUIM INACIO,Custódia,2023,2.2,2.077306032180786,0.12269396781921404,0.054176718205368075
26121921,ESCOLA DE REFERENCIA EM ENSINO MEDIO SIZENANDO SILVEIRA,Recife,2022,0.3,0.18268616497516632,0.11731383502483367,0.051801068094043216
26083493,ESCOLA PE JOSE AUGUSTO,Bonito,2023,0.5,0.40475887060165405,0.09524112939834595,0.04205464963508292
26057743,ESCOLA DE REFERENCIA EM ENSINO MEDIO JOSE LOPES DE SIQUEIRA,Jataúba,2023,0.2,0.10951608419418335,0.09048391580581666,0.039954055573075214
26124785,ESCOLA DE REFERENCIA EM ENSINO MEDIO DOM SEBASTIAO LEME,Recife,2023,1.7,1.6097279787063599,0.09027202129364009,0.0398604914844774
26021900,ESCOLA DE REFERENCIA EM ENSINO MEDIO SOLIDONIO LEITE,Serra Talhada,2023,0.4,0.3168037533760071,0.08319624662399294,0.03673611416442041
26124670,ESCOLA DE REFERENCIA EM ENSINO FUNDAMENTAL E MEDIO MARECHAL EURICO GASPAR DUTRA,Recife,2022,0.1,0.02458072640001774,0.07541927359998227,0.033302115871746446
26111268,ESCOLA JOAO PAULO I,Jaboatão dos Guararapes,2023,0.1,0.026049870997667313,0.07395012900233269,0.03265340074512279
26126613,ESCOLA DE REFERENCIA EM ENSINO MEDIO ROSA DE MAGALHAES MELO,Recife,2022,0.4,0.327801913022995,0.07219808697700503,0.031879769500023594
26081059,ESCOLA DE REFERENCIA EM ENSINO MEDIO JOAO FERNANDES DA SILVA,São João,2023,0.4,0.33420026302337646,0.06579973697662356,0.029054515650048265
26090864,ESCOLA DOM CARLOS COELHO - NAZARE,Nazaré da Mata,2022,0.2,0.13635775446891785,0.06364224553108216,0.028101854258839397
26076047,ESCOLA SIMOA GOMES,Garanhuns,2022,0.5,0.43782126903533936,0.062178730964660645,0.027455625127417883
26049562,ESCOLA DE REFERENCIA EM ENSINO MEDIO GONCALO ANTUNES BEZERRA,Alagoinha,2023,0.2,0.14054512977600098,0.059454870223999035,0.026252877849777232
26090309,ESCOLA DE REFERENCIA EM ENSINO MEDIO TRISTAO FERREIRA BESSA,Lagoa de Itaenga,2022,0.1,0.045943547040224075,0.05405645295977593,0.023869154052452875
26131684,ESCOLA DE REFERENCIA EM ENSINO MEDIO FREI OTTO,Ipojuca,2022,0.3,0.25135132670402527,0.04864867329597472,0.02148129619627718
26093995,ESCOLA DE REFERENCIA EM ENSINO MEDIO CAPITAO MANOEL GOMES D ASSUNCAO,Pombos,2023,0.1,0.05308590829372406,0.046914091706275945,0.02071537477683301
26087030,ESCOLA DOM BOSCO,Aliança,2022,0.5,0.4614529609680176,0.03854703903198242,0.017020821059142544
26128403,ESCOLA DE REFERENCIA EM ENSINO MEDIO PADRE NERCIO RODRIGUES,Recife,2022,0.3,0.26707637310028076,0.03292362689971923,0.014537748583312471
26111357,ESCOLA ZEQUINHA BARRETO,Jaboatão dos Guararapes,2023,0.4,0.3843444287776947,0.01565557122230532,0.006912870172270042
26086638,ESCOLA DE REFERENCIA EM ENSINO MEDIO FREI EPIFANIO,São Joaquim do Monte,2023,0.2,0.19232720136642456,0.0076727986335754506,0.0033879990744960916
26093995,ESCOLA DE REFERENCIA EM ENSINO MEDIO CAPITAO MANOEL GOMES D ASSUNCAO,Pombos,2022,0.1,0.09873249381780624,0.0012675061821937617,0.0005596797175673345
26036266,ESCOLA SAO JOSE - PETROLINA,Petrolina,2022,0.0,0.0044130184687674046,-0.0044130184687674046,-0.0019486113479497066
26035146,ESCOLA PROFESSORA ADELINA ALMEIDA,Petrolina,2022,0.4,0.4056606888771057,-0.005660688877105691,-0.002499532386099835
26186004,ESCOLA TECNICA ESTADUAL SENADOR WILSON CAMPOS,Paudalho,2023,0.0,0.007298756390810013,-0.007298756390810013,-0.003222837073923529
26119730,ESCOLA DE APLICACAO DO RECIFE,Recife,2023,0.0,0.007740689441561699,-0.007740689441561699,-0.0034179769229460274
26036193,ESCOLA NUCLEO DE MORADORES-7,Petrolina,2023,0.0,0.008238105103373528,-0.008238105103373528,-0.003637615660040452
26119730,ESCOLA DE APLICACAO DO RECIFE,Recife,2022,0.0,0.008439145982265472,-0.008439145982265472,-0.003726387220998828
26116367,ESCOLA PROFESSORA GENEROSA GIL PEREZ,Paulista,2022,0.0,0.008492041379213333,-0.008492041379213333,-0.0037497436994446787
26105195,ESCOLA DE REFERENCIA EM ENSINO MEDIO BRASILINO JOSE DE CARVALHO,Igarassu,2023,0.0,0.008533449843525887,-0.008533449843525887,-0.0037680280107458162
26116413,ESCOLA DE REFERENCIA EM ENSINO MEDIO RADIALISTA LUIZ QUEIROGA,Paulista,2023,0.0,0.008832653053104877,-0.008832653053104877,-0.003900144106260694
26178435,ESCOLA DE REFERENCIA EM ENSINO MEDIO MARIA VIEIRA MULITERNO,Abreu e Lima,2022,0.0,0.00888840202242136,-0.00888840202242136,-0.003924760607418674
26035553,ESCOLA ESTADUAL DE APLICACAO PROFESSORA VANDE DE SOUZA FERREIRA,Petrolina,2022,0.0,0.008908974006772041,-0.008908974006772041,-0.0039338443677607825
26035316,ESCOLA DE REFERENCIA EM ENSINO MEDIO JORNALISTA JOAO FERREIRA GOMES,Petrolina,2023,0.0,0.009217620827257633,-0.009217620827257633,-0.0040701303817812055
26132230,ESCOLA DE APLICACAO PROFESSORA IVONITA ALVES GUERRA,Garanhuns,2022,0.0,0.009348447434604168,-0.009348447434604168,-0.0041278981462928325
26188538,ESCOLA TECNICA ESTADUAL ARIANO VILAR SUASSUNA - GARANHUNS,Garanhuns,2023,0.0,0.009417335502803326,-0.009417335502803326,-0.004158316344716712
26129868,ESCOLA TECNICA ESTADUAL EPITACIO PESSOA,Cabo de Santo Agostinho,2022,0.0,0.009530001319944859,-0.009530001319944859,-0.004208065035179215
26121816,ESCOLA TECNICA ESTADUAL ALMIRANTE SOARES DUTRA,Recife,2022,0.0,0.009575404226779938,-0.009575404226779938,-0.004228113131536594
26132230,ESCOLA DE APLICACAO PROFESSORA IVONITA ALVES GUERRA,Garanhuns,2023,0.0,0.009745649993419647,-0.009745649993419647,-0.004303286810315054
26106957,ESCOLA DE REFERENCIA EM ENSINO MEDIO LUIZ RODOLFO DE ARAUJO JUNIOR,Abreu e Lima,2023,0.0,0.009749459102749825,-0.009749459102749825,-0.004304968759692537
26075903,ESCOLA DE REFERENCIA EM ENSINO MEDIO PROFESSOR JERONIMO GUEIROS,Garanhuns,2023,0.0,0.009815985336899757,-0.009815985336899757,-0.004334344067255464
26105250,ESCOLA DE REFERENCIA EM ENSINO MEDIO EURICO PFISTERER,Igarassu,2023,0.0,0.009837363846600056,-0.009837363846600056,-0.004343783956732267
26105250,ESCOLA DE REFERENCIA EM ENSINO MEDIO EURICO PFISTERER,Igarassu,2022,0.0,0.00987593736499548,-0.00987593736499548,-0.004360816470012607
26113392,ESCOLA DE REFERENCIA EM ENSINO MEDIO DESEMBARGADOR RENATO FONSECA,Olinda,2022,0.0,0.00988648273050785,-0.00988648273050785,-0.0043654728790104656
26121751,ESCOLA TECNICA ESTADUAL GINASIO PERNAMBUCANO,Recife,2023,0.0,0.009977351874113083,-0.009977351874113083,-0.004405597035675752
26178230,ESCOLA TECNICA ESTADUAL CICERO DIAS,Recife,2023,0.0,0.009977351874113083,-0.009977351874113083,-0.004405597035675752
26121751,ESCOLA TECNICA ESTADUAL GINASIO PERNAMBUCANO,Recife,2022,0.0,0.009977351874113083,-0.009977351874113083,-0.004405597035675752
26189585,ESCOLA TECNICA ESTADUAL PASTOR ISAAC MARTINS RODRIGUES,Abreu e Lima,2023,0.0,0.009977351874113083,-0.009977351874113083,-0.004405597035675752
26054027,ESCOLA DE REFERENCIA EM ENSINO MEDIO ARNALDO ASSUNCAO,Caruaru,2023,0.0,0.009978427551686764,-0.009978427551686764,-0.0044060720116002
26186004,ESCOLA TECNICA ESTADUAL SENADOR WILSON CAMPOS,Paudalho,2022,0.0,0.009992360137403011,-0.009992360137403011,-0.004412224080716862
26115964,ESCOLA GOVERNADOR ERALDO GUEIROS LEITE,Paulista,2022,0.0,0.010008415207266808,-0.010008415207266808,-0.0044193133534108555
26128101,ESCOLA DE REFERENCIA EM ENSINO MEDIO DE BEBERIBE,Recife,2023,0.0,0.010086159221827984,-0.010086159221827984,-0.004453641981328741
26185768,ESCOLA TECNICA ESTADUAL LUIZ ALVES LACERDA,Cabo de Santo Agostinho,2022,0.0,0.010128517635166645,-0.010128517635166645,-0.004472345751887833
26059088,ESCOLA DE REFERENCIA EM ENSINO MEDIO PROFESSORA MARGARIDA DE LIMA FALCAO,Pesqueira,2023,0.0,0.010262217372655869,-0.010262217372655869,-0.0045313821750374884
26035553,ESCOLA ESTADUAL DE APLICACAO PROFESSORA VANDE DE SOUZA FERREIRA,Petrolina,2023,0.0,0.010263802483677864,-0.010263802483677864,-0.004532082096269879
26107074,ESCOLA DE REFERENCIA EM ENSINO FUNDAMENTAL E MEDIO PROFESSORA AZINETE RAMOS CARNEIRO,Abreu e Lima,2023,0.0,0.010403142310678959,-0.010403142310678959,-0.004593608955954996
26129922,ESCOLA DE REFERENCIA EM ENSINO MEDIO LUISA GUERRA,Cabo de Santo Agostinho,2022,0.0,0.010537072084844112,-0.010537072084844112,-0.004652746954042607
26136489,ESCOLA DE REFERENCIA EM ENSINO MEDIO ESCRITOR JOSE DE ALENCAR,Paulista,2022,0.0,0.010608229786157608,-0.010608229786157608,-0.004684167331105344
26035600,ESCOLA DE REFERENCIA EM ENSINO MEDIO GERCINO COELHO,Petrolina,2023,0.0,0.010637828148901463,-0.010637828148901463,-0.00469723677686715
26121816,ESCOLA TECNICA ESTADUAL ALMIRANTE SOARES DUTRA,Recife,2023,0.0,0.010710109956562519,-0.010710109956562519,-0.0047291535140518
26190737,ESCOLA TECNICA ESTADUAL CHICO SCIENCE,Olinda,2022,0.0,0.010715799406170845,-0.010715799406170845,-0.004731665746019292
26035120,ESCOLA DE REFERENCIA EM ENSINO MEDIO PROFESSORA OSA SANTANA DE CARVALHO,Petrolina,2022,0.0,0.010721244849264622,-0.010721244849264622,-0.00473407023453033
26034352,ESCOLA DE REFERENCIA EM ENSINO MEDIO DOUTOR PACIFICO RODRIGUES DA LUZ,Petrolina,2022,0.0,0.010748879984021187,-0.010748879984021187,-0.004746272797825698
26136455,ESCOLA DE REFERENCIA EM ENSINO MEDIO MARECHAL FLORIANO PEIXOTO,Olinda,2022,0.0,0.010975713841617107,-0.010975713841617107,-0.004846433500106664
26179857,ESCOLA TECNICA ESTADUAL PORTO DIGITAL,Recife,2022,0.0,0.010976722463965416,-0.010976722463965416,-0.004846878867142315
26176254,ESCOLA TECNICA ESTADUAL JOSE NIVALDO PEREIRA RAMOS,Santa Cruz do Capibaribe,2023,0.0,0.011047104373574257,-0.011047104373574257,-0.0048779566858110565
26105195,ESCOLA DE REFERENCIA EM ENSINO MEDIO BRASILINO JOSE DE CARVALHO,Igarassu,2022,0.0,0.011048806831240654,-0.011048806831240654,-0.004878708422598841
26129922,ESCOLA DE REFERENCIA EM ENSINO MEDIO LUISA GUERRA,Cabo de Santo Agostinho,2023,0.0,0.011071578599512577,-0.011071578599512577,-0.00488876351898731
26115883,ESCOLA DE REFERENCIA EM ENSINO MEDIO DE PAULISTA,Paulista,2022,0.0,0.01108975987881422,-0.01108975987881422,-0.0048967916401969
26185806,ESCOLA TECNICA ESTADUAL GOVERNADOR EDUARDO CAMPOS,São Lourenço da Mata,2022,0.0,0.011099976487457752,-0.011099976487457752,-0.0049013028833927415
26525798,ESCOLA TECNICA ESTADUAL ADERICO ALVES DE VASCONCELOS,Goiana,2022,0.0,0.011114316061139107,-0.011114316061139107,-0.004907634662015017
26183021,ESCOLA TECNICA ESTADUAL MIGUEL BATISTA,Recife,2023,0.0,0.011134968139231205,-0.011134968139231205,-0.0049167537885298545
26189585,ESCOLA TECNICA ESTADUAL PASTOR ISAAC MARTINS RODRIGUES,Abreu e Lima,2022,0.0,0.011134968139231205,-0.011134968139231205,-0.0049167537885298545
26185938,ESCOLA TECNICA ESTADUAL EDSON MORORO MOURA,Belo Jardim,2022,0.0,0.011136104352772236,-0.011136104352772236,-0.004917255494701133
26185938,ESCOLA TECNICA ESTADUAL EDSON MORORO MOURA,Belo Jardim,2023,0.0,0.011136104352772236,-0.011136104352772236,-0.004917255494701133
26101653,ESCOLA TECNICA ESTADUAL DE PALMARES,Palmares,2022,0.0,0.011202799156308174,-0.011202799156308174,-0.004946705235720618
26190737,ESCOLA TECNICA ESTADUAL CHICO SCIENCE,Olinda,2023,0.0,0.011203245259821415,-0.011203245259821415,-0.0049469022170780304
26088258,ESCOLA ALUISIO GERMANO,Carpina,2023,0.0,0.011268817819654942,-0.011268817819654942,-0.004975856420444736
26110881,ESCOLA DE REFERENCIA EM ENSINO MEDIO AUGUSTO SEVERO,Jaboatão dos Guararapes,2022,0.0,0.011275802738964558,-0.011275802738964558,-0.0049789406796944
26185806,ESCOLA TECNICA ESTADUAL GOVERNADOR EDUARDO CAMPOS,São Lourenço da Mata,2023,0.0,0.011281322687864304,-0.011281322687864304,-0.004981378066970767
26187965,ESCOLA TECNICA ESTADUAL PROFESSORA MARIA WILZA BARROS DE MIRANDA,Petrolina,2023,0.0,0.011407935991883278,-0.011407935991883278,-0.005037285406302997
26187825,ESCOLA TECNICA ESTADUAL JURANDIR BEZERRA LINS,Igarassu,2022,0.0,0.011408324353396893,-0.011408324353396893,-0.005037456891117279
26035120,ESCOLA DE REFERENCIA EM ENSINO MEDIO PROFESSORA OSA SANTANA DE CARVALHO,Petrolina,2023,0.0,0.011429931037127972,-0.011429931037127972,-0.005046997533062904
26059088,ESCOLA DE REFERENCIA EM ENSINO MEDIO PROFESSORA MARGARIDA DE LIMA FALCAO,Pesqueira,2022,0.0,0.011435792781412601,-0.011435792781412601,-0.005049585843425222
26075903,ESCOLA DE REFERENCIA EM ENSINO MEDIO PROFESSOR JERONIMO GUEIROS,Garanhuns,2022,0.0,0.011451003141701221,-0.011451003141701221,-0.0050563021263672885
26109468,ESCOLA DE REFERENCIA EM ENSINO MEDIO VILA RICA,Jaboatão dos Guararapes,2022,0.0,0.011460400186479092,-0.011460400186479092,-0.005060451483144502
26126125,ESCOLA TECNICA ESTADUAL DOM BOSCO - RECIFE,Recife,2023,0.0,0.011479198932647705,-0.011479198932647705,-0.005068752252871763
26178222,ESCOLA DE REFERENCIA EM ENSINO MEDIO DOS PALMARES DOM ACACIO RODRIGUES ALVES,Palmares,2022,0.0,0.011481867171823978,-0.011481867171823978,-0.005069930439905134
26185660,ESCOLA TECNICA ESTADUAL GOVERNADOR EDUARDO CAMPOS - SAO BENTO DO UNA - GARANHUNS,São Bento do Una,2022,0.0,0.011533580720424652,-0.011533580720424652,-0.005092765061685941
26188295,ESCOLA DE REFERENCIA EM ENSINO MEDIO POMPEIA CAMPOS,Recife,2022,0.0,0.011605934239923954,-0.011605934239923954,-0.00512471346393222
26042312,ESCOLA DE REFERENCIA EM ENSINO FUNDAMENTAL E MEDIO SAO FRANCISCO,Petrolândia,2023,0.0,0.011608309112489223,-0.011608309112489223,-0.005125762112077106
26126125,ESCOLA TECNICA ESTADUAL DOM BOSCO - RECIFE,Recife,2022,0.0,0.01161197293549776,-0.01161197293549776,-0.005127379908862196
26124190,ESCOLA DE REFERENCIA EM ENSINO MEDIO SANTOS DUMONT,Recife,2022,0.0,0.011759346351027489,-0.011759346351027489,-0.005192454077918992
26188295,ESCOLA DE REFERENCIA EM ENSINO MEDIO POMPEIA CAMPOS,Recife,2023,0.0,0.011805581860244274,-0.011805581860244274,-0.00521286981797893
26122677,ESCOLA DE REFERENCIA EM ENSINO MEDIO SANTA PAULA FRASSINETTI,Recife,2023,0.0,0.011858503334224224,-0.011858503334224224,-0.005236237810992647
26187973,ESCOLA DE REFERENCIA EM ENSINO MEDIO PROFESSORA EVANIRA DE SOUZA DIAS,Petrolina,2022,0.0,0.011895849369466305,-0.011895849369466305,-0.0052527283171141794
26104920,ESCOLA DE REFERENCIA EM ENSINO MEDIO DOUTOR EURICO CHAVES,Sirinhaém,2022,0.0,0.011899356730282307,-0.011899356730282307,-0.0052542770264920775
26054027,ESCOLA DE REFERENCIA EM ENSINO MEDIO ARNALDO ASSUNCAO,Caruaru,2022,0.0,0.011915654875338078,-0.011915654875338078,-0.005261473631407958
26525828,ESCOLA TECNICA ESTADUAL MAXIMIANO ACCIOLY CAMPOS,Jaboatão dos Guararapes,2022,0.0,0.011933390982449055,-0.011933390982449055,-0.0052693051824947035
26035600,ESCOLA DE REFERENCIA EM ENSINO MEDIO GERCINO COELHO,Petrolina,2022,0.0,0.011949497275054455,-0.011949497275054455,-0.005276417073089861
26101653,ESCOLA TECNICA ESTADUAL DE PALMARES,Palmares,2023,0.0,0.011974308639764786,-0.011974308639764786,-0.005287372773179231
26034352,ESCOLA DE REFERENCIA EM ENSINO MEDIO DOUTOR PACIFICO RODRIGUES DA LUZ,Petrolina,2023,0.0,0.011974308639764786,-0.011974308639764786,-0.005287372773179231
26088258,ESCOLA ALUISIO GERMANO,Carpina,2022,0.0,0.01200106367468834,-0.01200106367468834,-0.005299186719809142
26185660,ESCOLA TECNICA ESTADUAL GOVERNADOR EDUARDO CAMPOS - SAO BENTO DO UNA - GARANHUNS,São Bento do Una,2023,0.0,0.012045113369822502,-0.012045113369822502,-0.005318637292341218
26525810,ESCOLA TECNICA ESTADUAL MIGUEL ARRAES DE ALENCAR,Timbaúba,2022,0.0,0.012074131518602371,-0.012074131518602371,-0.00533145053896802
26136460,ESCOLA DE REFERENCIA EM ENSINO MEDIO SANTA ANA,Olinda,2022,0.0,0.012114614248275757,-0.012114614248275757,-0.005349326083109935
26172712,ESCOLA DE REFERENCIA EM ENSINO MEDIO GINASIO PERNAMBUCANO - AURORA,Recife,2022,0.0,0.012115673162043095,-0.012115673162043095,-0.005349793656812184
26090970,ESCOLA DE APLICACAO PROFESSOR CHAVES,Nazaré da Mata,2023,0.0,0.012123358435928822,-0.012123358435928822,-0.005353187164455947
26176246,ESCOLA TECNICA ESTADUAL ALCIDES DO NASCIMENTO LINS,Camaragibe,2022,0.0,0.01216048188507557,-0.01216048188507557,-0.005369579385516058
26176246,ESCOLA TECNICA ESTADUAL ALCIDES DO NASCIMENTO LINS,Camaragibe,2023,0.0,0.01217714324593544,-0.01217714324593544,-0.005376936371912921
26103745,ESCOLA DE REFERENCIA EM ENSINO MEDIO WILSON DE ANDRADE BARRETO,Rio Formoso,2022,0.0,0.012177802622318268,-0.012177802622318268,-0.00537722752598609
26525720,ESCOLA TECNICA ESTADUAL MARIA EDUARDA RAMOS DE BARROS,Carpina,2023,0.0,0.012192465364933014,-0.012192465364933014,-0.005383702003002983
26090970,ESCOLA DE APLICACAO PROFESSOR CHAVES,Nazaré da Mata,2022,0.0,0.012194598093628883,-0.012194598093628883,-0.005384643730160546
26185946,ESCOLA TECNICA ESTADUAL ADVOGADO JOSE DAVI GIL RODRIGUES,Jaboatão dos Guararapes,2022,0.0,0.012213658541440964,-0.012213658541440964,-0.005393060056801028
26122677,ESCOLA DE REFERENCIA EM ENSINO MEDIO SANTA PAULA FRASSINETTI,Recife,2022,0.0,0.012231281027197838,-0.012231281027197838,-0.005400841437270645
26115883,ESCOLA DE REFERENCIA EM ENSINO MEDIO DE PAULISTA,Paulista,2023,0.0,0.012255704961717129,-0.012255704961717129,-0.0054116260637803015
26128497,ESCOLA TECNICA ESTADUAL PROFESSOR ALFREDO FREYRE,Recife,2022,0.0,0.012278933078050613,-0.012278933078050613,-0.005421882665106415
26043335,ESCOLA DE REFERENCIA EM ENSINO MEDIO JOAO BATISTA DE VASCONCELOS - TACARATU,Tacaratu,2023,0.0,0.012284476310014725,-0.012284476310014725,-0.005424330333246948
26107937,ESCOLA DE REFERENCIA EM ENSINO MEDIO PROFESSOR ANTONIO CARNEIRO LEAO,Camaragibe,2023,0.0,0.012305337935686111,-0.012305337935686111,-0.005433541987539275
26185946,ESCOLA TECNICA ESTADUAL ADVOGADO JOSE DAVI GIL RODRIGUES,Jaboatão dos Guararapes,2023,0.0,0.01238162163645029,-0.01238162163645029,-0.0054672257996566985
26178230,ESCOLA TECNICA ESTADUAL CICERO DIAS,Recife,2022,0.0,0.01238162163645029,-0.01238162163645029,-0.0054672257996566985
26114720,ESCOLA DE REFERENCIA EM ENSINO MEDIO PROFESSOR ERNESTO SILVA,Olinda,2023,0.0,0.012436216697096825,-0.012436216697096825,-0.005491332781186633
26033879,ESCOLA DE REFERENCIA EM ENSINO MEDIO OTACILIO NUNES DE SOUZA,Petrolina,2022,0.0,0.01247476413846016,-0.01247476413846016,-0.005508353779899109
26178176,ESCOLA DE REFERENCIA EM ENSINO MEDIO DE TIMBAUBA PROFESSOR ANTONIO JOSE BARBOZA DOS SANTOS,Timbaúba,2023,0.0,0.01247476413846016,-0.01247476413846016,-0.005508353779899109
26106388,ESCOLA DE REFERENCIA EM ENSINO MEDIO EURIDICE CADAVAL,Itapissuma,2023,0.0,0.012515082955360413,-0.012515082955360413,-0.005526156946757299
26129868,ESCOLA TECNICA ESTADUAL EPITACIO PESSOA,Cabo de Santo Agostinho,2023,0.0,0.012612918391823769,-0.012612918391823769,-0.005569357137980916
26187973,ESCOLA DE REFERENCIA EM ENSINO MEDIO PROFESSORA EVANIRA DE SOUZA DIAS,Petrolina,2023,0.0,0.012631104327738285,-0.012631104327738285,-0.00557738731536334
26095289,ESCOLA TECNICA ESTADUAL JOSE JOAQUIM DA SILVA FILHO,Vitória de Santo Antão,2023,0.0,0.012631104327738285,-0.012631104327738285,-0.00557738731536334
26106701,ESCOLA DE REFERENCIA EM ENSINO FUNDAMENTAL E MEDIO PASTOR AMARO DE SENA,Abreu e Lima,2022,0.0,0.012631318531930447,-0.012631318531930447,-0.005577481899313663
26185768,ESCOLA TECNICA ESTADUAL LUIZ ALVES LACERDA,Cabo de Santo Agostinho,2023,0.0,0.012719416990876198,-0.012719416990876198,-0.00561638263314325
26116308,ESCOLA DE REFERENCIA EM ENSINO FUNDAMENTAL E MEDIO PRESIDENTE CASTELO BRANCO,Paulista,2023,0.0,0.01275022141635418,-0.01275022141635418,-0.005629984627668832
26036045,ESCOLA DE REFERENCIA EM ENSINO MEDIO PROFESSOR HUMBERTO SOARES,Petrolina,2023,0.0,0.012757541611790657,-0.012757541611790657,-0.005633216931362479
26103745,ESCOLA DE REFERENCIA EM ENSINO MEDIO WILSON DE ANDRADE BARRETO,Rio Formoso,2023,0.0,0.012792774476110935,-0.012792774476110935,-0.005648774346252348
26089238,ESCOLA CEL JOSE PINTO DE ABREU,Goiana,2022,0.0,0.012831314466893673,-0.012831314466893673,-0.00566579205508829
26176882,ESCOLA TECNICA ESTADUAL PROFESSOR JOSE LUIZ DE MENDONCA,Gravatá,2023,0.0,0.012839342467486858,-0.012839342467486858,-0.00566933689705257
26525810,ESCOLA TECNICA ESTADUAL MIGUEL ARRAES DE ALENCAR,Timbaúba,2023,0.0,0.012839342467486858,-0.012839342467486858,-0.00566933689705257
26178435,ESCOLA DE REFERENCIA EM ENSINO MEDIO MARIA VIEIRA MULITERNO,Abreu e Lima,2023,0.0,0.0129565903916955,-0.0129565903916955,-0.005721108861582852
26123819,ESCOLA TECNICA ESTADUAL MARIANO TEIXEIRA,Recife,2022,0.0,0.012984612956643105,-0.012984612956643105,-0.0057334824984579345
26124190,ESCOLA DE REFERENCIA EM ENSINO MEDIO SANTOS DUMONT,Recife,2023,0.0,0.013039560057222843,-0.013039560057222843,-0.0057577449266540525
26178176,ESCOLA DE REFERENCIA EM ENSINO MEDIO DE TIMBAUBA PROFESSOR ANTONIO JOSE BARBOZA DOS SANTOS,Timbaúba,2022,0.0,0.013040794990956783,-0.013040794990956783,-0.005758290223689393
26035316,ESCOLA DE REFERENCIA EM ENSINO MEDIO JORNALISTA JOAO FERREIRA GOMES,Petrolina,2022,0.0,0.01305349450558424,-0.01305349450558424,-0.005763897818239847
26123592,ESCOLA DE REFERENCIA EM ENSINO MEDIO PROFESSOR TRAJANO DE MENDONCA,Recife,2022,0.0,0.013058340176939964,-0.013058340176939964,-0.00576603747168998
26525798,ESCOLA TECNICA ESTADUAL ADERICO ALVES DE VASCONCELOS,Goiana,2023,0.0,0.01307485532015562,-0.01307485532015562,-0.005773329894259885
26125250,ESCOLA DE REFERENCIA EM ENSINO MEDIO PROFESSOR FERNANDO MOTA,Recife,2022,0.0,0.013118082657456398,-0.013118082657456398,-0.005792417346669634
26181282,ESCOLA TECNICA ESTADUAL JOSE ALENCAR GOMES DA SILVA,Paulista,2022,0.0,0.013182040303945541,-0.013182040303945541,-0.005820658469297818
26187825,ESCOLA TECNICA ESTADUAL JURANDIR BEZERRA LINS,Igarassu,2023,0.0,0.013182040303945541,-0.013182040303945541,-0.005820658469297818
26129094,ESCOLA DE REFERENCIA EM ENSINO MEDIO CONDE PEREIRA CARNEIRO,São Lourenço da Mata,2023,0.0,0.013192187994718552,-0.013192187994718552,-0.005825139281135728
26178656,ESCOLA DE REFERENCIA EM ENSINO MEDIO DE PANELAS,Panelas,2023,0.0,0.013214333914220333,-0.013214333914220333,-0.005834918027895428
26109042,ESCOLA DE REFERENCIA EM ENSINO MEDIO RODOLFO AURELIANO,Jaboatão dos Guararapes,2022,0.0,0.013276893645524979,-0.013276893645524979,-0.005862541887439112
26176254,ESCOLA TECNICA ESTADUAL JOSE NIVALDO PEREIRA RAMOS,Santa Cruz do Capibaribe,2022,0.0,0.013330264948308468,-0.013330264948308468,-0.005886108506748507
26058430,ESCOLA DE REFERENCIA EM ENSINO MEDIO JOSE DE ALMEIDA MACIEL,Pesqueira,2022,0.0,0.013333756476640701,-0.013333756476640701,-0.005887650225138772
26129094,ESCOLA DE REFERENCIA EM ENSINO MEDIO CONDE PEREIRA CARNEIRO,São Lourenço da Mata,2022,0.0,0.01335144229233265,-0.01335144229233265,-0.00589545956955892
26125250,ESCOLA DE REFERENCIA EM ENSINO MEDIO PROFESSOR FERNANDO MOTA,Recife,2023,0.0,0.013356126844882965,-0.013356126844882965,-0.005897528079429027
26179610,ESCOLA DE REFERENCIA EM ENSINO MEDIO NOBREGA,Recife,2022,0.0,0.013356126844882965,-0.013356126844882965,-0.005897528079429027
26172712,ESCOLA DE REFERENCIA EM ENSINO MEDIO GINASIO PERNAMBUCANO - AURORA,Recife,2023,0.0,0.013356126844882965,-0.013356126844882965,-0.005897528079429027
26181282,ESCOLA TECNICA ESTADUAL JOSE ALENCAR GOMES DA SILVA,Paulista,2023,0.0,0.013412097468972206,-0.013412097468972206,-0.005922242454413863
26104229,ESCOLA DE REFERENCIA EM ENSINO MEDIO PROFESSOR CARLOS JOSE DIAS DA SILVA,São José da Coroa Grande,2023,0.0,0.013415200635790825,-0.013415200635790825,-0.0059236126879898465
26122685,ESCOLA TECNICA ESTADUAL PROFESSOR AGAMENON MAGALHAES - ETEPAM,Recife,2022,0.0,0.01342066191136837,-0.01342066191136837,-0.005926024167488516
26187965,ESCOLA TECNICA ESTADUAL PROFESSORA MARIA WILZA BARROS DE MIRANDA,Petrolina,2022,0.0,0.013470319099724293,-0.013470319099724293,-0.0059479507833462225
26104920,ESCOLA DE REFERENCIA EM ENSINO MEDIO DOUTOR EURICO CHAVES,Sirinhaém,2023,0.0,0.013535507954657078,-0.013535507954657078,-0.005976735558071481
26088282,ESCOLA DE REFERENCIA EM ENSINO MEDIO JOAQUIM OLAVO,Carpina,2023,0.0,0.01363374199718237,-0.01363374199718237,-0.006020111757689612
26187051,ESCOLA TECNICA ESTADUAL MINISTRO FERNANDO LYRA,Caruaru,2023,0.0,0.013654191046953201,-0.013654191046953201,-0.006029141235068927
26132001,ESCOLA DE REFERENCIA EM ENSINO MEDIO ARQUIPELAGO FERNANDO DE NORONHA,Fernando de Noronha,2023,0.0,0.01367194764316082,-0.01367194764316082,-0.006036981833316138
26058430,ESCOLA DE REFERENCIA EM ENSINO MEDIO JOSE DE ALMEIDA MACIEL,Pesqueira,2023,0.0,0.013756344094872475,-0.013756344094872475,-0.006074247909743403
26061023,ESCOLA DE REFERENCIA EM ENSINO MEDIO NOSSA SENHORA DE FATIMA,Sanharó,2022,0.0,0.01377764344215393,-0.01377764344215393,-0.006083652844282043
26117290,ESCOLA DE REFERENCIA EM ENSINO MEDIO PADRE OSMAR NOVAES,Paulista,2023,0.0,0.01378963515162468,-0.01378963515162468,-0.006088947900561865
26122278,ESCOLA DE REFERENCIA EM ENSINO MEDIO REGUEIRA COSTA,Recife,2023,0.0,0.013799107633531094,-0.013799107633531094,-0.006093130567338975
26178656,ESCOLA DE REFERENCIA EM ENSINO MEDIO DE PANELAS,Panelas,2022,0.0,0.013831358402967453,-0.013831358402967453,-0.006107371209146521
26525720,ESCOLA TECNICA ESTADUAL MARIA EDUARDA RAMOS DE BARROS,Carpina,2022,0.0,0.01383192278444767,-0.01383192278444767,-0.006107620417293893
26109468,ESCOLA DE REFERENCIA EM ENSINO MEDIO VILA RICA,Jaboatão dos Guararapes,2023,0.0,0.013923528604209423,-0.013923528604209423,-0.0061480698605013775
26179610,ESCOLA DE REFERENCIA EM ENSINO MEDIO NOBREGA,Recife,2023,0.0,0.013941594399511814,-0.013941594399511814,-0.006156046988624707
26039702,ESCOLA DE REFERENCIA EM ENSINO MEDIO TERCINA RORIZ,Belém do São Francisco,2023,0.0,0.013984210789203644,-0.013984210789203644,-0.006174864671158753
26110016,ESCOLA DE REFERENCIA EM ENSINO MEDIO FREI JABOATAO,Jaboatão dos Guararapes,2022,0.0,0.014004852622747421,-0.014004852622747421,-0.006183979274093358
26098920,ESCOLA TECNICA ESTADUAL LUIZ DIAS LINS,Escada,2022,0.0,0.01404352393001318,-0.01404352393001318,-0.006201054967003194
26114720,ESCOLA DE REFERENCIA EM ENSINO MEDIO PROFESSOR ERNESTO SILVA,Olinda,2022,0.0,0.014092512428760529,-0.014092512428760529,-0.006222686316442066
26111314,ESCOLA DE REFERENCIA EM ENSINO MEDIO SATURNINO DE BRITO,Jaboatão dos Guararapes,2022,0.0,0.0141498614102602,-0.0141498614102602,-0.006248009318585501
26136460,ESCOLA DE REFERENCIA EM ENSINO MEDIO SANTA ANA,Olinda,2023,0.0,0.014186963438987732,-0.014186963438987732,-0.00626439208125058
26525836,ESCOLA TECNICA ESTADUAL ANTONIO ARRUDA DE FARIAS,Surubim,2023,0.0,0.014197726733982563,-0.014197726733982563,-0.006269144719137028
26034298,ESCOLA DE REFERENCIA EM ENSINO MEDIO ANTONIO PADILHA,Petrolina,2023,0.0,0.01423729583621025,-0.01423729583621025,-0.006286616842169087
26117290,ESCOLA DE REFERENCIA EM ENSINO MEDIO PADRE OSMAR NOVAES,Paulista,2022,0.0,0.014286440797150135,-0.014286440797150135,-0.006308317279015152
26098920,ESCOLA TECNICA ESTADUAL LUIZ DIAS LINS,Escada,2023,0.0,0.014325691387057304,-0.014325691387057304,-0.006325648759825426
26179997,ESCOLA DE REFERENCIA EM ENSINO MEDIO PROFESSORA EDITE MATOS,Santa Maria da Boa Vista,2023,0.0,0.014445328153669834,-0.014445328153669834,-0.006378475541019093
26111225,ESCOLA DE REFERENCIA EM ENSINO MEDIO PROFESSOR EPITACIO ANDRE DIAS,Jaboatão dos Guararapes,2023,0.0,0.014448094181716442,-0.014448094181716442,-0.00637969690768196
26125048,ESCOLA TECNICA ESTADUAL JOAO BEZERRA,Recife,2022,0.0,0.01445098128169775,-0.01445098128169775,-0.006380971734838488
26035979,ESCOLA DE REFERENCIA EM ENSINO FUNDAMENTAL E MEDIO PADRE LUIZ CASSIANO,Petrolina,2022,0.0,0.014462800696492195,-0.014462800696492195,-0.006386190712723484
26178087,ESCOLA DE REFERENCIA EM ENSINO MEDIO CABO DE SANTO AGOSTINHO,Cabo de Santo Agostinho,2022,0.0,0.014479443430900574,-0.014479443430900574,-0.006393539474429015
26178028,ESCOLA DE REFERENCIA EM ENSINO MEDIO DE IPOJUCA,Ipojuca,2023,0.0,0.014584782533347607,-0.014584782533347607,-0.006440052982555905
26108038,ESCOLA DE REFERENCIA EM ENSINO MEDIO TITO PEREIRA DE OLIVEIRA,Camaragibe,2022,0.0,0.01461892668157816,-0.01461892668157816,-0.006455129664237393
26104229,ESCOLA DE REFERENCIA EM ENSINO MEDIO PROFESSOR CARLOS JOSE DIAS DA SILVA,São José da Coroa Grande,2022,0.0,0.014766832813620567,-0.014766832813620567,-0.006520439059466297
26124653,ESCOLA DE REFERENCIA EM ENSINO MEDIO LAGOA ENCANTADA,Recife,2023,0.0,0.014800133183598518,-0.014800133183598518,-0.006535143162630425
26125048,ESCOLA TECNICA ESTADUAL JOAO BEZERRA,Recife,2023,0.0,0.014991815201938152,-0.014991815201938152,-0.006619782227428819
26043335,ESCOLA DE REFERENCIA EM ENSINO MEDIO JOAO BATISTA DE VASCONCELOS - TACARATU,Tacaratu,2022,0.0,0.015160655602812767,-0.015160655602812767,-0.006694335353246247
26122510,ESCOLA DE REFERENCIA EM ENSINO MEDIO CLOVIS BEVILAQUA,Recife,2023,0.0,0.015298403799533844,-0.015298403799533844,-0.006755159413057008
26066572,ESCOLA DE REFERENCIA EM ENSINO MEDIO GIL RODRIGUES,Vertentes,2023,0.0,0.01531007420271635,-0.01531007420271635,-0.006760312593411345
26065401,ESCOLA DE REFERENCIA EM ENSINO MEDIO ANA FAUSTINA,Surubim,2022,0.2,0.21534176170825958,-0.015341761708259571,-0.006774304520552993
26525836,ESCOLA TECNICA ESTADUAL ANTONIO ARRUDA DE FARIAS,Surubim,2022,0.0,0.015393953770399094,-0.015393953770399094,-0.006797350434654135
26099489,ESCOLA DE REFERENCIA EM ENSINO MEDIO MONSENHOR JOAO RODRIGUES DE CARVALHO,Escada,2023,0.0,0.015398147515952587,-0.015398147515952587,-0.006799202223907634
26128497,ESCOLA TECNICA ESTADUAL PROFESSOR ALFREDO FREYRE,Recife,2023,0.0,0.015407704748213291,-0.015407704748213291,-0.0068034223130303065
26115999,ESCOLA DE REFERENCIA EM ENSINO MEDIO JOSE MANUEL DE QUEIROZ,Paulista,2023,0.0,0.01542916614562273,-0.01542916614562273,-0.0068128988023835385
26031272,ESCOLA DE REFERENCIA EM ENSINO MEDIO JOSE CALDAS CAVALCANTI,Cabrobó,2023,0.0,0.015476043336093426,-0.015476043336093426,-0.006833597883059879
26139120,ESCOLA DE REFERENCIA EM ENSINO MEDIO HONORIO BERNARDES DA SILVA,Belém do São Francisco,2023,0.0,0.015532496385276318,-0.015532496385276318,-0.006858525277550225
26109441,ESCOLA DE REFERENCIA EM ENSINO MEDIO DESPORTISTA RUBEM RODRIGUES MOREIRA,Jaboatão dos Guararapes,2022,0.0,0.015537899918854237,-0.015537899918854237,-0.0068609112605057644
26179997,ESCOLA DE REFERENCIA EM ENSINO MEDIO PROFESSORA EDITE MATOS,Santa Maria da Boa Vista,2022,0.0,0.015637574717402458,-0.015637574717402458,-0.00690492363999846
26095289,ESCOLA TECNICA ESTADUAL JOSE JOAQUIM DA SILVA FILHO,Vitória de Santo Antão,2022,0.0,0.01568695716559887,-0.01568695716559887,-0.006926728941659013
26090902,ESCOLA DE REFERENCIA EM ENSINO MEDIO DON VIEIRA,Nazaré da Mata,2022,0.0,0.0156879723072052,-0.0156879723072052,-0.00692717718733663
26088282,ESCOLA DE REFERENCIA EM ENSINO MEDIO JOAQUIM OLAVO,Carpina,2022,0.0,0.01582188718020916,-0.01582188718020916,-0.006986308605671176
26109441,ESCOLA DE REFERENCIA EM ENSINO MEDIO DESPORTISTA RUBEM RODRIGUES MOREIRA,Jaboatão dos Guararapes,2023,0.0,0.015838420018553734,-0.015838420018553734,-0.006993608841697845
26128721,ESCOLA DE REFERENCIA EM ENSINO MEDIO PROFESSOR MARDONIO DE ANDRADE LIMA COELHO,Recife,2022,0.0,0.01583997905254364,-0.01583997905254364,-0.006994297248362371
26188554,ESCOLA TECNICA ESTADUAL FRANCISCO DE MATOS SOBRINHO,Bom Conselho,2023,0.0,0.015902481973171234,-0.015902481973171234,-0.007021896022597491
26069318,ESCOLA DE REFERENCIA EM ENSINO MEDIO DOUTOR SEBASTIAO DE VASCONCELOS GALVAO,Limoeiro,2023,0.0,0.015921078622341156,-0.015921078622341156,-0.007030107554423795
26039702,ESCOLA DE REFERENCIA EM ENSINO MEDIO TERCINA RORIZ,Belém do São Francisco,2022,0.0,0.015963291749358177,-0.015963291749358177,-0.0070487471723904935
26188554,ESCOLA TECNICA ESTADUAL FRANCISCO DE MATOS SOBRINHO,Bom Conselho,2022,0.0,0.016540758311748505,-0.016540758311748505,-0.007303733165424326
26116413,ESCOLA DE REFERENCIA EM ENSINO MEDIO RADIALISTA LUIZ QUEIROGA,Paulista,2022,0.0,0.016697948798537254,-0.016697948798537254,-0.007373142158047882
26088851,ESCOLA DE REFERENCIA EM ENSINO MEDIO AUGUSTO GONDIM,Goiana,2023,0.0,0.016837479546666145,-0.016837479546666145,-0.007434753320819157
26138875,ANEXO I DO COLEGIO DA POLICIA MILITAR PETROLINA,Petrolina,2023,0.0,0.01698756217956543,-0.01698756217956543,-0.007501023771230257
26136455,ESCOLA DE REFERENCIA EM ENSINO MEDIO MARECHAL FLORIANO PEIXOTO,Olinda,2023,0.0,0.017132939770817757,-0.017132939770817757,-0.007565216664610783
26069318,ESCOLA DE REFERENCIA EM ENSINO MEDIO DOUTOR SEBASTIAO DE VASCONCELOS GALVAO,Limoeiro,2022,0.0,0.017528805881738663,-0.017528805881738663,-0.007740015207029901
26098482,ESCOLA DE REFERENCIA EM ENSINO MEDIO MENDO SAMPAIO,Catende,2023,0.0,0.017566172406077385,-0.017566172406077385,-0.0077565147603119
26042037,ESCOLA DE REFERENCIA EM ENSINO MEDIO DE JATOBA,Petrolândia,2023,0.0,0.017681417986750603,-0.017681417986750603,-0.0078074025705239455
26122227,ESCOLA DE REFERENCIA EM ENSINO FUNDAMENTAL E ENSINO MEDIO GOVERNADOR BARBOSA LIMA,Recife,2023,0.0,0.017750833183526993,-0.017750833183526993,-0.007838053527712533
26122685,ESCOLA TECNICA ESTADUAL PROFESSOR AGAMENON MAGALHAES - ETEPAM,Recife,2023,0.0,0.01777370646595955,-0.01777370646595955,-0.007848153448668764
26110199,ESCOLA DE REFERENCIA EM ENSINO MEDIO MURILO BRAGA,Jaboatão dos Guararapes,2023,0.0,0.017922280356287956,-0.017922280356287956,-0.007913757699081935
26042053,ESCOLA DE REFERENCIA EM ENSINO MEDIO DE ITAPARICA,Jatobá,2022,0.0,0.017927374690771103,-0.017927374690771103,-0.007916007152161357
26101084,ESCOLA DE REFERENCIA EM ENSINO MEDIO MONSENHOR ABILIO AMERICO GALVAO,Palmares,2023,0.0,0.017942305654287338,-0.017942305654287338,-0.007922600064733437
26106701,ESCOLA DE REFERENCIA EM ENSINO FUNDAMENTAL E MEDIO PASTOR AMARO DE SENA,Abreu e Lima,2023,0.0,0.017944617196917534,-0.017944617196917534,-0.007923620748927792
26177013,ESCOLA DE REFERENCIA EM ENSINO MEDIO DE BEZERROS,Bezerros,2023,0.0,0.0179978609085083,-0.0179978609085083,-0.00794713102910156
26031272,ESCOLA DE REFERENCIA EM ENSINO MEDIO JOSE CALDAS CAVALCANTI,Cabrobó,2022,0.0,0.018052170053124428,-0.018052170053124428,-0.007971111761619541
26075920,ESCOLA PROFESSORA ELVIRA VIANA,Garanhuns,2023,0.0,0.01824996992945671,-0.01824996992945671,-0.008058452226286074
26066572,ESCOLA DE REFERENCIA EM ENSINO MEDIO GIL RODRIGUES,Vertentes,2022,0.0,0.01838468573987484,-0.01838468573987484,-0.008117937306347914
26036193,ESCOLA NUCLEO DE MORADORES-7,Petrolina,2022,0.0,0.0186598002910614,-0.0186598002910614,-0.00823941681979712
26036266,ESCOLA SAO JOSE - PETROLINA,Petrolina,2023,0.0,0.01879914291203022,-0.01879914291203022,-0.008300944913185938
26135555,ESCOLA DE REFERENCIA EM ENSINO MEDIO ESCRITOR PAULO CAVALCANTI,Olinda,2023,0.0,0.01885591819882393,-0.01885591819882393,-0.008326014594836334
26113724,ESCOLA MONSENHOR ARRUDA CAMARA,Olinda,2022,0.0,0.018864406272768974,-0.018864406272768974,-0.008329762586676524
26075970,ESCOLA SAO CRISTOVAO,Garanhuns,2022,0.0,0.019133860245347023,-0.019133860245347023,-0.008448742616429803
26137149,ESCOLA DE REFERENCIA EM ENSINO FUNDAMENTAL E MEDIO STELA MARIA DOS SANTOS PINTO BARROS,Abreu e Lima,2023,0.0,0.01914392039179802,-0.01914392039179802,-0.008453184772218451
26113805,ESCOLA DE REFERENCIA EM ENSINO MEDIO PINTOR MANOEL BANDEIRA,Olinda,2022,0.0,0.019193248823285103,-0.019193248823285103,-0.00847496622227414
26127415,ESCOLA DE REFERENCIA EM ENSINO MEDIO OLINTO VICTOR,Recife,2023,0.0,0.01934155635535717,-0.01934155635535717,-0.008540452859601259
26073498,ESCOLA DE REFERENCIA EM ENSINO MEDIO LUIZ PEREIRA JUNIOR,Caetés,2022,0.1,0.11935797333717346,-0.019357973337173456,-0.008547701938047839
26131668,ESCOLA ANIBAL CARDOSO,Ipojuca,2022,0.0,0.019399913027882576,-0.019399913027882576,-0.008566220817545779
26113635,ESCOLA DE REFERENCIA EM ENSINO FUNDAMENTAL E MEDIO MARIA EMILIA ROMEIRO ESTELITA,Olinda,2023,0.0,0.019603626802563667,-0.019603626802563667,-0.00865617262171036
26111225,ESCOLA DE REFERENCIA EM ENSINO MEDIO PROFESSOR EPITACIO ANDRE DIAS,Jaboatão dos Guararapes,2022,0.0,0.01972200535237789,-0.01972200535237789,-0.008708443825004521
26089238,ESCOLA CEL JOSE PINTO DE ABREU,Goiana,2023,0.0,0.01981370523571968,-0.01981370523571968,-0.008748934802903235
26122278,ESCOLA DE REFERENCIA EM ENSINO MEDIO REGUEIRA COSTA,Recife,2022,0.0,0.01981794834136963,-0.01981794834136963,-0.008750808387588764
26106060,ESCOLA DE REFERENCIA EM ENSINO MEDIO ALBERTO AUGUSTO DE MORAIS PRADINES,Ilha de Itamaracá,2022,0.0,0.019887089729309082,-0.019887089729309082,-0.008781338441814763
26034336,ESCOLA DE REFERENCIA EM ENSINO MEDIO DOM MALAN,Petrolina,2023,0.0,0.01991260051727295,-0.01991260051727295,-0.008792602979063667
26035979,ESCOLA DE REFERENCIA EM ENSINO FUNDAMENTAL E MEDIO PADRE LUIZ CASSIANO,Petrolina,2023,0.0,0.01997612789273262,-0.01997612789273262,-0.008820654111322072
26020971,ESCOLA DE REFERENCIA EM ENSINO MEDIO CORNELIO SOARES,Serra Talhada,2023,0.5,0.5200189352035522,-0.020018935203552246,-0.008839556096942276
26102552,ESCOLA DE REFERENCIA EM ENSINO MEDIO JOAO LOPES DE SIQUEIRA SANTOS,Ribeirão,2023,0.0,0.02013084851205349,-0.02013084851205349,-0.008888972509874948
26121310,ESCOLA DE REFERENCIA EM ENSINO MEDIO MANOEL BORBA,Recife,2022,0.0,0.020205728709697723,-0.020205728709697723,-0.008922036591500471
26171198,ESCOLA DE REFERENCIA EM ENSINO FUNDAMENTAL E MEDIO PROFESSORA MARIA EUGENIA LOPES GOMES,Cabo de Santo Agostinho,2023,0.0,0.020291991531848907,-0.020291991531848907,-0.008960126781999247
26063999,ESCOLA DE REFERENCIA EM ENSINO MEDIO PADRE ZUZINHA,Santa Cruz do Capibaribe,2023,0.0,0.02029859833419323,-0.02029859833419323,-0.008963044080014863
26127300,ESCOLA DE REFERENCIA EM ENSINO MEDIO DIARIO DE PERNAMBUCO,Recife,2023,0.0,0.020329618826508522,-0.020329618826508522,-0.0089767414809599
26111314,ESCOLA DE REFERENCIA EM ENSINO MEDIO SATURNINO DE BRITO,Jaboatão dos Guararapes,2023,0.0,0.020371193066239357,-0.020371193066239357,-0.008995098992013896
26107945,ESCOLA DE REFERENCIA EM ENSINO MEDIO PROFESSOR CARLOS FREDERICO DO REGO MACIEL,Camaragibe,2023,0.0,0.020371193066239357,-0.020371193066239357,-0.008995098992013896
26107937,ESCOLA DE REFERENCIA EM ENSINO MEDIO PROFESSOR ANTONIO CARNEIRO LEAO,Camaragibe,2022,0.0,0.020371193066239357,-0.020371193066239357,-0.008995098992013896
26034441,ESCOLA DE REFERENCIA EM ENSINO MEDIO MARECHAL ANTONIO ALVES FILHO,Petrolina,2023,0.0,0.020425479859113693,-0.020425479859113693,-0.00901906985490228
26113805,ESCOLA DE REFERENCIA EM ENSINO MEDIO PINTOR MANOEL BANDEIRA,Olinda,2023,0.0,0.020437654107809067,-0.020437654107809067,-0.00902444551315716
26130114,ESCOLA DE REFERENCIA EM ENSINO MEDIO PASTOR JOSE FLORENCIO RODRIGUES,Cabo de Santo Agostinho,2023,0.0,0.020443765446543694,-0.020443765446543694,-0.009027144034383332
26098482,ESCOLA DE REFERENCIA EM ENSINO MEDIO MENDO SAMPAIO,Catende,2022,0.0,0.0206182599067688,-0.0206182599067688,-0.00910419376525472
26127334,ESCOLA DE REFERENCIA EM ENSINO MEDIO JORNALISTA TRAJANO CHACON,Recife,2022,0.0,0.020637204870581627,-0.020637204870581627,-0.009112559098808941
26107562,ESCOLA DE REFERENCIA EM ENSINO FUNDAMENTAL E MEDIO CONSELHEIRO SAMUEL MAC DOWELL,Camaragibe,2022,0.0,0.02085878513753414,-0.02085878513753414,-0.009210400026899594
26165112,ESCOLA SANTA SOFIA,Camaragibe,2022,0.0,0.020873675122857094,-0.020873675122857094,-0.009216974845150744
26130203,ESCOLA DE REFERENCIA EM ENSINO MEDIO SENADOR FRANCISCO PESSOA DE QUEIROZ,Cabo de Santo Agostinho,2023,0.0,0.02102546952664852,-0.02102546952664852,-0.009284001144695294
26191229,ESCOLA TECNICA ESTADUAL PROFESSORA MARIA AMELIA DE FREITAS ARAUJO,Cabrobó,2023,0.0,0.021089404821395874,-0.021089404821395874,-0.009312232397693878
26112701,ESCOLA DE REFERENCIA EM ENSINO MEDIO DE OLINDA,Olinda,2023,0.0,0.021095018833875656,-0.021095018833875656,-0.009314711319661474
26111195,ESCOLA PEDRO BARROS FILHO,Jaboatão dos Guararapes,2023,0.0,0.02124175615608692,-0.02124175615608692,-0.009379504615509269
26088851,ESCOLA DE REFERENCIA EM ENSINO MEDIO AUGUSTO GONDIM,Goiana,2022,0.0,0.02125772461295128,-0.02125772461295128,-0.009386555643388566
26101084,ESCOLA DE REFERENCIA EM ENSINO MEDIO MONSENHOR ABILIO AMERICO GALVAO,Palmares,2022,0.0,0.02130742371082306,-0.02130742371082306,-0.009408500764801769
26109042,ESCOLA DE REFERENCIA EM ENSINO MEDIO RODOLFO AURELIANO,Jaboatão dos Guararapes,2023,0.0,0.02135651931166649,-0.02135651931166649,-0.009430179406215803
26122120,COLEGIO DA POLICIA MILITAR DE PERNAMBUCO,Recife,2023,0.0,0.021414024755358696,-0.021414024755358696,-0.00945557149576643
26116324,ESCOLA DE REFERENCIA EM ENSINO MEDIO PROFESSOR ARNALDO CARNEIRO LEAO,Paulista,2022,0.0,0.021494878455996513,-0.021494878455996513,-0.009491273235902268
26131668,ESCOLA ANIBAL CARDOSO,Ipojuca,2023,0.0,0.02161867916584015,-0.02161867916584015,-0.0095459386468433
26123592,ESCOLA DE REFERENCIA EM ENSINO MEDIO PROFESSOR TRAJANO DE MENDONCA,Recife,2023,0.0,0.021662352606654167,-0.021662352606654167,-0.009565223080610462
26113856,ESCOLA DE REFERENCIA EM ENSINO MEDIO PROFESSOR ESTEVAO PINTO,Olinda,2022,0.0,0.021670250222086906,-0.021670250222086906,-0.009568710349735415
26099489,ESCOLA DE REFERENCIA EM ENSINO MEDIO MONSENHOR JOAO RODRIGUES DE CARVALHO,Escada,2022,0.0,0.021771473810076714,-0.021771473810076714,-0.009613406612312402
26136489,ESCOLA DE REFERENCIA EM ENSINO MEDIO ESCRITOR JOSE DE ALENCAR,Paulista,2023,0.0,0.021923769265413284,-0.021923769265413284,-0.009680654156053795
26525852,ESCOLA DE REFERENCIA EM ENSINO MEDIO PROFESSOR DENIVAL JOSE RODRIGUES DE MELO,Itaquitinga,2023,0.0,0.021999729797244072,-0.021999729797244072,-0.0097141952697766
26111071,ESCOLA JOSE GLICERIO,Jaboatão dos Guararapes,2022,0.0,0.022101277485489845,-0.022101277485489845,-0.009759034641982772
26127334,ESCOLA DE REFERENCIA EM ENSINO MEDIO JORNALISTA TRAJANO CHACON,Recife,2023,0.0,0.02210804633796215,-0.02210804633796215,-0.009762023494812979
26054884,ESCOLA DE REFERENCIA EM ENSINO MEDIO PROFESSORA ADELIA LEAL FERREIRA,Caruaru,2022,0.0,0.022163845598697662,-0.022163845598697662,-0.009786662202637556
26128721,ESCOLA DE REFERENCIA EM ENSINO MEDIO PROFESSOR MARDONIO DE ANDRADE LIMA COELHO,Recife,2023,0.0,0.02224360592663288,-0.02224360592663288,-0.009821881153392178
26097257,ESCOLA DE REFERENCIA EM ENSINO MEDIO DOUTOR ANTHENOR GUIMARAES,Barreiros,2023,0.0,0.022275397554039955,-0.022275397554039955,-0.00983591905655838
26123479,ESCOLA DE REFERENCIA EM ENSINO MEDIO ALBERTO TORRES,Recife,2022,0.0,0.02241675555706024,-0.02241675555706024,-0.009898337061549366
26117045,ESCOLA DE REFERENCIA EM ENSINO MEDIO DANTAS BARRETO,Paulista,2022,0.0,0.02241675555706024,-0.02241675555706024,-0.009898337061549366
26111209,ESCOLA DE REFERENCIA EM ENSINO MEDIO PROFESSOR BENEDITO CUNHA MELO,Jaboatão dos Guararapes,2022,0.0,0.02241675555706024,-0.02241675555706024,-0.009898337061549366
26121310,ESCOLA DE REFERENCIA EM ENSINO MEDIO MANOEL BORBA,Recife,2023,0.0,0.02241675555706024,-0.02241675555706024,-0.009898337061549366
26054876,ESCOLA DE REFERENCIA EM ENSINO MEDIO PROFESSOR VICENTE MONTEIRO,Caruaru,2022,0.0,0.022547882050275803,-0.022547882050275803,-0.009956237243591445
26035111,ESCOLA DE REFERENCIA EM ENSINO FUNDAMENTAL E MEDIO PROFESSOR MANOEL XAVIER PAES BARRETO,Petrolina,2023,0.0,0.02275657095015049,-0.02275657095015049,-0.01004838586281092
26110270,ESCOLA DE REFERENCIA EM ENSINO MEDIO PROFESSOR MOACYR DE ALBUQUERQUE,Jaboatão dos Guararapes,2023,0.0,0.0227794386446476,-0.0227794386446476,-0.010058483316359751
26065592,ESCOLA DE REFERENCIA EM ENSINO MEDIO SEVERINO CORDEIRO DE ARRUDA,Taquaritinga do Norte,2023,0.0,0.02285769023001194,-0.02285769023001194,-0.010093036067116446
26097117,ESCOLA DE REFERENCIA EM ENSINO MEDIO ANTONIO ALVES DE ARAUJO,Amaraji,2023,0.0,0.02285769023001194,-0.02285769023001194,-0.010093036067116446
26065592,ESCOLA DE REFERENCIA EM ENSINO MEDIO SEVERINO CORDEIRO DE ARRUDA,Taquaritinga do Norte,2022,0.0,0.02285769023001194,-0.02285769023001194,-0.010093036067116446
26123720,ESCOLA DE REFERENCIA EM ENSINO FUNDAMENTAL E MEDIO BARAO DO BONITO,Recife,2023,0.0,0.022869933396577835,-0.022869933396577835,-0.010098442156729255
26113635,ESCOLA DE REFERENCIA EM ENSINO FUNDAMENTAL E MEDIO MARIA EMILIA ROMEIRO ESTELITA,Olinda,2022,0.0,0.023004524409770966,-0.023004524409770966,-0.010157872131359168
26076357,ESCOLA INSTITUTO PRESBITERIANO DE HELIOPOLIS,Garanhuns,2023,0.0,0.023171354085206985,-0.023171354085206985,-0.010231537401747261
26113333,ESCOLA CONEGO JONAS TAURINO,Olinda,2022,0.0,0.023188123479485512,-0.023188123479485512,-0.010238942091353852
26054809,ESCOLA DE REFERENCIA EM ENSINO MEDIO PADRE ZACARIAS TAVARES,Caruaru,2022,0.0,0.023248102515935898,-0.023248102515935898,-0.010265426419913428
26130521,ESCOLA DE REFERENCIA EM ENSINO MEDIO ZUMBI DOS PALMARES,Cabo de Santo Agostinho,2023,0.0,0.023317670449614525,-0.023317670449614525,-0.01029614481957094
26116308,ESCOLA DE REFERENCIA EM ENSINO FUNDAMENTAL E MEDIO PRESIDENTE CASTELO BRANCO,Paulista,2022,0.0,0.023334573954343796,-0.023334573954343796,-0.010303608726955127
26113953,ESCOLA DE REFERENCIA EM ENSINO FUNDAMENTAL E ENSINO MEDIO COSTA AZEVEDO,Olinda,2023,0.0,0.023334573954343796,-0.023334573954343796,-0.010303608726955127
26102552,ESCOLA DE REFERENCIA EM ENSINO MEDIO JOAO LOPES DE SIQUEIRA SANTOS,Ribeirão,2022,0.0,0.023398805409669876,-0.023398805409669876,-0.010331970752545896
26116634,ESCOLA DE REFERENCIA EM ENSINO FUNDAMENTAL E MEDIO PROFESSORA MARIA DO CARMO PINTO RIBEIRO,Paulista,2023,0.0,0.023435430601239204,-0.023435430601239204,-0.010348142963112865
26185750,ESCOLA TECNICA ESTADUAL JORNALISTA CYL GALLINDO,Buíque,2023,0.0,0.023476455360651016,-0.023476455360651016,-0.010366257845772555
26107562,ESCOLA DE REFERENCIA EM ENSINO FUNDAMENTAL E MEDIO CONSELHEIRO SAMUEL MAC DOWELL,Camaragibe,2023,0.0,0.023605506867170334,-0.023605506867170334,-0.010423241797200201
26067137,ESCOLA DE REFERENCIA EM ENSINO MEDIO DOUTOR MOTA SILVEIRA,Bom Jardim,2023,0.0,0.023717831820249557,-0.023717831820249557,-0.01047283997581132
26035111,ESCOLA DE REFERENCIA EM ENSINO FUNDAMENTAL E MEDIO PROFESSOR MANOEL XAVIER PAES BARRETO,Petrolina,2022,0.0,0.02373325079679489,-0.02373325079679489,-0.01047964837529631
26036215,ESCOLA NUCLEO DE MORADORES - 9,Petrolina,2022,0.0,0.023793786764144897,-0.023793786764144897,-0.010506378622126725
26133949,ESCOLA DE REFERENCIA EM ENSINO MEDIO PROFESSORA CARLOTA BRECKENFELD,Tabira,2023,0.0,0.023795580491423607,-0.023795580491423607,-0.010507170659902039
26054914,ESCOLA DE REFERENCIA EM ENSINO MEDIO PROFESSORA ELISETE LOPES DE LIMA PIRES,Caruaru,2023,0.0,0.023917797952890396,-0.023917797952890396,-0.010561136972079815
26070260,ESCOLA DE REFERENCIA EM ENSINO MEDIO ABILIO DE SOUZA BARBOSA,Orobó,2022,0.0,0.023975100368261337,-0.023975100368261337,-0.01058643941249492
26106353,ESCOLA DE REFERENCIA EM ENSINO MEDIO SENADOR JOSE ERMIRIO DE MORAES,Itapissuma,2023,0.0,0.02405165135860443,-0.02405165135860443,-0.010620241248932964
26115964,ESCOLA GOVERNADOR ERALDO GUEIROS LEITE,Paulista,2023,0.0,0.024250982329249382,-0.024250982329249382,-0.010708257783227022
26075768,ESCOLA DE REFERENCIA EM ENSINO MEDIO HENRIQUE DIAS,Garanhuns,2022,0.0,0.024480748921632767,-0.024480748921632767,-0.01080971346315828
26036215,ESCOLA NUCLEO DE MORADORES - 9,Petrolina,2023,0.0,0.024486232548952103,-0.024486232548952103,-0.01081213481228655
26098504,ESCOLA DE REFERENCIA EM ENSINO FUNDAMENTAL E MEDIO TOBIAS BARRETO,Catende,2023,0.0,0.02453996241092682,-0.02453996241092682,-0.010835859756904093
26185741,ESCOLA TECNICA ESTADUAL PROFESSOR FRANCISCO JONAS FEITOSA COSTA,Arcoverde,2023,0.0,0.024586403742432594,-0.024586403742432594,-0.010856366379803254
26154358,ESCOLA DE REFERENCIA EM ENSINO FUNDAMENTAL E ENSINO MEDIO ICO MANDANTES,Petrolândia,2023,0.0,0.02459670417010784,-0.02459670417010784,-0.010860914634110092
26155559,ESCOLA DE REFERENCIA EM ENSINO MEDIO DOM HELDER CAMARA,Lagoa Grande,2022,0.0,0.024689674377441406,-0.024689674377441406,-0.010901966535957677
26055082,ESCOLA DE REFERENCIA EM ENSINO MEDIO PROFESSOR LISBOA,Caruaru,2022,0.0,0.024709664285182953,-0.024709664285182953,-0.010910793274695647
26075911,ESCOLA PROFESSORA ELISA COELHO,Garanhuns,2023,0.0,0.02490345574915409,-0.02490345574915409,-0.010996363785787439
26075911,ESCOLA PROFESSORA ELISA COELHO,Garanhuns,2022,0.0,0.02490345574915409,-0.02490345574915409,-0.010996363785787439
26525801,ESCOLA TECNICA ESTADUAL JOSE HUMBERTO DE MOURA CAVALCANTI,Limoeiro,2023,0.0,0.02506779320538044,-0.02506779320538044,-0.011068928592475252
26116391,ESCOLA PROFESSORA ZULMIRA DE PAULA ALMEIDA,Paulista,2023,0.0,0.025076739490032196,-0.025076739490032196,-0.01107287891172222
26064030,ESCOLA MALAQUIAS CARDOSO ARAGAO,Santa Cruz do Capibaribe,2022,0.0,0.02512184903025627,-0.02512184903025627,-0.011092797469191113
26130203,ESCOLA DE REFERENCIA EM ENSINO MEDIO SENADOR FRANCISCO PESSOA DE QUEIROZ,Cabo de Santo Agostinho,2022,0.0,0.02516966126859188,-0.02516966126859188,-0.011113909429372341
26105888,ESCOLA DE REFERENCIA EM ENSINO FUNDAMENTAL E MEDIO NOVA CRUZ,Igarassu,2023,0.0,0.0252497810870409,-0.0252497810870409,-0.01114928711666968
26106612,ESCOLA MARECHAL COSTA E SILVA,Abreu e Lima,2022,0.0,0.02529921568930149,-0.02529921568930149,-0.011171115447465962
26121948,ESCOLA DE REFERENCIA EM ENSINO MEDIO SYLVIO RABELLO,Recife,2023,0.0,0.025302737951278687,-0.025302737951278687,-0.011172670736596927
26525801,ESCOLA TECNICA ESTADUAL JOSE HUMBERTO DE MOURA CAVALCANTI,Limoeiro,2022,0.0,0.025327183306217194,-0.025327183306217194,-0.011183464821501616
26131692,ESCOLA DE REFERENCIA EM ENSINO MEDIO JOSE MARIO ALVES DA SILVA,Ipojuca,2023,0.0,0.025329064577817917,-0.025329064577817917,-0.011184295515326192
26122510,ESCOLA DE REFERENCIA EM ENSINO MEDIO CLOVIS BEVILAQUA,Recife,2022,0.0,0.02538343518972397,-0.02538343518972397,-0.011208303389325571
26185741,ESCOLA TECNICA ESTADUAL PROFESSOR FRANCISCO JONAS FEITOSA COSTA,Arcoverde,2022,0.0,0.025488007813692093,-0.025488007813692093,-0.01125447845140413
26185750,ESCOLA TECNICA ESTADUAL JORNALISTA CYL GALLINDO,Buíque,2022,0.0,0.02564588561654091,-0.02564588561654091,-0.011324190935137854
26041910,ESCOLA DE REFERENCIA EM ENSINO MEDIO PROFESSORA MARIA DE MENEZES GUIMARAES,Itacuruba,2022,0.0,0.025731254369020462,-0.025731254369020462,-0.011361886340452671
26070260,ESCOLA DE REFERENCIA EM ENSINO MEDIO ABILIO DE SOUZA BARBOSA,Orobó,2023,0.0,0.025752097368240356,-0.025752097368240356,-0.011371089770053668
26113538,ESCOLA DE REFERENCIA EM ENSINO MEDIO GUEDES ALCOFORADO,Olinda,2023,0.0,0.025803430005908012,-0.025803430005908012,-0.011393756196896726
26107996,ESCOLA VALE DAS PEDREIRAS,Camaragibe,2022,0.0,0.02585594914853573,-0.02585594914853573,-0.011416946536577662
26116367,ESCOLA PROFESSORA GENEROSA GIL PEREZ,Paulista,2023,0.0,0.025928279384970665,-0.025928279384970665,-0.011448884657959775
26031914,ESCOLA DE REFERENCIA EM ENSINO MEDIO SENADOR PAULO GUERRA,Cabrobó,2022,0.0,0.025964440777897835,-0.025964440777897835,-0.011464852073712565
26176262,ESCOLA TECNICA ESTADUAL PROFESSORA CELIA SIQUEIRA,São José do Egito,2023,0.0,0.026141174137592316,-0.026141174137592316,-0.011542890412482113
26020955,ESCOLA TECNICA ESTADUAL CLOVIS NOGUEIRA ALVES,Serra Talhada,2023,0.0,0.026307551190257072,-0.026307551190257072,-0.011616355822870827
26093570,ESCOLA DE REFERENCIA EM ENSINO MEDIO PROFESSOR BARROS GUIMARAES,Glória do Goitá,2022,0.0,0.02634502574801445,-0.02634502574801445,-0.011632903079362555
26038536,ESCOLA DE REFERENCIA EM ENSINO MEDIO GUMERCINDO CABRAL,Terra Nova,2023,0.0,0.02644999697804451,-0.02644999697804451,-0.011679254149835628
26107082,ESCOLA PROFESSORA ISAURA DE FRANCA,Abreu e Lima,2022,0.0,0.026493452489376068,-0.026493452489376068,-0.0116984423547142
26121670,ESCOLA DE REFERENCIA EM ENSINO MEDIO POETA MANUEL BANDEIRA,Recife,2022,0.0,0.026498546823859215,-0.026498546823859215,-0.011700691807793621
26113198,ESCOLA ANTONIO SOUTO FILHO,Olinda,2023,0.0,0.0265005212277174,-0.0265005212277174,-0.01170156362507486
26011069,ESCOLA DE REFERENCIA EM ENSINO MEDIO AURA SAMPAIO PARENTE MUNIZ,Salgueiro,2023,0.0,0.026540027931332588,-0.026540027931332588,-0.011719008195390955
26408643,ESCOLA DE REFERENCIA EM ENSINO MEDIO PROFESSORA BENEDITA DE MORAIS GUERRA,Macaparana,2022,0.0,0.026606988161802292,-0.026606988161802292,-0.011748575138261927
26129086,ESCOLA DE REFERENCIA EM ENSINO MEDIO CONDE CORREA DE ARAUJO,São Lourenço da Mata,2022,0.0,0.026682881638407707,-0.026682881638407707,-0.011782086643095937
26133949,ESCOLA DE REFERENCIA EM ENSINO MEDIO PROFESSORA CARLOTA BRECKENFELD,Tabira,2022,0.0,0.026744330301880836,-0.026744330301880836,-0.01180921989980164
26023334,ESCOLA DE REFERENCIA EM FUNDAMENTAL E MEDIO PEDRO PIRES FERREIRA,Tabira,2022,0.0,0.0267521720379591,-0.0267521720379591,-0.011812682494852596
26019949,ESCOLA DE REFERENCIA EM ENSINO FUNDAMENTAL PROFESSOR SEBASTIAO FERREIRA RABELO SOBRINHO,São José do Egito,2022,0.0,0.02679896354675293,-0.02679896354675293,-0.011833343741948808
26113538,ESCOLA DE REFERENCIA EM ENSINO MEDIO GUEDES ALCOFORADO,Olinda,2022,0.0,0.02682545594871044,-0.02682545594871044,-0.01184504172043093
26097117,ESCOLA DE REFERENCIA EM ENSINO MEDIO ANTONIO ALVES DE ARAUJO,Amaraji,2022,0.0,0.026995860040187836,-0.026995860040187836,-0.011920285309085716
26001942,ESCOLA DE REFERENCIA EM ENSINO MEDIO ARTUR BARROS CAVALCANTI,Bodocó,2023,0.0,0.027067210525274277,-0.027067210525274277,-0.011951790811703744
26063999,ESCOLA DE REFERENCIA EM ENSINO MEDIO PADRE ZUZINHA,Santa Cruz do Capibaribe,2022,0.0,0.027136683464050293,-0.027136683464050293,-0.011982467265435462
26148447,ESCOLA DE REFERENCIA EM ENSINO MEDIO DOUTOR ADILSON BEZERRA DE SOUZA,Santa Cruz do Capibaribe,2023,0.0,0.02715204283595085,-0.02715204283595085,-0.01198924934590819
26110997,ESCOLA DE REFERENCIA EM ENSINO MEDIO EDSON MOURY FERNANDES,Jaboatão dos Guararapes,2023,0.0,0.027171438559889793,-0.027171438559889793,-0.011997813716992654
26090767,ESCOLA ANTONIO COUTINHO,Macaparana,2022,0.0,0.027259187772870064,-0.027259187772870064,-0.012036560237859758
26033364,ESCOLA DE REFERENCIA EM ENSINO MEDIO JACOB ANTONIO DE OLIVEIRA,Orocó,2023,0.0,0.02726786956191063,-0.02726786956191063,-0.012040393766489806
26366614,ESCOLA DE REFERENCIA EM ENSINO MEDIO JOSE DO PATROCINIO MOTA,São Bento do Una,2023,0.0,0.02733701653778553,-0.02733701653778553,-0.012070926288123207
26106698,ESCOLA ORFANATO ESTRELA DE BETHEL,Abreu e Lima,2023,0.0,0.02736576646566391,-0.02736576646566391,-0.01208362109919482
26011069,ESCOLA DE REFERENCIA EM ENSINO MEDIO AURA SAMPAIO PARENTE MUNIZ,Salgueiro,2022,0.0,0.0273884404450655,-0.0273884404450655,-0.012093633015953795
26115913,ESCOLA DE REFERENCIA EM ENSINO MEDIO DOUTOR LUIZ CABRAL DE MELO,Paulista,2023,0.0,0.027431465685367584,-0.027431465685367584,-0.012112631230462587
26067137,ESCOLA DE REFERENCIA EM ENSINO MEDIO DOUTOR MOTA SILVEIRA,Bom Jardim,2022,0.0,0.027436884120106697,-0.027436884120106697,-0.012115023793171193
26036134,ESCOLA DE REFERENCIA EM ENSINO FUNDAMENTAL E MEDIO NUCLEO DE MORADORES 11,Petrolina,2023,0.0,0.02748822420835495,-0.02748822420835495,-0.012137693509890786
26130521,ESCOLA DE REFERENCIA EM ENSINO MEDIO ZUMBI DOS PALMARES,Cabo de Santo Agostinho,2022,0.0,0.027505816891789436,-0.027505816891789436,-0.012145461730854271
26093570,ESCOLA DE REFERENCIA EM ENSINO MEDIO PROFESSOR BARROS GUIMARAES,Glória do Goitá,2023,0.0,0.027527613565325737,-0.027527613565325737,-0.012155086264651485
26129086,ESCOLA DE REFERENCIA EM ENSINO MEDIO CONDE CORREA DE ARAUJO,São Lourenço da Mata,2023,0.0,0.027596699073910713,-0.027596699073910713,-0.01218559164480349
26182106,ESCOLA TECNICA ESTADUAL ANTONIO DOURADO CAVALCANTI,Lajedo,2022,0.0,0.027630746364593506,-0.027630746364593506,-0.012200625558090048
26408643,ESCOLA DE REFERENCIA EM ENSINO MEDIO PROFESSORA BENEDITA DE MORAIS GUERRA,Macaparana,2023,0.0,0.027728572487831116,-0.027728572487831116,-0.012243821636968
26117274,ESCOLA MANUEL BASTOS TIGRE,Paulista,2022,0.0,0.02773778885602951,-0.02773778885602951,-0.01224789121423929
26182106,ESCOLA TECNICA ESTADUAL ANTONIO DOURADO CAVALCANTI,Lajedo,2023,0.0,0.027752060443162918,-0.027752060443162918,-0.012254192972738201
26137149,ESCOLA DE REFERENCIA EM ENSINO FUNDAMENTAL E MEDIO STELA MARIA DOS SANTOS PINTO BARROS,Abreu e Lima,2022,0.0,0.027844754979014397,-0.027844754979014397,-0.012295123149154067
26122227,ESCOLA DE REFERENCIA EM ENSINO FUNDAMENTAL E ENSINO MEDIO GOVERNADOR BARBOSA LIMA,Recife,2022,0.0,0.02790478803217411,-0.02790478803217411,-0.012321631329318506
26115999,ESCOLA DE REFERENCIA EM ENSINO MEDIO JOSE MANUEL DE QUEIROZ,Paulista,2022,0.0,0.02790658548474312,-0.02790658548474312,-0.012322425012032087
26106060,ESCOLA DE REFERENCIA EM ENSINO MEDIO ALBERTO AUGUSTO DE MORAIS PRADINES,Ilha de Itamaracá,2023,0.0,0.027912136167287827,-0.027912136167287827,-0.012324875970049153
26111241,ESCOLA DE REFERENCIA EM ENSINO MEDIO DESEMBARGADOR JOSE NEVES FILHO,Jaboatão dos Guararapes,2023,0.0,0.027957359328866005,-0.027957359328866005,-0.012344844698135172
26127571,ESCOLA DE REFERENCIA EM ENSINO FUNDAMENTAL E MEDIO BARROS CARVALHO,Recife,2023,0.0,0.0279811043292284,-0.0279811043292284,-0.012355329534645762
26540720,ESCOLA DE REFERENCIA EM ENSINO MEDIO PROFESSORA IRENE MARIA RAMOS COELHO,Afrânio,2022,0.0,0.02802923694252968,-0.02802923694252968,-0.012376582959517908
26101203,ESCOLA DE REFERENCIA EM ENSINO MEDIO DOUTOR PEDRO AFONSO DE MEDEIROS,Palmares,2023,0.0,0.028036417439579964,-0.028036417439579964,-0.012379753578026561
26031914,ESCOLA DE REFERENCIA EM ENSINO MEDIO SENADOR PAULO GUERRA,Cabrobó,2023,0.0,0.02809775434434414,-0.02809775434434414,-0.012406837486584272
26074907,ESCOLA DE REFERENCIA EM ENSINO MEDIO AUGUSTO LUCIO DA SILVA,Correntes,2023,0.0,0.028168970718979836,-0.028168970718979836,-0.012438283771424705
26088410,ESCOLA DE REFERENCIA EM ENSINO MEDIO ANTONIO CORREIA DE OLIVEIRA ANDRADE,Condado,2023,0.0,0.028204981237649918,-0.028204981237649918,-0.012454184567177704
26186241,ESCOLA DE REFERENCIA EM ENSINO MEDIO PROFESSOR JORDAO EMERENCIANO,Recife,2023,0.0,0.0282987542450428,-0.0282987542450428,-0.012495590953221716
26075997,ESCOLA SENADOR ADERBAL JUREMA - GARANHUNS,Garanhuns,2022,0.0,0.02837621048092842,-0.02837621048092842,-0.012529792509658516
26116014,ESCOLA DE REFERENCIA EM ENSINO MEDIO MAESTRO NELSON FERREIRA,Paulista,2022,0.0,0.028435837477445602,-0.028435837477445602,-0.012556121391551909
26130114,ESCOLA DE REFERENCIA EM ENSINO MEDIO PASTOR JOSE FLORENCIO RODRIGUES,Cabo de Santo Agostinho,2022,0.0,0.028568057343363762,-0.028568057343363762,-0.012614504362975202
26049406,ESCOLA DE REFERENCIA EM ENSINO MEDIO QUITERIA WANDERLEY SIMOES,Venturosa,2023,0.0,0.02858925797045231,-0.02858925797045231,-0.012623865706649782
26040948,ESCOLA DE REFERENCIA EM ENSINO MEDIO CAPITAO NESTOR VALGUEIRO DE CARVALHO,Floresta,2022,0.0,0.0285915806889534,-0.0285915806889534,-0.012624891325658937
26111071,ESCOLA JOSE GLICERIO,Jaboatão dos Guararapes,2023,0.0,0.028767883777618408,-0.028767883777618408,-0.012702739674058704
26087910,ESCOLA DE REFERENCIA EM ENSINO MEDIO JOAO CAVALCANTI PETRIBU,Carpina,2023,0.0,0.028859665617346764,-0.028859665617346764,-0.01274326684059928
26176211,ESCOLA TECNICA ESTADUAL MARIA JOSE VASCONCELOS,Bezerros,2022,0.0,0.028887776657938957,-0.028887776657938957,-0.012755679544758192
26092301,ESCOLA DE REFERENCIA EM ENSINO MEDIO DOUTOR WALFREDO LUIZ PESSOA DE MELO,Tracunhaém,2023,0.0,0.02913323976099491,-0.02913323976099491,-0.012864066172075294
26540720,ESCOLA DE REFERENCIA EM ENSINO MEDIO PROFESSORA IRENE MARIA RAMOS COELHO,Afrânio,2023,0.0,0.029151951894164085,-0.029151951894164085,-0.012872328696987859
26070456,ESCOLA DE REFERENCIA EM ENSINO MEDIO PROFESSORA RITA MARIA DA CONCEICAO,Orobó,2022,0.0,0.029152903705835342,-0.029152903705835342,-0.012872748978714946
26026627,ESCOLA DE REFERENCIA EM ENSINO MEDIO JOSE PEREIRA BURGOS,Custódia,2023,0.0,0.02918204292654991,-0.02918204292654991,-0.012885615685835409
26109506,ESCOLA HENRIQUETA DE OLIVEIRA,Jaboatão dos Guararapes,2023,0.0,0.029261169955134392,-0.029261169955134392,-0.012920554997084728
26054140,ESCOLA DE REFERENCIA EM ENSINO MEDIO MARIA AUXILIADORA LIBERATO,Caruaru,2022,0.0,0.029292698949575424,-0.029292698949575424,-0.012934476932103142
26125358,ESCOLA DE REFERENCIA EM ENSINO FUNDAMENTAL E MEDIO MONTE VERDE,Recife,2022,0.0,0.02931112051010132,-0.02931112051010132,-0.01294261115183092
26056658,ESCOLA DE REFERENCIA EM ENSINO MEDIO DEVALDO BORGES,Gravatá,2022,0.0,0.02939029596745968,-0.02939029596745968,-0.012977571847277703
26124432,ESCOLA DE REFERENCIA EM ENSINO MEDIO APOLONIO SALES,Recife,2022,0.0,0.029429558664560318,-0.029429558664560318,-0.012994908674137344
26064030,ESCOLA DE REFERENCIA EM ENSINO FUNDAMENTAL MALAQUIAS CARDOSO ARAGAO,Santa Cruz do Capibaribe,2023,0.0,0.029544252902269363,-0.029544252902269363,-0.01304555303348595
26107546,ESCOLA DE REFERENCIA EM ENSINO FUNDAMENTAL E MEDIO ANTONIO CORREIA DE ARAUJO,Camaragibe,2022,0.0,0.02955746464431286,-0.02955746464431286,-0.013051386807048046
26024551,ESCOLA DE REFERENCIA EM ENSINO MEDIO CONEGO OLIMPIO TORRES,Tuparetama,2023,0.0,0.029568318277597427,-0.029568318277597427,-0.013056179334687456
26068427,ESCOLA DE REFERENCIA EM ENSINO MEDIO PROFESSORA MARILENE CHAVES DE SANTANA,Feira Nova,2023,0.0,0.029676178470253944,-0.029676178470253944,-0.01310380605478619
26116014,ESCOLA DE REFERENCIA EM ENSINO MEDIO MAESTRO NELSON FERREIRA,Paulista,2023,0.0,0.02975270338356495,-0.02975270338356495,-0.013137596376656369
26121247,ESCOLA DE REFERENCIA EM ENSINO MEDIO JOAQUIM NABUCO,Recife,2022,0.0,0.02989443764090538,-0.02989443764090538,-0.013200180520412271
26123517,ESCOLA DE REFERENCIA EM ENSINO MEDIO JOSE MARIANO,Recife,2022,0.0,0.030166717246174812,-0.030166717246174812,-0.01332040823584068
26075970,ESCOLA DE REFERENCIA EM ENSINO FUNDAMENTAL SAO CRISTOVAO,Garanhuns,2023,0.0,0.03021530993282795,-0.03021530993282795,-0.013341864810588737
26124475,ESCOLA DE REFERENCIA EM ENSINO FUNDAMENTAL E MEDIO BRIGADEIRO EDUARDO GOMES,Recife,2023,0.0,0.030303120613098145,-0.030303120613098145,-0.013380638472937238
26178192,ESCOLA DE REFERENCIA EM ENSINO MEDIO PROFESSOR ADAUTO CARVALHO,Serra Talhada,2022,0.0,0.03042439930140972,-0.03042439930140972,-0.01343419026067186
26001942,ESCOLA DE REFERENCIA EM ENSINO MEDIO ARTUR BARROS CAVALCANTI,Bodocó,2022,0.0,0.030548062175512314,-0.030548062175512314,-0.013488794808897033
26305615,ESCOLA DE REFERENCIA EM ENSINO MEDIO CARLOS SOARES DA SILVA,Salgadinho,2022,0.0,0.030556876212358475,-0.030556876212358475,-0.01349268673283554
26117258,ESCOLA DE REFERENCIA EM ENSINO FUNDAMENTAL CUSTODIO PESSOA,Paulista,2023,0.0,0.030630599707365036,-0.030630599707365036,-0.013525240061129321
26093030,ESCOLA DE REFERENCIA EM ENSINO MEDIO PRESIDENTE COSTA E SILVA,Chã de Alegria,2022,0.0,0.030644288286566734,-0.030644288286566734,-0.013531284386789527
26178192,ESCOLA DE REFERENCIA EM ENSINO MEDIO PROFESSOR ADAUTO CARVALHO,Serra Talhada,2023,0.0,0.03070233389735222,-0.03070233389735222,-0.013556914992388796
26116391,ESCOLA PROFESSORA ZULMIRA DE PAULA ALMEIDA,Paulista,2022,0.0,0.03072039596736431,-0.03072039596736431,-0.01356489047557386
26064626,ESCOLA DE REFERENCIA EM ENSINO MEDIO SEVERINO FARIAS,Surubim,2022,0.0,0.03073945827782154,-0.03073945827782154,-0.013573307624683473
26098415,ESCOLA DE REFERENCIA EM ENSINO FUNDAMENTAL E MEDIO SOFIA FEIJO SAMPAIO,Catende,2022,0.0,0.03092818148434162,-0.03092818148434162,-0.01365664019726371
26110199,ESCOLA DE REFERENCIA EM ENSINO MEDIO MURILO BRAGA,Jaboatão dos Guararapes,2022,0.0,0.030980752781033516,-0.030980752781033516,-0.013679853566080376
26054914,ESCOLA DE REFERENCIA EM ENSINO MEDIO PROFESSORA ELISETE LOPES DE LIMA PIRES,Caruaru,2022,0.0,0.030994538217782974,-0.030994538217782974,-0.013685940660135511
26121670,ESCOLA DE REFERENCIA EM ENSINO MEDIO POETA MANUEL BANDEIRA,Recife,2023,0.0,0.03113086335361004,-0.03113086335361004,-0.013746136353528475
26038536,ESCOLA DE REFERENCIA EM ENSINO MEDIO GUMERCINDO CABRAL,Terra Nova,2022,0.0,0.031137531623244286,-0.031137531623244286,-0.013749080793025486
26116359,ESCOLA PROFESSOR JOSE BRASILEIRO VILA NOVA,Paulista,2023,0.0,0.03122345730662346,-0.03122345730662346,-0.013787022116611144
26113813,ESCOLA DE REFERENCIA EM ENSINO FUNDAMENTAL E MEDIO COMPOSITOR ANTONIO MARIA,Olinda,2023,0.0,0.031303636729717255,-0.031303636729717255,-0.013822426122920747
26305615,ESCOLA DE REFERENCIA EM ENSINO MEDIO CARLOS SOARES DA SILVA,Salgadinho,2023,0.0,0.031349603086709976,-0.031349603086709976,-0.01384272301619093
26125358,ESCOLA DE REFERENCIA EM ENSINO FUNDAMENTAL E MEDIO MONTE VERDE,Recife,2023,0.0,0.03163433447480202,-0.03163433447480202,-0.013968448937775073
26099365,ESCOLA DOUTOR FERNANDO CAMPELO,Escada,2023,0.0,0.03170250728726387,-0.03170250728726387,-0.013998551308051787
26107651,ESCOLA DE REFERENCIA EM ENSINO FUNDAMENTAL E MEDIO MARIA DA CONCEICAO DO REGO BARROS LACERDA,Recife,2023,0.0,0.03189007565379143,-0.03189007565379143,-0.014081373949769414
26121247,ESCOLA DE REFERENCIA EM ENSINO MEDIO JOAQUIM NABUCO,Recife,2023,0.0,0.03202985227108002,-0.03202985227108002,-0.014143093678466275
26071606,ESCOLA DE REFERENCIA EM ENSINO MEDIO CORONEL JOAO FRANCISCO,São Vicente Férrer,2022,0.0,0.032176580280065536,-0.032176580280065536,-0.014207882861968403
26061643,ESCOLA DE REFERENCIA EM ENSINO MEDIO RODOLFO PAIVA,São Bento do Una,2023,0.0,0.03230657801032066,-0.03230657801032066,-0.014265284627715737
26098415,ESCOLA DE REFERENCIA EM ENSINO FUNDAMENTAL E MEDIO SOFIA FEIJO SAMPAIO,Catende,2023,0.0,0.032318342477083206,-0.032318342477083206,-0.014270479342761303
26525852,ESCOLA DE REFERENCIA EM ENSINO MEDIO PROFESSOR DENIVAL JOSE RODRIGUES DE MELO,Itaquitinga,2022,0.0,0.0324532650411129,-0.0324532650411129,-0.014330055716896934
26124475,ESCOLA BRIGADEIRO EDUARDO GOMES - RECIFE,Recife,2022,0.0,0.03252376988530159,-0.03252376988530159,-0.014361187818528468
26069210,ESCOLA DE REFERENCIA EM ENSINO MEDIO PROFESSORA JANDIRA DE ANDRADE LIMA,Limoeiro,2022,0.0,0.03255987539887428,-0.03255987539887428,-0.014377130560207261
26086905,ESCOLA DE REFERENCIA EM ENSINO MEDIO JOAQUINA LIRA,Aliança,2023,0.0,0.03258773311972618,-0.03258773311972618,-0.014389431408564052
26153742,ESCOLA ESTADUAL MADRE IVA BEZERRA DE ARAUJO,Cabo de Santo Agostinho,2023,0.0,0.03273376449942589,-0.03273376449942589,-0.014453912988610347
26070456,ESCOLA DE REFERENCIA EM ENSINO MEDIO PROFESSORA RITA MARIA DA CONCEICAO,Orobó,2023,0.0,0.0327710323035717,-0.0327710323035717,-0.014470368951028283
26106582,ESCOLA GENERAL ABREU E LIMA,Abreu e Lima,2023,0.0,0.032772380858659744,-0.032772380858659744,-0.014470964418680753
26113392,ESCOLA DE REFERENCIA EM ENSINO MEDIO DESEMBARGADOR RENATO FONSECA,Olinda,2023,0.0,0.03293168917298317,-0.03293168917298317,-0.014541308558708806
26107996,ESCOLA VALE DAS PEDREIRAS,Camaragibe,2023,0.0,0.03308049216866493,-0.03308049216866493,-0.014607013972825367
26012359,ESCOLA DE REFERENCIA EM ENSINO MEDIO DOUTOR WALMY CAMPOS BEZERRA,São José do Belmonte,2023,0.0,0.03318708389997482,-0.03318708389997482,-0.014654080591444364
26070618,ESCOLA PROFESSOR ANTONIO PEDRO DE AGUIAR,Orobó,2022,0.0,0.03323329985141754,-0.03323329985141754,-0.014674487695578402
26124580,ESCOLA DE REFERENCIA EM ENSINO MEDIO ELEANOR ROOSEVELT,Recife,2022,0.0,0.03325628116726875,-0.03325628116726875,-0.014684635319744361
26106728,ESCOLA DE REFERENCIA EM ENSINO FUNDAMENTAL E ENSINO MEDIO POLIVALENTE DE ABREU E LIMA,Abreu e Lima,2023,0.0,0.03325628116726875,-0.03325628116726875,-0.014684635319744361
26113325,ESCOLA DE REFERENCIA EM ENSINO FUNDAMENTAL E MEDIO CLIDIO DE LIMA NIGRO,Olinda,2022,0.0,0.03326759859919548,-0.03326759859919548,-0.014689632642197949
26148447,ESCOLA DE REFERENCIA EM ENSINO MEDIO DOUTOR ADILSON BEZERRA DE SOUZA,Santa Cruz do Capibaribe,2022,0.0,0.03340663015842438,-0.03340663015842438,-0.014751023383241513
26092301,ESCOLA DE REFERENCIA EM ENSINO MEDIO DOUTOR WALFREDO LUIZ PESSOA DE MELO,Tracunhaém,2022,0.0,0.03361479565501213,-0.03361479565501213,-0.014842940888634547
26074907,ESCOLA DE REFERENCIA EM ENSINO MEDIO AUGUSTO LUCIO DA SILVA,Correntes,2022,0.0,0.033636175096035004,-0.033636175096035004,-0.014852381189345917
26177927,ESCOLA MALAQUIAS MENDES DA SILVA,Petrolina,2022,0.0,0.03366542607545853,-0.03366542607545853,-0.014865297244614373
26075997,ESCOLA SENADOR ADERBAL JUREMA - GARANHUNS,Garanhuns,2023,0.0,0.03370857983827591,-0.03370857983827591,-0.01488435220949336
26116324,ESCOLA DE REFERENCIA EM ENSINO MEDIO PROFESSOR ARNALDO CARNEIRO LEAO,Paulista,2023,0.0,0.033713702112436295,-0.033713702112436295,-0.01488661399960978
26066220,ESCOLA DE REFERENCIA EM ENSINO MEDIO PROTAZIO SOARES DE SOUZA,Toritama,2023,0.0,0.0337720550596714,-0.0337720550596714,-0.014912380312616033
26177927,ESCOLA MALAQUIAS MENDES DA SILVA,Petrolina,2023,0.0,0.03381066396832466,-0.03381066396832466,-0.014929428452809906
26123517,ESCOLA DE REFERENCIA EM ENSINO MEDIO JOSE MARIANO,Recife,2023,0.0,0.03381599858403206,-0.03381599858403206,-0.014931784004407516
26106353,ESCOLA DE REFERENCIA EM ENSINO FUNDAMENTAL E ENSINO MEDIO SENADOR JOSE ERMIRIO DE MORAES,Itapissuma,2022,0.0,0.03388842195272446,-0.03388842195272446,-0.014963763249246292
26042525,ESCOLA NOSSA SENHORA APARECIDA - JATOBA,Jatobá,2022,0.0,0.03393329307436943,-0.03393329307436943,-0.01498357653066613
26069210,ESCOLA DE REFERENCIA EM ENSINO MEDIO PROFESSORA JANDIRA DE ANDRADE LIMA,Limoeiro,2023,0.0,0.034190431237220764,-0.034190431237220764,-0.015097118394510401
26113210,ESCOLA ARGENTINA CASTELLO BRANCO,Olinda,2022,0.0,0.03427557274699211,-0.03427557274699211,-0.015134713458590965
26107597,ESCOLA DE REFERENCIA EM ENSINO FUNDAMENTAL E ENSINO MEDIO FRANCISCO DE PAULA CORREA DE ARAUJO,Camaragibe,2023,0.0,0.03427557274699211,-0.03427557274699211,-0.015134713458590965
26105101,ESCOLA DE REFERENCIA EM ENSINO MEDIO JOAO PEREIRA SOBRINHO,Xexéu,2023,0.0,0.034389693289995193,-0.034389693289995193,-0.01518510449744653
26054060,ESCOLA DOM VITAL - CARUARU,Caruaru,2022,0.0,0.034543782472610474,-0.034543782472610474,-0.015253144078963237
26108046,ESCOLA MAJOR LELIO,Camaragibe,2023,0.5,0.5345751643180847,-0.03457516431808472,-0.015267001038920123
26084317,ESCOLA DE REFERENCIA EM ENSINO MEDIO MANOEL MOREIRA DA COSTA,Ibirajuba,2022,0.0,0.0346778966486454,-0.0346778966486454,-0.015312363501495039
26092786,ESCOLA DE REFERENCIA EM ENSINO MEDIO PADRE GUEDES,Vicência,2022,0.0,0.0346778966486454,-0.0346778966486454,-0.015312363501495039
26107082,ESCOLA PROFESSORA ISAURA DE FRANCA,Abreu e Lima,2023,0.0,0.03470306843519211,-0.03470306843519211,-0.015323478349361692
26088886,ESCOLA DE REFERENCIA EM ENSINO MEDIO DOUTOR JOAO ALFREDO,Goiana,2022,0.0,0.03474176302552223,-0.03474176302552223,-0.015340564323135693
26366614,ESCOLA DE REFERENCIA EM ENSINO MEDIO JOSE DO PATROCINIO MOTA,São Bento do Una,2022,0.0,0.03485329449176788,-0.03485329449176788,-0.015389812129896051
26131684,ESCOLA DE REFERENCIA EM ENSINO MEDIO FREI OTTO,Ipojuca,2023,0.0,0.03486543893814087,-0.03486543893814087,-0.015395174628644799
26097982,ESCOLA DE REFERENCIA EM ENSINO MEDIO PRESIDENTE TANCREDO NEVES,Belém de Maria,2022,0.0,0.03497801348567009,-0.03497801348567009,-0.015444883018119773
26111349,ESCOLA DE REFERENCIA EM ENSINO FUNDAMENTAL E MEDIO SUPERVISORA MIRIAM SEIXAS,Jaboatão dos Guararapes,2022,0.0,0.03512721136212349,-0.03512721136212349,-0.01551076279569258
26068508,ESCOLA DE REFERENCIA EM ENSINO MEDIO ANTONIO INACIO,Feira Nova,2023,0.0,0.035130683332681656,-0.035130683332681656,-0.015512295878156947
26183021,ESCOLA TECNICA ESTADUAL MIGUEL BATISTA,Recife,2022,0.0,0.035324424505233765,-0.035324424505233765,-0.015597844182582142
26169975,ESCOLA JOSE ANTONIO FAGUNDES,Paudalho,2022,0.0,0.03544110059738159,-0.03544110059738159,-0.01564936364908852
26088886,ESCOLA DE REFERENCIA EM ENSINO MEDIO DOUTOR JOAO ALFREDO,Goiana,2023,0.0,0.0355587936937809,-0.0355587936937809,-0.015701332183741645
26120100,ESCOLA DE REFERENCIA EM ENSINO FUNDAMENTAL E ENSINO MEDIO PROFESSORA INALDA SPINELLI,Recife,2022,0.0,0.03556830808520317,-0.03556830808520317,-0.015705533356074254
26097257,ESCOLA DE REFERENCIA EM ENSINO MEDIO DOUTOR ANTHENOR GUIMARAES,Barreiros,2022,0.0,0.03574531152844429,-0.03574531152844429,-0.01578369095286812
26054876,ESCOLA DE REFERENCIA EM ENSINO MEDIO PROFESSOR VICENTE MONTEIRO,Caruaru,2023,0.0,0.03575829789042473,-0.03575829789042473,-0.015789425207665096
26101203,ESCOLA DE REFERENCIA EM ENSINO MEDIO DOUTOR PEDRO AFONSO DE MEDEIROS,Palmares,2022,0.0,0.035878755152225494,-0.035878755152225494,-0.015842614286511958
26113210,ESCOLA ARGENTINA CASTELLO BRANCO,Olinda,2023,0.0,0.035892780870199203,-0.035892780870199203,-0.01584880747908528
26036134,ESCOLA DE REFERENCIA EM ENSINO FUNDAMENTAL E MEDIO NUCLEO DE MORADORES 11,Petrolina,2022,0.0,0.03605842590332031,-0.03605842590332031,-0.01592194965910463
26101602,ESCOLA DE REFERENCIA EM ENSINO MEDIO DA FRATERNIDADE PALMARENSE,Palmares,2022,0.0,0.03617076948285103,-0.03617076948285103,-0.01597155606240708
26096072,ESCOLA MIRANDOLINA PESSOA DE QUEIROZ,Xexéu,2023,0.0,0.03619286045432091,-0.03619286045432091,-0.01598131054632735
26525933,ESCOLA TECNICA ESTADUAL ARLINDO FERREIRA DOS SANTOS,Sertânia,2023,0.0,0.03623528778553009,-0.03623528778553009,-0.01600004474824437
26063310,ESCOLA DE REFERENCIA EM ENSINO MEDIO JOSE LEITE BARROS,Tacaimbó,2023,0.0,0.03625035285949707,-0.03625035285949707,-0.016006696878594046
26029910,ESCOLA DE REFERENCIA EM ENSINO MEDIO OLAVO BILAC,Sertânia,2023,0.0,0.036280278116464615,-0.036280278116464615,-0.016019910667688736
26029910,ESCOLA DE REFERENCIA EM ENSINO MEDIO OLAVO BILAC,Sertânia,2022,0.0,0.036280278116464615,-0.036280278116464615,-0.016019910667688736
26178699,ESCOLA DE REFERENCIA EM ENSINO MEDIO DE ARCOVERDE,Arcoverde,2022,0.0,0.03646243363618851,-0.03646243363618851,-0.016100343214105157
26106612,ESCOLA MARECHAL COSTA E SILVA,Abreu e Lima,2023,0.0,0.03648461028933525,-0.03648461028933525,-0.016110135531605552
26165112,ESCOLA SANTA SOFIA,Camaragibe,2023,0.0,0.03651374951004982,-0.03651374951004982,-0.016123002238726016
26107961,ESCOLA PROFESSOR NELSON CHAVES,Camaragibe,2023,0.0,0.0369303934276104,-0.0369303934276104,-0.016306975424326468
26076250,ESCOLA DE REFERENCIA EM ENSINO MEDIO VIRGEM DO SOCORRO,Garanhuns,2022,0.0,0.03693796694278717,-0.03693796694278717,-0.016310319583822234
26036169,ESCOLA MANOEL MARINHO,Petrolina,2022,0.0,0.03703887388110161,-0.03703887388110161,-0.01635487602664657
26127415,ESCOLA DE REFERENCIA EM ENSINO MEDIO OLINTO VICTOR,Recife,2022,0.0,0.03725382685661316,-0.03725382685661316,-0.016449790609561143
26111349,ESCOLA DE REFERENCIA EM ENSINO FUNDAMENTAL E MEDIO SUPERVISORA MIRIAM SEIXAS,Jaboatão dos Guararapes,2023,0.0,0.037301838397979736,-0.037301838397979736,-0.01647099057393963
26106337,ESCOLA PROFESSORA GERCINA FERNANDES RODRIGUES,Itapissuma,2022,0.0,0.037418924272060394,-0.037418924272060394,-0.01652269098365532
26178699,ESCOLA DE REFERENCIA EM ENSINO MEDIO DE ARCOVERDE,Arcoverde,2023,0.0,0.03742784634232521,-0.03742784634232521,-0.016526630610803558
26058960,ESCOLA DE REFERENCIA EM ENSINO MEDIO CRISTO REI,Pesqueira,2022,0.0,0.03754695504903793,-0.03754695504903793,-0.016579224221997948
26111411,ESCOLA AMOR DIVINO,Jaboatão dos Guararapes,2023,0.0,0.03769376128911972,-0.03769376128911972,-0.016644047949203673
26103834,ESCOLA DE REFERENCIA EM ENSINO MEDIO TAMANDARE,Tamandaré,2022,0.0,0.0379626490175724,-0.0379626490175724,-0.016762777948340444
26032082,ESCOLA MINISTRO MARCOS FREIRE,Cabrobó,2023,0.0,0.03813589736819267,-0.03813589736819267,-0.016839277447361693
26098822,ESCOLA DE REFERENCIA EM ENSINO MEDIO PROFESSORA ABIGAIL GUERRA,Cortês,2023,0.0,0.038160767406225204,-0.038160767406225204,-0.016850259055228762
26075768,ESCOLA DE REFERENCIA EM ENSINO MEDIO HENRIQUE DIAS,Garanhuns,2023,0.0,0.03817487135529518,-0.03817487135529518,-0.01685648679150568
26034344,ESCOLA DOUTOR DIEGO REGO BARROS,Petrolina,2023,0.0,0.03831953927874565,-0.03831953927874565,-0.01692036632414644
26107546,ESCOLA DE REFERENCIA EM ENSINO FUNDAMENTAL E MEDIO ANTONIO CORREIA DE ARAUJO,Camaragibe,2023,0.0,0.038350965827703476,-0.038350965827703476,-0.01693424302336253
26033356,ESCOLA DE REFERENCIA EM ENSINO MEDIO SENADOR NILO COELHO,Dormentes,2022,0.0,0.03849394991993904,-0.03849394991993904,-0.016997379043906836
26131692,ESCOLA DE REFERENCIA EM ENSINO MEDIO JOSE MARIO ALVES DA SILVA,Ipojuca,2022,0.0,0.038819819688797,-0.038819819688797,-0.017141270018767796
26054060,ESCOLA DOM VITAL - CARUARU,Caruaru,2023,0.0,0.03882526233792305,-0.03882526233792305,-0.017143673273575133
26014670,ESCOLA DE REFERENCIA EM ENSINO MEDIO MONSENHOR ANTONIO DE PADUA SANTOS,Afogados da Ingazeira,2023,0.0,0.03890300542116165,-0.03890300542116165,-0.017178001490258454
26179474,ESCOLA DE REFERENCIA EM ENSINO MEDIO JOSIAS INOJOSA DE OLIVEIRA,Araripina,2022,0.0,0.03909287229180336,-0.03909287229180336,-0.0172618390588865
26188538,ESCOLA TECNICA ESTADUAL ARIANO VILAR SUASSUNA - GARANHUNS,Garanhuns,2022,0.0,0.03909744322299957,-0.03909744322299957,-0.01726385739813948
26034441,ESCOLA DE REFERENCIA EM ENSINO MEDIO MARECHAL ANTONIO ALVES FILHO,Petrolina,2022,0.0,0.03910338878631592,-0.03910338878631592,-0.017266482719612793
26063530,ESCOLA DE REFERENCIA EM ENSINO MEDIO SAO JOSE,Frei Miguelinho,2022,0.0,0.03918410465121269,-0.03918410465121269,-0.01730212359703277
26005115,ESCOLA DE REFERENCIA EM ENSINO MEDIO FERNANDO BEZERRA,Ouricuri,2022,0.0,0.039287712424993515,-0.039287712424993515,-0.017347872620100308
26171198,ESCOLA DE REFERENCIA EM ENSINO FUNDAMENTAL E MEDIO PROFESSORA MARIA EUGENIA LOPES GOMES,Cabo de Santo Agostinho,2022,0.0,0.039535824209451675,-0.039535824209451675,-0.017457428798524882
26105314,ESCOLA DE REFERENCIA EM ENSINO MEDIO JOAO PESSOA GUERRA,Igarassu,2023,0.0,0.03960520029067993,-0.03960520029067993,-0.01748806248386167
26126079,ESCOLA DE REFERENCIA EM ENSINO MEDIO AGEU MAGALHAES,Recife,2023,0.0,0.039695192128419876,-0.039695192128419876,-0.017527799257565202
26063530,ESCOLA DE REFERENCIA EM ENSINO MEDIO SAO JOSE,Frei Miguelinho,2023,0.0,0.03970179706811905,-0.03970179706811905,-0.017530715733111685
26069288,ESCOLA DE REFERENCIA EM ENSINO MEDIO AUSTRO COSTA,Limoeiro,2022,0.0,0.03986614570021629,-0.03986614570021629,-0.017603285474614296
26087375,ESCOLA DE REFERENCIA EM ENSINO MEDIO JAIME COELHO,Buenos Aires,2023,0.0,0.03986614570021629,-0.03986614570021629,-0.017603285474614296
26064618,ESCOLA DE REFERENCIA EM ENSINO MEDIO NATALICIA MARIA FIGUEIROA DA SILVA,Surubim,2022,0.0,0.04007337987422943,-0.04007337987422943,-0.017694791745440707
26044862,ESCOLA DE REFERENCIA EM ENSINO MEDIO CORONEL NICOLAU SIQUEIRA,Águas Belas,2023,0.0,0.04012457653880119,-0.04012457653880119,-0.01771739813203704
26087910,ESCOLA DE REFERENCIA EM ENSINO MEDIO JOAO CAVALCANTI PETRIBU,Carpina,2022,0.0,0.04019502177834511,-0.04019502177834511,-0.01774850391465631
26128420,ESCOLA DE REFERENCIA EM ENSINO MEDIO PEDRO CELSO,Recife,2023,0.0,0.040206972509622574,-0.040206972509622574,-0.0177537808766152
26182092,ESCOLA ESTADUAL ESCRITOR MAXIMIANO ACCIOLY CAMPOS,Sirinhaém,2023,0.0,0.040254488587379456,-0.040254488587379456,-0.017774762064204242
26113333,ESCOLA CONEGO JONAS TAURINO,Olinda,2023,0.0,0.04044433683156967,-0.04044433683156967,-0.01785859140814096
26059789,ESCOLA DE REFERENCIA EM ENSINO MEDIO COMENDADOR MANOEL CAETANO DE BRITO,Poção,2022,0.0,0.040474243462085724,-0.040474243462085724,-0.017871796972544318
26187566,ESCOLA ESTADUAL CLAUDIO RODRIGUES GALINDO,Afrânio,2023,0.0,0.04050583392381668,-0.04050583392381668,-0.017885746049044127
26113929,ESCOLA RAIMUNDO DINIZ,Olinda,2022,0.0,0.040744006633758545,-0.040744006633758545,-0.017990913532173716
26065568,ESCOLA DE REFERENCIA EM ENSINO MEDIO JOAO XXIII,Casinhas,2023,0.0,0.040812406688928604,-0.040812406688928604,-0.018021116243684684
26111012,ESCOLA DE REFERENCIA EM ENSINO MEDIO FELIPE CAMARAO,Jaboatão dos Guararapes,2023,0.0,0.040873028337955475,-0.040873028337955475,-0.01804788432409523
26113198,ESCOLA ANTONIO SOUTO FILHO,Olinda,2022,0.0,0.04088409245014191,-0.04088409245014191,-0.018052769790746697
26033089,ESCOLA NOSSA SENHORA DAS GRACAS - DORMENTES,Dormentes,2022,0.0,0.041059460490942,-0.041059460490942,-0.018130205259641576
26105519,ESCOLA DE REFERENCIA EM ENSINO MEDIO SANTOS COSME E DAMIAO,Igarassu,2023,0.0,0.04106493294239044,-0.04106493294239044,-0.018132621673955046
26113724,ESCOLA DE REFERENCIA EM ENSINO FUNDAMENTAL MONSENHOR ARRUDA CAMARA,Olinda,2023,0.0,0.0410754419863224,-0.0410754419863224,-0.018137262044804807
26067382,ESCOLA DE REFERENCIA EM ENSINO MEDIO JUSTULINO FERREIRA GOMES,Bom Jardim,2022,0.0,0.041128501296043396,-0.041128501296043396,-0.018160690900534383
26090910,ESCOLA DE REFERENCIA EM ENSINO MEDIO MACIEL MONTEIRO,Nazaré da Mata,2022,0.0,0.04120686277747154,-0.04120686277747154,-0.018195292176969937
26114607,ESCOLA JOAO MATOS GUIMARAES,Olinda,2022,0.0,0.041254062205553055,-0.041254062205553055,-0.01821613354480633
26040956,ESCOLA TECNICA ESTADUAL DEPUTADO AFONSO FERRAZ,Floresta,2022,0.0,0.041309013962745667,-0.041309013962745667,-0.01824039802917528
26074362,ESCOLA PE ANTONIO CALLOU DE ALENCAR,Canhotinho,2023,0.0,0.04142717272043228,-0.04142717272043228,-0.01829257218111172
26099497,ESCOLA DE REFERENCIA EM ENSINO MEDIO VIGARIO PEDROSA,Escada,2023,0.0,0.04145214334130287,-0.04145214334130287,-0.018303598202311984
26064626,ESCOLA DE REFERENCIA EM ENSINO MEDIO SEVERINO FARIAS,Surubim,2023,0.0,0.04154917225241661,-0.04154917225241661,-0.018346442264400905
26176238,ESCOLA TECNICA ESTADUAL PROFESSOR LUCILO AVILA PESSOA,Recife,2023,0.0,0.04158156365156174,-0.04158156365156174,-0.01836074500262801
26088410,ESCOLA DE REFERENCIA EM ENSINO MEDIO ANTONIO CORREIA DE OLIVEIRA ANDRADE,Condado,2022,0.0,0.04176747053861618,-0.04176747053861618,-0.018442834001878784
26150131,ESCOLA DE REFERENCIA EM ENSINO FUNDAMENTAL PROFESSOR PAULO FREIRE,Olinda,2022,0.0,0.04180942848324776,-0.04180942848324776,-0.018461360941574228
26034328,ESCOLA DE REFERENCIA EM ENSINO FUNDAMENTAL E MEDIO DOM AVELAR BRANDAO VILELA,Petrolina,2023,0.0,0.04182105511426926,-0.04182105511426926,-0.018466494793903936
26099497,ESCOLA DE REFERENCIA EM ENSINO MEDIO VIGARIO PEDROSA,Escada,2022,0.0,0.04197802394628525,-0.04197802394628525,-0.018535805912700636
26122960,ESCOLA DE REFERENCIA EM ENSINO MEDIO VIDAL DE NEGREIROS,Recife,2023,0.0,0.04213176295161247,-0.04213176295161247,-0.01860369087002029
26070090,ESCOLA DE REFERENCIA EM ENSINO MEDIO SEVERINO DE ANDRADE GUERRA,Machados,2023,0.0,0.04221966862678528,-0.04221966862678528,-0.018642506478294588
26064294,ESCOLA DE REFERENCIA EM ENSINO MEDIO JOAO DAVID DE SOUZA,Santa Maria do Cambucá,2022,0.0,0.04225422069430351,-0.04225422069430351,-0.018657763280716257
26064294,ESCOLA DE REFERENCIA EM ENSINO MEDIO JOAO DAVID DE SOUZA,Santa Maria do Cambucá,2023,0.0,0.04235824942588806,-0.04235824942588806,-0.018703698181807907
26069288,ESCOLA DE REFERENCIA EM ENSINO MEDIO AUSTRO COSTA,Limoeiro,2023,0.0,0.04241177812218666,-0.04241177812218666,-0.01872733429975906
26068729,ESCOLA DE REFERENCIA EM ENSINO MEDIO JARINA MAIA,João Alfredo,2023,0.0,0.04250466451048851,-0.04250466451048851,-0.01876834919049565
26053608,ESCOLA DE REFERENCIA EM ENSINO MEDIO NOSSA SENHORA DO PERPETUO SOCORRO,Capoeiras,2023,0.0,0.04250466451048851,-0.04250466451048851,-0.01876834919049565
26068729,ESCOLA DE REFERENCIA EM ENSINO MEDIO JARINA MAIA,João Alfredo,2022,0.0,0.04250466451048851,-0.04250466451048851,-0.01876834919049565
26068427,ESCOLA DE REFERENCIA EM ENSINO MEDIO PROFESSORA MARILENE CHAVES DE SANTANA,Feira Nova,2022,0.0,0.04289823770523071,-0.04289823770523071,-0.018942135273411747
26090910,ESCOLA DE REFERENCIA EM ENSINO MEDIO MACIEL MONTEIRO,Nazaré da Mata,2023,0.0,0.042900700122117996,-0.042900700122117996,-0.018943222577605893
26049406,ESCOLA DE REFERENCIA EM ENSINO MEDIO QUITERIA WANDERLEY SIMOES,Venturosa,2022,0.0,0.04293229803442955,-0.04293229803442955,-0.01895717494398224
26063280,ESCOLA FRANCISCO DE ASSIS BARROS,Tacaimbó,2023,0.0,0.042980168014764786,-0.042980168014764786,-0.018978312400706597
26106698,ESCOLA ORFANATO ESTRELA DE BETHEL,Abreu e Lima,2022,0.0,0.043144624680280685,-0.043144624680280685,-0.019050929845418937
26061112,ESCOLA DE REFERENCIA EM ENSINO FUNDAMENTAL DOUTOR BENJAMIN CARACIOLO,Sanharó,2023,0.0,0.04335446655750275,-0.04335446655750275,-0.01914358757303189
26092786,ESCOLA DE REFERENCIA EM ENSINO MEDIO PADRE GUEDES,Vicência,2023,0.0,0.043474938720464706,-0.043474938720464706,-0.019196783231631816
26169193,ESCOLA ESTADUAL TEOTONIO CORREIA DA SILVA,Sirinhaém,2023,0.0,0.0435032993555069,-0.0435032993555069,-0.019209306146654583
26087375,ESCOLA DE REFERENCIA EM ENSINO MEDIO JAIME COELHO,Buenos Aires,2022,0.0,0.04361459240317345,-0.04361459240317345,-0.019258448677365883
26064642,ESCOLA DE REFERENCIA EM ENSINO FUNDAMENTAL MARIA CECILIA BARBOSA LEAL,Surubim,2022,0.0,0.04368257150053978,-0.04368257150053978,-0.01928846551085274
26047365,ESCOLA FREI JOAO PEREIRA DE SOUZA,Itaíba,2022,0.0,0.04387424886226654,-0.04387424886226654,-0.019373102519478304
26070090,ESCOLA DE REFERENCIA EM ENSINO MEDIO SEVERINO DE ANDRADE GUERRA,Machados,2022,0.0,0.044073645025491714,-0.044073645025491714,-0.019461147840192025
26525933,ESCOLA TECNICA ESTADUAL ARLINDO FERREIRA DOS SANTOS,Sertânia,2022,0.0,0.04408781975507736,-0.04408781975507736,-0.01946740683029601
26047837,ESCOLA DE REFERENCIA EM ENSINO MEDIO PROFESSOR BRASILIANO DONINO DA COSTA LIMA,Pedra,2023,0.0,0.04415647312998772,-0.04415647312998772,-0.019497721397609098
26179857,ESCOLA TECNICA ESTADUAL PORTO DIGITAL,Recife,2023,0.0,0.04427330940961838,-0.04427330940961838,-0.019549311596460932
26125757,ESCOLA DE REFERENCIA EM ENSINO MEDIO PROFESSOR CANDIDO DUARTE,Recife,2022,0.0,0.04427776858210564,-0.04427776858210564,-0.01955128058756592
26111020,ESCOLA DE REFERENCIA EM ENSINO MEDIO HUMBERTO LINS BARRADAS,Jaboatão dos Guararapes,2023,0.0,0.04434891417622566,-0.04434891417622566,-0.01958269561857929
26105837,ESCOLA DE REFERENCIA EM ENSINO MEDIO MARIA GAYAO PESSOA GUERRA,Araçoiaba,2023,0.0,0.04439741373062134,-0.04439741373062134,-0.019604111069870686
26086905,ESCOLA DE REFERENCIA EM ENSINO MEDIO JOAQUINA LIRA,Aliança,2022,0.0,0.04442967474460602,-0.04442967474460602,-0.019618356235258462
26089424,ESCOLA DE REFERENCIA EM ENSINO MEDIO FREI CAMPO MAYOR,Goiana,2023,0.0,0.04445791244506836,-0.04445791244506836,-0.019630824867318437
26127571,ESCOLA DE REFERENCIA EM ENSINO FUNDAMENTAL E MEDIO BARROS CARVALHO,Recife,2022,0.0,0.0445888414978981,-0.0445888414978981,-0.01968863786763239
26083639,ESCOLA DE REFERENCIA EM ENSINO MEDIO QUINTINO BOCAIUVA,Camocim de São Félix,2022,0.0,0.044681694358587265,-0.044681694358587265,-0.019729637953924583
26126605,ESCOLA TOME GIBSON,Recife,2023,0.0,0.04475797712802887,-0.04475797712802887,-0.01976332135480744
26067382,ESCOLA DE REFERENCIA EM ENSINO MEDIO JUSTULINO FERREIRA GOMES,Bom Jardim,2023,0.0,0.04478180781006813,-0.04478180781006813,-0.01977384402489816
26081180,ESCOLA DE REFERENCIA EM ENSINO MEDIO MONSENHOR ALFREDO DAMASO,Terezinha,2023,0.0,0.04500528797507286,-0.04500528797507286,-0.01987252387150472
26185113,ESCOLA TECNICA ESTADUAL PEDRO LEAO LEAL,São José do Belmonte,2023,0.0,0.045135002583265305,-0.045135002583265305,-0.0199298006219438
26176203,ESCOLA TECNICA ESTADUAL PROFESSOR PAULO FREIRE,Carnaíba,2023,0.0,0.045161616057157516,-0.045161616057157516,-0.019941552060919583
26072254,ESCOLA DE REFERENCIA EM ENSINO MEDIO FREI CAETANO DE MESSINA,Bom Conselho,2023,0.0,0.04517054557800293,-0.04517054557800293,-0.01994549497794435
26019922,ESCOLA DE REFERENCIA EM ENSINO MEDIO OLIVEIRA LIMA - SJ EGITO,São José do Egito,2022,0.0,0.045183368027210236,-0.045183368027210236,-0.0199511568554576
26019922,ESCOLA DE REFERENCIA EM ENSINO MEDIO OLIVEIRA LIMA - SJ EGITO,São José do Egito,2023,0.0,0.045183368027210236,-0.045183368027210236,-0.0199511568554576
26016028,ESCOLA DE REFERENCIA EM ENSINO MEDIO JOAQUIM MENDES DA SILVA,Carnaíba,2022,0.0,0.045273005962371826,-0.045273005962371826,-0.019990737360025816
26045745,ESCOLA DE REFERENCIA EM ENSINO MEDIO DUQUE DE CAXIAS,Buíque,2023,0.0,0.045486707240343094,-0.045486707240343094,-0.020085099243682847
26082179,ESCOLA DE REFERENCIA EM ENSINO MEDIO PROFESSOR FRANCISCO JOAQUIM DE BARROS CORREIA,Altinho,2022,0.0,0.04562162235379219,-0.04562162235379219,-0.020144672327941943
26111926,ESCOLA DE REFERENCIA EM ENSINO MEDIO MARIA DO CEU BANDEIRA,Moreno,2022,0.0,0.0456223227083683,-0.0456223227083683,-0.020144981576336044
26096030,ESCOLA DE REFERENCIA EM ENSINO MEDIO JOAO VICENTE DE QUEIROZ,Água Preta,2022,0.0,0.04563937708735466,-0.04563937708735466,-0.020152512103720023
26091291,ESCOLA DE REFERENCIA EM ENSINO MEDIO MONSENHOR LANDELINO BARRETO LINS,Paudalho,2022,0.0,0.04568138346076012,-0.04568138346076012,-0.020171060427612932
26127474,ESCOLA PADRE DEHON,Recife,2023,0.0,0.04574417695403099,-0.04574417695403099,-0.02019878750703284
26084317,ESCOLA DE REFERENCIA EM ENSINO MEDIO MANOEL MOREIRA DA COSTA,Ibirajuba,2023,0.0,0.04585039243102074,-0.04585039243102074,-0.020245687986886918
26187566,ESCOLA ESTADUAL CLAUDIO RODRIGUES GALINDO,Afrânio,2022,0.0,0.04596290364861488,-0.04596290364861488,-0.02029536841241136
26014564,ESCOLA DE REFERENCIA EM ENSINO MEDIO NORMAL ESTADUAL PROFESSORA IONE DE GOES BARROS,Afogados da Ingazeira,2023,0.0,0.046002347022295,-0.046002347022295,-0.020312785018776928
26068508,ESCOLA DE REFERENCIA EM ENSINO MEDIO ANTONIO INACIO,Feira Nova,2022,0.0,0.04604949429631233,-0.04604949429631233,-0.020333603357477588
26103052,ESCOLA DE REFERENCIA EM ENSINO FUNDAMENTAL E MEDIO JOAQUIM NABUCO,Ribeirão,2022,0.0,0.04613620415329933,-0.04613620415329933,-0.020371890940568342
26185113,ESCOLA TECNICA ESTADUAL PEDRO LEAO LEAL,São José do Belmonte,2022,0.0,0.046141497790813446,-0.046141497790813446,-0.02037422839784502
26187051,ESCOLA TECNICA ESTADUAL MINISTRO FERNANDO LYRA,Caruaru,2022,0.0,0.04616040363907814,-0.04616040363907814,-0.02038257645954744
26178028,ESCOLA DE REFERENCIA EM ENSINO MEDIO DE IPOJUCA,Ipojuca,2022,0.0,0.04643998667597771,-0.04643998667597771,-0.0205060290764473
26128403,ESCOLA DE REFERENCIA EM ENSINO MEDIO PADRE NERCIO RODRIGUES,Recife,2023,0.0,0.04651176929473877,-0.04651176929473877,-0.020537725391904238
26034832,ESCOLA DE REFERENCIA EM ENSINO FUNDAMENTAL E MEDIO MONTEIRO LOBATO,Petrolina,2023,0.0,0.046541959047317505,-0.046541959047317505,-0.02055105597161585
26083639,ESCOLA DE REFERENCIA EM ENSINO MEDIO QUINTINO BOCAIUVA,Camocim de São Félix,2023,0.0,0.046697624027729034,-0.046697624027729034,-0.02061979136201928
26186241,ESCOLA DE REFERENCIA EM ENSINO MEDIO PROFESSOR JORDAO EMERENCIANO,Recife,2022,0.0,0.046842657029628754,-0.046842657029628754,-0.020683832098610157
26013185,ESCOLA DE REFERENCIA EM ENSINO FUNDAMENTAL E MEDIO PROFESSOR MANOEL DE QUEIROZ,São José do Belmonte,2023,0.0,0.04688829183578491,-0.04688829183578491,-0.020703982592374624
26067552,ESCOLA DE REFERENCIA EM ENSINO MEDIO RAIMUNDO HONORIO,Bom Jardim,2022,0.0,0.04711150377988815,-0.04711150377988815,-0.020802544003426
26034298,ESCOLA DE REFERENCIA EM ENSINO MEDIO ANTONIO PADILHA,Petrolina,2022,0.0,0.04737168177962303,-0.04737168177962303,-0.020917428136895722
26080516,ESCOLA DE REFERENCIA EM ENSINO MEDIO MONSENHOR JOAO MARQUES,Saloá,2023,0.0,0.04753302410244942,-0.04753302410244942,-0.02098867041321728
26048337,ESCOLA DE REFERENCIA EM ENSINO MEDIO JOSE EMILIO DE MELO,Tupanatinga,2022,0.0,0.04769960790872574,-0.04769960790872574,-0.021062227117679785
26041910,ESCOLA DE REFERENCIA EM ENSINO MEDIO PROFESSORA MARIA DE MENEZES GUIMARAES,Itacuruba,2023,0.0,0.047835271805524826,-0.047835271805524826,-0.021122130834530444
26135400,ESCOLA ESTADUAL PROFESSORA MARIZA JOSE BARBOSA DA SILVA,Passira,2022,0.0,0.048194821923971176,-0.048194821923971176,-0.021280893696258716
26082179,ESCOLA DE REFERENCIA EM ENSINO MEDIO PROFESSOR FRANCISCO JOAQUIM DE BARROS CORREIA,Altinho,2023,0.0,0.048267196863889694,-0.048267196863889694,-0.021312851556900027
26010151,ESCOLA DE REFERENCIA EM ENSINO MEDIO ODORICO MELO,Parnamirim,2022,0.0,0.04826998710632324,-0.04826998710632324,-0.021314083615661623
26092492,ESCOLA DE REFERENCIA EM ENSINO MEDIO DOUTOR JOAQUIM CORREIA,Vicência,2023,0.0,0.048339519649744034,-0.048339519649744034,-0.021344786388405607
26070618,ESCOLA DE REFERENCIA EM ENSINO MEDIO PROFESSOR ANTONIO PEDRO DE AGUIAR,Orobó,2023,0.0,0.04838292673230171,-0.04838292673230171,-0.021363953209086715
26008530,ESCOLA DE REFERENCIA EM ENSINO MEDIO GOVERNADOR MUNIZ FALCAO,Trindade,2022,0.0,0.04864458367228508,-0.04864458367228508,-0.021479490383048236
26093030,ESCOLA DE REFERENCIA EM ENSINO MEDIO PRESIDENTE COSTA E SILVA,Chã de Alegria,2023,0.0,0.04875265806913376,-0.04875265806913376,-0.021527211687097293
26050102,ESCOLA DE REFERENCIA EM ENSINO MEDIO JOAO MONTEIRO DE MELO,Belo Jardim,2022,0.0,0.04887498542666435,-0.04887498542666435,-0.02158122652495393
26096030,ESCOLA DE REFERENCIA EM ENSINO MEDIO JOAO VICENTE DE QUEIROZ,Água Preta,2023,0.0,0.04894131422042847,-0.04894131422042847,-0.021610514650788733
26088606,ESCOLA DE REFERENCIA EM ENSINO MEDIO EMILIANO PEREIRA BORGES,Ferreiros,2023,0.0,0.04900140315294266,-0.04900140315294266,-0.02163704750502717
26097982,ESCOLA DE REFERENCIA EM ENSINO MEDIO PRESIDENTE TANCREDO NEVES,Belém de Maria,2023,0.0,0.049235306680202484,-0.049235306680202484,-0.021740329888903363
26014564,ESCOLA DE REFERENCIA EM ENSINO MEDIO NORMAL ESTADUAL PROFESSORA IONE DE GOES BARROS,Afogados da Ingazeira,2022,0.0,0.04935215041041374,-0.04935215041041374,-0.02179192337763173
26017750,ESCOLA DE REFERENCIA EM ENSINO MEDIO PROFESSORA ROSETE BEZERRA DE SOUZA,Iguaracy,2023,0.0,0.049352310597896576,-0.049352310597896576,-0.02179199410997719
26027828,ESCOLA DE REFERENCIA EM ENSINO MEDIO PEDRO BEZERRA DE MELO,Ibimirim,2022,0.0,0.04937193542718887,-0.04937193542718887,-0.021800659644765043
26036169,ESCOLA MANOEL MARINHO,Petrolina,2023,0.0,0.049542997032403946,-0.049542997032403946,-0.021876193565023867
26040280,ESCOLA DE REFERENCIA EM ENSINO MEDIO PROFESSOR AURELIANO GONCALVES DOS SANTOS,Carnaubeira da Penha,2023,0.0,0.0498286597430706,-0.0498286597430706,-0.02200233072117463
26182092,ESCOLA ESTADUAL ESCRITOR MAXIMIANO ACCIOLY CAMPOS,Sirinhaém,2022,0.0,0.049945756793022156,-0.049945756793022156,-0.022054036065705118
26109107,ESCOLA DE REFERENCIA EM ENSINO MEDIO SIMON BOLIVAR,Jaboatão dos Guararapes,2023,0.0,0.049979355186223984,-0.049979355186223984,-0.022068871763930565
26110849,ESCOLA ALTO DOS GUARARAPES,Jaboatão dos Guararapes,2023,0.0,0.05016208440065384,-0.05016208440065384,-0.022149557630840026
26024675,ESCOLA DE REFERENCIA EM ENSINO MEDIO SENADOR VITORINO FREIRE,Arcoverde,2022,0.0,0.05041008070111275,-0.05041008070111275,-0.022259062816178336
26008530,ESCOLA DE REFERENCIA EM ENSINO MEDIO GOVERNADOR MUNIZ FALCAO,Trindade,2023,0.0,0.050484199076890945,-0.050484199076890945,-0.022291790507928365
26011344,ESCOLA TECNICA ESTADUAL PROFESSOR URBANO GOMES DE SA,Salgueiro,2022,0.0,0.05048702657222748,-0.05048702657222748,-0.02229303901607263
26053845,ESCOLA TECNICA ESTADUAL DE CARUARU NELSON BARBALHO,Caruaru,2023,0.0,0.0507342554628849,-0.0507342554628849,-0.022402205344128047
26076780,ESCOLA DE REFERENCIA EM ENSINO MEDIO FRANCISCO PEREIRA DA COSTA,Iati,2023,0.0,0.05084720626473427,-0.05084720626473427,-0.022452079872367935
26178095,ESCOLA DE REFERENCIA EM ENSINO MEDIO CLEMENTINO COELHO,Petrolina,2022,0.0,0.05085291340947151,-0.05085291340947151,-0.02245459991779219
26091291,ESCOLA DE REFERENCIA EM ENSINO MEDIO MONSENHOR LANDELINO BARRETO LINS,Paudalho,2023,0.0,0.050967179238796234,-0.050967179238796234,-0.02250505510924015
26097249,ESCOLA DOM LUIZ DE BRITO,Amaraji,2022,0.0,0.051132019609212875,-0.051132019609212875,-0.02257784198259394
26081180,ESCOLA DE REFERENCIA EM ENSINO MEDIO MONSENHOR ALFREDO DAMASO,Terezinha,2022,0.0,0.05155336856842041,-0.05155336856842041,-0.022763892725224964
26114852,ESCOLA DE REFERENCIA EM ENSINO FUNDAMENTAL SIGISMUNDO GONCALVES,Olinda,2022,0.0,0.051561139523983,-0.051561139523983,-0.022767324066448855
26008505,ESCOLA MARIA LUIZA DE BRITO FERREIRA,Moreilândia,2022,0.0,0.05183898285031319,-0.05183898285031319,-0.022890008497178264
26115913,ESCOLA DE REFERENCIA EM ENSINO MEDIO DOUTOR LUIZ CABRAL DE MELO,Paulista,2022,0.0,0.05190478637814522,-0.05190478637814522,-0.02291906468671749
26036177,ESCOLA NUCLEO DE MORADORES - 6,Petrolina,2022,0.0,0.05193321406841278,-0.05193321406841278,-0.022931617210629054
26042045,ESCOLA DE REFERENCIA EM ENSINO MEDIO DELMIRO GOUVEIA-PETROLANDIA,Petrolândia,2023,0.0,0.05228950083255768,-0.05228950083255768,-0.023088939106435884
26080516,ESCOLA DE REFERENCIA EM ENSINO MEDIO MONSENHOR JOAO MARQUES,Saloá,2022,0.0,0.05242332071065903,-0.05242332071065903,-0.023148028578844633
26063891,ESCOLA DE REFERENCIA EM ENSINO MEDIO JOSE FRANCELINO ARAGAO,Santa Cruz do Capibaribe,2023,0.0,0.05246686190366745,-0.05246686190366745,-0.02316725461730333
26088894,ESCOLA DE REFERENCIA EM ENSINO MEDIO BENIGNO PESSOA DE ARAUJO,Goiana,2023,0.0,0.05249486863613129,-0.05249486863613129,-0.023179621263190783
26042312,ESCOLA DE REFERENCIA EM ENSINO FUNDAMENTAL E MEDIO SAO FRANCISCO,Petrolândia,2022,0.0,0.053300973027944565,-0.053300973027944565,-0.023535564519861128
26065568,ESCOLA DE REFERENCIA EM ENSINO MEDIO JOAO XXIII,Casinhas,2022,0.0,0.053321726620197296,-0.053321726620197296,-0.02354472847094373
26003066,ESCOLA DE REFERENCIA EM ENSINO MEDIO BARAO DE EXU,Exu,2022,0.0,0.05350366607308388,-0.05350366607308388,-0.02362506561094069
26091267,ESCOLA DE REFERENCIA EM ENSINO MEDIO HERCULANO BANDEIRA,Paudalho,2023,0.0,0.05356890708208084,-0.05356890708208084,-0.02365387341480168
26123533,ESCOLA MONSENHOR ALVARO NEGROMONTE,Recife,2022,0.0,0.05379252880811691,-0.05379252880811691,-0.023752615769062367
26096358,ESCOLA DE REFERENCIA EM ENSINO MEDIO JOAO VICENTE DE QUEIROZ - USINA,Água Preta,2023,0.0,0.0540517121553421,-0.0540517121553421,-0.023867060704014943
26123479,ESCOLA DE REFERENCIA EM ENSINO MEDIO ALBERTO TORRES,Recife,2023,0.0,0.05408244580030441,-0.05408244580030441,-0.02388063144471346
26124580,ESCOLA DE REFERENCIA EM ENSINO MEDIO ELEANOR ROOSEVELT,Recife,2023,0.0,0.05435195565223694,-0.05435195565223694,-0.023999636148540737
26165783,ESCOLA DE REFERENCIA EM ENSINO MEDIO NOSSA SENHORA DA PENHA,Gameleira,2023,0.0,0.05455935001373291,-0.05455935001373291,-0.024091213151712608
26126443,ESCOLA DE REFERENCIA EM ENSINO FUNDAMENTAL E MEDIO NOSSA SENHORA DE FATIMA,Recife,2023,0.0,0.05468355864286423,-0.05468355864286423,-0.024146058683393822
26091720,ESCOLA DE REFERENCIA EM ENSINO MEDIO JORNALISTA JADER DE ANDRADE,Timbaúba,2023,0.0,0.054907090961933136,-0.054907090961933136,-0.024244761559136112
26040972,ESCOLA JULIO DE MELLO,Floresta,2023,0.0,0.05499359220266342,-0.05499359220266342,-0.024282957025683942
26046040,ESCOLA DE REFERENCIA EM ENSINO FUNDAMENTAL E MEDIO VIGARIO JOAO INACIO,Buíque,2023,0.0,0.055001016706228256,-0.055001016706228256,-0.02428623538764905
26076250,ESCOLA DE REFERENCIA EM ENSINO MEDIO VIRGEM DO SOCORRO,Garanhuns,2023,0.0,0.05505146086215973,-0.05505146086215973,-0.024308509496715553
26036223,ESCOLA DE REFERENCIA EM ENSINO FUNDAMENTAL E MEDIO NOSSA SENHORA APARECIDA,Petrolina,2023,0.0,0.05506575480103493,-0.05506575480103493,-0.024314821124844066
26100525,ESCOLA DE REFERENCIA EM ENSINO MEDIO GOVERNADOR EDUARDO CAMPOS,Joaquim Nabuco,2022,0.0,0.05531308427453041,-0.05531308427453041,-0.024424031866232678
26113872,ESCOLA PROFESSORA DEANA CLARK XAVIER,Olinda,2022,0.0,0.05535474047064781,-0.05535474047064781,-0.024442425565928537
26110849,ESCOLA ALTO DOS GUARARAPES,Jaboatão dos Guararapes,2022,0.0,0.055462807416915894,-0.055462807416915894,-0.02449014358010106
26131528,ESCOLA DE REFERENCIA EM ENSINO MEDIO ALBERTINA DA COSTA SOARES,Ipojuca,2022,0.0,0.0555119514465332,-0.0555119514465332,-0.02451184360571256
26098504,ESCOLA TOBIAS BARRETO,Catende,2022,0.0,0.05562254786491394,-0.05562254786491394,-0.024560678532968026
26046040,ESCOLA DE REFERENCIA EM ENSINO FUNDAMENTAL E MEDIO VIGARIO JOAO INACIO,Buíque,2022,0.0,0.05562977492809296,-0.05562977492809296,-0.02456386971320501
26087022,ESCOLA CEL LUIZ IGNACIO PESSOA DE MELO,Aliança,2022,0.0,0.055764928460121155,-0.055764928460121155,-0.024623548073513163
26134085,ESCOLA DE REFERENCIA EM ENSINO MEDIO ALFREDO DE CARVALHO,Triunfo,2022,0.2,0.2557857632637024,-0.05578576326370238,-0.02463274788424997
26003066,ESCOLA DE REFERENCIA EM ENSINO MEDIO BARAO DE EXU,Exu,2023,0.0,0.05592405050992966,-0.05592405050992966,-0.024693809966627896
26097249,ESCOLA DE REFERENCIA EM ENSINO MEDIO DOM LUIZ DE BRITO,Amaraji,2023,0.0,0.05597333982586861,-0.05597333982586861,-0.024715574144831786
26078562,ESCOLA DE REFERENCIA EM ENSINO MEDIO ABILIO MONTEIRO,Lagoa do Ouro,2023,0.0,0.05616656318306923,-0.05616656318306923,-0.02480089380283794
26004518,ESCOLA DE REFERENCIA EM ENSINO MEDIO ARAO PEIXOTO DE ALENCAR,Ipubi,2022,0.0,0.05640725418925285,-0.05640725418925285,-0.02490717326423567
26091267,ESCOLA DE REFERENCIA EM ENSINO MEDIO HERCULANO BANDEIRA,Paudalho,2022,0.0,0.056416984647512436,-0.056416984647512436,-0.024911469842987734
26048337,ESCOLA DE REFERENCIA EM ENSINO MEDIO JOSE EMILIO DE MELO,Tupanatinga,2023,0.0,0.056487299501895905,-0.056487299501895905,-0.02494251805276768
26130386,ESCOLA DE REFERENCIA EM ENSINO MEDIO JOSE RODRIGUES DE CARVALHO,Cabo de Santo Agostinho,2022,0.0,0.05668327584862709,-0.05668327584862709,-0.025029053320152768
26133985,ESCOLA DE REFERENCIA EM ENSINO MEDIO REGINA PACIS,Santa Cruz da Baixa Verde,2023,0.0,0.05669224634766579,-0.05669224634766579,-0.025033014331498467
26145677,ESCOLA DE REFERENCIA EM ENSINO MEDIO JUSTA BARBOSA DE SALES,Vertente do Lério,2022,0.0,0.05678360164165497,-0.05678360164165497,-0.02507335315260753
26182084,ESCOLA ESTADUAL JOSE RODRIGUES DE BARROS - MESTRE ZUZA,São José da Coroa Grande,2023,0.0,0.056844599545001984,-0.056844599545001984,-0.02510028737178299
26054043,ESCOLA DE REFERENCIA EM ENSINO MEDIO DOM MIGUEL DE LIMA VALVERDE,Caruaru,2022,0.2,0.25696635246276855,-0.056966352462768544,-0.02515404856015893
26090058,ESCOLA DE REFERENCIA EM ENSINO MEDIO DOUTOR FRANCISCO SIQUEIRA C DA CUNHA,Lagoa do Carro,2022,0.0,0.057070761919021606,-0.057070761919021606,-0.025200151573941423
26024730,ESCOLA DE REFERENCIA EM ENSINO MEDIO CARLOS RIOS,Arcoverde,2022,0.0,0.057135868817567825,-0.057135868817567825,-0.02522890016002482
26100525,ESCOLA DE REFERENCIA EM ENSINO MEDIO GOVERNADOR EDUARDO CAMPOS,Joaquim Nabuco,2023,0.0,0.05719888210296631,-0.05719888210296631,-0.025256724290802446
26024802,ESCOLA DE REFERENCIA EM ENSINO FUNDAMENTAL E MEDIO MONSENHOR JOSE KEHRLE,Arcoverde,2022,0.0,0.05728311836719513,-0.05728311836719513,-0.025293919634884254
26184699,ESCOLA ESTADUAL COLETTE CATTA,Cabo de Santo Agostinho,2022,0.0,0.05776079744100571,-0.05776079744100571,-0.02550484348904283
26047837,ESCOLA DE REFERENCIA EM ENSINO MEDIO PROFESSOR BRASILIANO DONINO DA COSTA LIMA,Pedra,2022,0.0,0.057841792702674866,-0.057841792702674866,-0.025540607736832793
26185059,ESCOLA DE REFERENCIA EM ENSINO MEDIO GENIFA FELISBELA NOBRE,Ipubi,2023,0.0,0.057909008115530014,-0.057909008115530014,-0.025570287357975018
26040972,ESCOLA JULIO DE MELLO,Floresta,2022,0.0,0.0580940917134285,-0.0580940917134285,-0.025652012825868896
26130386,ESCOLA DE REFERENCIA EM ENSINO MEDIO JOSE RODRIGUES DE CARVALHO,Cabo de Santo Agostinho,2023,0.0,0.05818914994597435,-0.05818914994597435,-0.02569398671561485
26130947,ESCOLA DOMINGOS DE ALBUQUERQUE,Ipojuca,2022,0.0,0.058366913348436356,-0.058366913348436356,-0.02577247987981508
26134085,ESCOLA DE REFERENCIA EM ENSINO MEDIO ALFREDO DE CARVALHO,Triunfo,2023,0.0,0.0583779439330101,-0.0583779439330101,-0.02577735054202215
26174464,ESCOLA DE REFERENCIA EM ENSINO MEDIO HENRIQUE JUSTINO DE MELO,Jucati,2022,0.0,0.05848025903105736,-0.05848025903105736,-0.025822528771511217
26165783,ESCOLA ESTADUAL NOSSA SENHORA DA PENHA,Gameleira,2022,0.0,0.05850273370742798,-0.05850273370742798,-0.025832452684072933
26009390,ESCOLA DE REFERENCIA EM ENSINO MEDIO FRANCISCO PIRES,Mirandiba,2022,0.0,0.05850940942764282,-0.05850940942764282,-0.02583540041344648
26017750,ESCOLA DE REFERENCIA EM ENSINO MEDIO PROFESSORA ROSETE BEZERRA DE SOUZA,Iguaracy,2022,0.0,0.058520618826150894,-0.058520618826150894,-0.025840350032690338
26019493,ESCOLA DE REFERENCIA EM ENSINO MEDIO SANTA TEREZINHA,Santa Terezinha,2022,0.0,0.058618463575839996,-0.058618463575839996,-0.025883554336259624
26177013,ESCOLA DE REFERENCIA EM ENSINO MEDIO DE BEZERROS,Bezerros,2022,0.0,0.05868782475590706,-0.05868782475590706,-0.025914181441843345
26122120,COLEGIO DA POLICIA MILITAR DE PERNAMBUCO,Recife,2022,0.0,0.05923681706190109,-0.05923681706190109,-0.026156594349237283
26105837,ESCOLA DE REFERENCIA EM ENSINO MEDIO MARIA GAYAO PESSOA GUERRA,Araçoiaba,2022,0.0,0.0596185140311718,-0.0596185140311718,-0.02632513636895982
26045745,ESCOLA DE REFERENCIA EM ENSINO MEDIO DUQUE DE CAXIAS,Buíque,2022,0.0,0.06000963971018791,-0.06000963971018791,-0.026497841727434832
26011344,ESCOLA TECNICA ESTADUAL PROFESSOR URBANO GOMES DE SA,Salgueiro,2023,0.0,0.0601147785782814,-0.0601147785782814,-0.0265442668201299
26145677,ESCOLA DE REFERENCIA EM ENSINO MEDIO JUSTA BARBOSA DE SALES,Vertente do Lério,2023,0.0,0.06027765944600105,-0.06027765944600105,-0.026616188455955515
26112108,ESCOLA DE REFERENCIA EM ENSINO MEDIO SOFRONIO PORTELA,Moreno,2023,0.0,0.0604449100792408,-0.0604449100792408,-0.02669003960436772
26013185,ESCOLA DE REFERENCIA EM ENSINO FUNDAMENTAL E MEDIO PROFESSOR MANOEL DE QUEIROZ,São José do Belmonte,2022,0.0,0.06065118685364723,-0.06065118685364723,-0.026781123126059642
26017598,ESCOLA ESTADUAL JOAQUIM ALVES DE FREITAS,Iguaracy,2023,0.0,0.060654476284980774,-0.060654476284980774,-0.026782575606548953
26045656,ESCOLA DE REFERENCIA EM ENSINO MEDIO SAO FELIX DE CANTALICE,Buíque,2023,0.0,0.06094934791326523,-0.06094934791326523,-0.02691277905009447
26069652,ESCOLA DE REFERENCIA EM ENSINO FUNDAMENTAL GINASIO ARTHUR CORREIA DE OLIVEIRA,Limoeiro,2023,0.0,0.061340123414993286,-0.061340123414993286,-0.027085329784372437
26135400,ESCOLA ESTADUAL PROFESSORA MARIZA JOSE BARBOSA DA SILVA,Passira,2023,0.0,0.061416592448949814,-0.061416592448949814,-0.027119095432168616
26111020,ESCOLA DE REFERENCIA EM ENSINO MEDIO HUMBERTO LINS BARRADAS,Jaboatão dos Guararapes,2022,0.0,0.061476513743400574,-0.061476513743400574,-0.02714555426418506
26098822,ESCOLA DE REFERENCIA EM ENSINO MEDIO PROFESSORA ABIGAIL GUERRA,Cortês,2022,0.0,0.06153351441025734,-0.06153351441025734,-0.02717072346460058
26030950,ESCOLA ESTADUAL ANTONIO CAVALCANTI FILHO,Afrânio,2023,0.0,0.0615919753909111,-0.0615919753909111,-0.027196537480816563
26014670,ESCOLA DE REFERENCIA EM ENSINO MEDIO MONSENHOR ANTONIO DE PADUA SANTOS,Afogados da Ingazeira,2022,0.0,0.06168760731816292,-0.06168760731816292,-0.027238764691055555
26088606,ESCOLA DE REFERENCIA EM ENSINO MEDIO EMILIANO PEREIRA BORGES,Ferreiros,2022,0.0,0.06192854046821594,-0.06192854046821594,-0.02734515107344061
26078562,ESCOLA DE REFERENCIA EM ENSINO MEDIO ABILIO MONTEIRO,Lagoa do Ouro,2022,0.0,0.06199564039707184,-0.06199564039707184,-0.027374779701496574
26024578,ESCOLA DE REFERENCIA EM ENSINO FUNDAMENTAL ERNESTO DE SOUZA LEITE,Tuparetama,2023,0.0,0.06207393854856491,-0.06207393854856491,-0.0274093530139816
26126206,ESCOLA DE REFERENCIA EM ENSINO FUNDAMENTAL E MEDIO GILBERTO FREYRE,Recife,2023,0.0,0.06228325143456459,-0.06228325143456459,-0.027501777160360712
26089424,ESCOLA DE REFERENCIA EM ENSINO MEDIO FREI CAMPO MAYOR,Goiana,2022,0.0,0.0631711557507515,-0.0631711557507515,-0.02789383997148658
26030950,ESCOLA ANTONIO CAVALCANTI FILHO,Afrânio,2022,0.0,0.06317293643951416,-0.06317293643951416,-0.02789462625197796
26045656,ESCOLA DE REFERENCIA EM ENSINO MEDIO SAO FELIX DE CANTALICE,Buíque,2022,0.0,0.06360028684139252,-0.06360028684139252,-0.028083326990156296
26029243,ESCOLA DE REFERENCIA EM ENSINO MEDIO CORONEL MANOEL DE SOUZA NETO,Manari,2023,0.0,0.06382919102907181,-0.06382919102907181,-0.02818440186687886
26113813,ESCOLA DE REFERENCIA EM ENSINO FUNDAMENTAL E MEDIO COMPOSITOR ANTONIO MARIA,Olinda,2022,0.0,0.06384659558534622,-0.06384659558534622,-0.02819208701845989
26123720,ESCOLA DE REFERENCIA EM ENSINO FUNDAMENTAL E MEDIO BARAO DO BONITO,Recife,2022,0.0,0.06444820016622543,-0.06444820016622543,-0.028457731388991426
26087715,ESCOLA DE REFERENCIA EM ENSINO MEDIO PEDRO TAVARES,Camutanga,2023,0.0,0.06477035582065582,-0.06477035582065582,-0.0285999823604007
26056577,ESCOLA DE REFERENCIA EM ENSINO MEDIO PROFESSOR ANTONIO FARIAS,Gravatá,2022,0.0,0.06490539014339447,-0.06490539014339447,-0.02865960808268432
26113830,ESCOLA DE REFERENCIA EM ENSINO FUNDAMENTAL PROFESSOR CANDIDO PESSOA,Olinda,2022,0.0,0.06492804735898972,-0.06492804735898972,-0.028669612597221096
26014190,ESCOLA DE REFERENCIA EM ENSINO MEDIO ANISIO VERAS,Verdejante,2022,1.2,1.2650097608566284,-0.06500976085662846,-0.028705693989108858
26032082,ESCOLA MINISTRO MARCOS FREIRE,Cabrobó,2022,0.0,0.065062016248703,-0.065062016248703,-0.028728767867160505
26088894,ESCOLA DE REFERENCIA EM ENSINO MEDIO BENIGNO PESSOA DE ARAUJO,Goiana,2022,0.0,0.0650654062628746,-0.0650654062628746,-0.028730264760983008
26029243,ESCOLA DE REFERENCIA EM ENSINO MEDIO CORONEL MANOEL DE SOUZA NETO,Manari,2022,0.0,0.06530747562646866,-0.06530747562646866,-0.028837152849539343
26092492,ESCOLA DE REFERENCIA EM ENSINO MEDIO DOUTOR JOAQUIM CORREIA,Vicência,2022,0.0,0.06537900865077972,-0.06537900865077972,-0.028868738954132427
26101602,ESCOLA DE REFERENCIA EM ENSINO MEDIO DA FRATERNIDADE PALMARENSE,Palmares,2023,0.0,0.0654948428273201,-0.0654948428273201,-0.028919886664590576
26112701,ESCOLA DE REFERENCIA EM ENSINO MEDIO DE OLINDA,Olinda,2022,0.0,0.06594555079936981,-0.06594555079936981,-0.029118901165699786
26097710,ESCOLA TECNICA ESTADUAL CENTRAL DE BARREIROS,Barreiros,2023,0.0,0.06595738232135773,-0.06595738232135773,-0.02912412548963415
26058812,ESCOLA PROFESSOR ARRUDA MARINHO,Pesqueira,2023,0.0,0.06610079854726791,-0.06610079854726791,-0.02918745232301737
26130319,ESCOLA PROFESSOR NATANAEL BARBOSA MEDRADO,Cabo de Santo Agostinho,2023,0.0,0.06619281321763992,-0.06619281321763992,-0.0292280822981996
26071673,ESCOLA PROFESSOR JOAO BARBOSA DE ALMEIDA,São Vicente Férrer,2023,0.0,0.06653004139661789,-0.06653004139661789,-0.02937698868983508
26022850,ESCOLA DE REFERENCIA EM ENSINO MEDIO NOSSA SENHORA DE LOURDES,Solidão,2023,0.0,0.06665615737438202,-0.06665615737438202,-0.029432676429908735
26097370,ESCOLA HELIO SANTIAGO RAMOS,Barreiros,2023,0.0,0.06673654168844223,-0.06673654168844223,-0.029468170907822992
26113830,ESCOLA DE REFERENCIA EM ENSINO FUNDAMENTAL PROFESSOR CANDIDO PESSOA,Olinda,2023,0.0,0.06677649915218353,-0.06677649915218353,-0.029485814515669333
26062585,ESCOLA PIO XII,São Caitano,2022,0.4,0.4669399559497833,-0.0669399559497833,-0.02955799045895094
26067552,ESCOLA DE REFERENCIA EM ENSINO MEDIO RAIMUNDO HONORIO,Bom Jardim,2023,0.0,0.06695546209812164,-0.06695546209812164,-0.029564837349991373
26113236,ESCOLA DE REFERENCIA EM ENSINO MEDIO AUREA DE MOURA CAVALCANTI,Olinda,2022,0.0,0.06697741150856018,-0.06697741150856018,-0.029574529326257516
26108984,ESCOLA DE REFERENCIA EM ENSINO MEDIO POETA MAURO MOTA,Jaboatão dos Guararapes,2022,0.0,0.06719648092985153,-0.06719648092985153,-0.029671261565956557
26108038,ESCOLA DE REFERENCIA EM ENSINO MEDIO TITO PEREIRA DE OLIVEIRA,Camaragibe,2023,0.0,0.0674108937382698,-0.0674108937382698,-0.029765937632822488
26110148,ESCOLA ALFREDO TENORIO,Jaboatão dos Guararapes,2023,0.0,0.06756943464279175,-0.06756943464279175,-0.029835942915567647
26169193,ESCOLA ESTADUAL TEOTONIO CORREIA DA SILVA,Sirinhaém,2022,0.0,0.06785649806261063,-0.06785649806261063,-0.02996269856850661
26098270,ESCOLA DE REFERENCIA EM ENSINO MEDIO COSTA AZEVEDO - CATENDE,Catende,2023,0.0,0.06787718087434769,-0.06787718087434769,-0.029971831265762146
26132735,ESCOLA DE REFERENCIA EM ENSINO MEDIO SOLIDONIO PEREIRA DE CARVALHO,Quixaba,2022,0.0,0.06855341792106628,-0.06855341792106628,-0.030270430329524485
26176262,ESCOLA TECNICA ESTADUAL PROFESSORA CELIA SIQUEIRA,São José do Egito,2022,0.0,0.06869076192378998,-0.06869076192378998,-0.03033107591353333
26000741,ESCOLA DE REFERENCIA EM ENSINO MEDIO PADRE LUIZ GONZAGA,Araripina,2022,0.0,0.06895413249731064,-0.06895413249731064,-0.030447369759097436
26081849,ESCOLA DE REFERENCIA EM ENSINO MEDIO PROFESSOR JOSE CONSTANTINO,Agrestina,2022,0.0,0.06913109123706818,-0.06913109123706818,-0.030525507616632107
26083159,ESCOLA DE REFERENCIA EM ENSINO MEDIO DOUTOR ALEXANDRINO DA ROCHA,Bonito,2023,0.0,0.06938271224498749,-0.06938271224498749,-0.030636613326903712
26033089,ESCOLA NOSSA SENHORA DAS GRACAS - DORMENTES,Dormentes,2023,0.0,0.07102163136005402,-0.07102163136005402,-0.03136029404761512
26011611,ESCOLA DE REFERENCIA EM ENSINO MEDIO CARLOS PENA FILHO,Salgueiro,2022,0.0,0.07146881520748138,-0.07146881520748138,-0.03155775243712423
26022850,ESCOLA DE REFERENCIA EM ENSINO MEDIO NOSSA SENHORA DE LOURDES,Solidão,2022,0.0,0.07170327752828598,-0.07170327752828598,-0.0316612815617404
26020882,ESCOLA DE REFERENCIA EM ENSINO FUNDAMENTAL E ENSINO MEDIO METHODIO DE GODOY LIMA,Serra Talhada,2022,0.0,0.07182317227125168,-0.07182317227125168,-0.03171422225490902
26090767,ESCOLA DE REFERENCIA EM ENSINO FUNDAMENTAL ANTONIO COUTINHO,Macaparana,2023,0.0,0.07194755226373672,-0.07194755226373672,-0.03176914345375049
26084201,ESCOLA DE REFERENCIA EM ENSINO MEDIO PROFESSORA MARIA DE LOURDES TEMPORAL,Cupira,2023,0.0,0.07260343432426453,-0.07260343432426453,-0.03205875457482474
26035073,ESCOLA POETA CARLOS DRUMOND DE ANDRADE,Petrolina,2023,0.0,0.07302749156951904,-0.07302749156951904,-0.0322460011875755
26024551,ESCOLA DE REFERENCIA EM ENSINO MEDIO CONEGO OLIMPIO TORRES,Tuparetama,2022,0.0,0.07312677800655365,-0.07312677800655365,-0.03228984208225391
26008505,ESCOLA MARIA LUIZA DE BRITO FERREIRA,Moreilândia,2023,0.0,0.07356742024421692,-0.07356742024421692,-0.032484411960167076
26184699,ESCOLA ESTADUAL COLETTE CATTA,Cabo de Santo Agostinho,2023,0.0,0.07382430136203766,-0.07382430136203766,-0.03259784032327096
26028573,ESCOLA DE REFERENCIA EM ENSINO FUNDAMENTAL JOEL PEDRO DA SILVA,Inajá,2023,0.0,0.07387033849954605,-0.07387033849954605,-0.032618168470368206
26114496,ESCOLA DE REFERENCIA EM ENSINO MEDIO CAPITAO LUIZ REIS,Olinda,2023,0.0,0.07393119484186172,-0.07393119484186172,-0.03264504018188954
26035502,ESCOLA ANTONIO NUNES DOS SANTOS,Petrolina,2022,0.0,0.07412958890199661,-0.07412958890199661,-0.03273264301420958
26117274,ESCOLA MANUEL DE BASTOS TIGRE,Paulista,2023,0.0,0.07452509552240372,-0.07452509552240372,-0.03290728282008598
26096072,ESCOLA MIRANDOLINA PESSOA DE QUEIROZ,Xexéu,2022,0.0,0.0751747190952301,-0.0751747190952301,-0.03319413044487254
26013436,ESCOLA DE REFERENCIA EM ENSINO FUNDAMENTAL E ENSINO MEDIO NAPOLEAO ARAUJO,São José do Belmonte,2023,0.0,0.07529652118682861,-0.07529652118682861,-0.033247913346433594
26040280,ESCOLA DE REFERENCIA EM ENSINO MEDIO PROFESSOR AURELIANO GONCALVES DOS SANTOS,Carnaubeira da Penha,2022,0.0,0.07629667967557907,-0.07629667967557907,-0.03368954308234352
26108801,ESCOLA DE REFERENCIA EM ENSINO MEDIO FREI ROMEU PEREA,Jaboatão dos Guararapes,2023,0.0,0.07655226439237595,-0.07655226439237595,-0.03380239900693067
26102250,ESCOLA DE REFERENCIA EM ENSINO MEDIO DOUTOR FERNANDO PESSOA DE MELLO,Quipapá,2023,0.0,0.0771222785115242,-0.0771222785115242,-0.034054094300962394
26133985,ESCOLA DE REFERENCIA EM ENSINO MEDIO REGINA PACIS,Santa Cruz da Baixa Verde,2022,0.0,0.07745037227869034,-0.07745037227869034,-0.034198967303968444
26109107,ESCOLA DE REFERENCIA EM ENSINO MEDIO SIMON BOLIVAR,Jaboatão dos Guararapes,2022,0.0,0.0779058113694191,-0.0779058113694191,-0.0344000708766761
26013452,ESCOLA DE REFERENCIA EM ENSINO MEDIO DESEMBARGADOR JOAO PAES,Serrita,2022,0.0,0.07798520475625992,-0.07798520475625992,-0.03443512780101147
26065401,ESCOLA DE REFERENCIA EM ENSINO MEDIO ANA FAUSTINA,Surubim,2023,0.0,0.0782267302274704,-0.0782267302274704,-0.034541775728580894
26116316,ESCOLA DE REFERENCIA EM ENSINO MEDIO PROFESSORA AMARINA SIMOES,Paulista,2022,0.0,0.07895530015230179,-0.07895530015230179,-0.03486348288511084
26185059,ESCOLA DE REFERENCIA EM ENSINO MEDIO GENIFA FELISBELA NOBRE,Ipubi,2022,0.0,0.07940830290317535,-0.07940830290317535,-0.03506351066819221
26213800,ESCOLA MANOEL MESSIAS BARBOSA,Petrolina,2023,0.0,0.07978173345327377,-0.07978173345327377,-0.03522840256990141
26066181,ESCOLA ESTELITA TIMOTEO,Toritama,2023,0.0,0.07995884120464325,-0.07995884120464325,-0.03530660622496674
26111195,ESCOLA PEDRO BARROS FILHO,Jaboatão dos Guararapes,2022,0.0,0.08077586442232132,-0.08077586442232132,-0.03566737079569616
26020572,ESCOLA MAXIMA VIEIRA DE MELO,São José do Egito,2023,0.0,0.08081520348787308,-0.08081520348787308,-0.03568474134379026
26126621,ESCOLA DE REFERENCIA EM ENSINO MEDIO ROTARY DE NOVA DESCOBERTA,Recife,2023,0.0,0.08171351999044418,-0.08171351999044418,-0.036081401757370964
26181649,ESCOLA DE REFERENCIA EM ENSINO MEDIO QUILOMBOLA VEREADORA ALZIRA TENORIO DO AMARAL,Custódia,2022,0.0,0.08176106214523315,-0.08176106214523315,-0.03610239445952787
26009617,ESCOLA FRANCISCO ALVES DE CARVALHO,Mirandiba,2022,0.0,0.08219797164201736,-0.08219797164201736,-0.03629531610929801
26021900,ESCOLA DE REFERENCIA EM ENSINO MEDIO SOLIDONIO LEITE,Serra Talhada,2022,0.0,0.08264464884996414,-0.08264464884996414,-0.03649255078720288
26098270,ESCOLA DE REFERENCIA EM ENSINO MEDIO COSTA AZEVEDO - CATENDE,Catende,2022,0.0,0.08274489641189575,-0.08274489641189575,-0.03653681607595405
26026902,ESCOLA APOLONIO ALVES DA SILVA,Ibimirim,2022,0.0,0.0834287479519844,-0.0834287479519844,-0.036838777393533084
26071673,ESCOLA PROFESSOR JOAO BARBOSA DE ALMEIDA,São Vicente Férrer,2022,0.0,0.08375818282365799,-0.08375818282365799,-0.036984242574315075
26020963,ESCOLA DE REFERENCIA EM ENSINO FUNDAMENTAL E MEDIO ANTONIO TIMOTEO,Serra Talhada,2023,0.0,0.08380600064992905,-0.08380600064992905,-0.0370053570019037
26174464,ESCOLA DE REFERENCIA EM ENSINO MEDIO HENRIQUE JUSTINO DE MELO,Jucati,2023,0.0,0.08411698788404465,-0.08411698788404465,-0.03714267644839005
26107651,ESCOLA MARIA DA CONCEICAO DO REGO B LACERDA,Camaragibe,2022,0.0,0.0848313495516777,-0.0848313495516777,-0.03745810981037161
26050102,ESCOLA DE REFERENCIA EM ENSINO MEDIO JOAO MONTEIRO DE MELO,Belo Jardim,2023,0.0,0.08530093729496002,-0.08530093729496002,-0.03766546085861538
26113872,ESCOLA PROFESSORA DEANA CLARK XAVIER,Olinda,2023,0.0,0.08743976801633835,-0.08743976801633835,-0.03860988242505975
26008882,ESCOLA PROFESSORA ANTONIA MARINHO APOLINARIO,Trindade,2023,0.0,0.08753719180822372,-0.08753719180822372,-0.038652900850604924
26128420,ESCOLA DE REFERENCIA EM ENSINO MEDIO PEDRO CELSO,Recife,2022,0.0,0.0879441648721695,-0.0879441648721695,-0.03883260377646557
26175533,ESCOLA TECNICA ESTADUAL PEDRO MUNIZ FALCAO,Araripina,2023,0.0,0.08826567232608795,-0.08826567232608795,-0.03897456852861648
26127695,ESCOLA DE REFERENCIA EM ENSINO FUNDAMENTAL E MEDIO JOAQUIM XAVIER DE BRITO,Recife,2023,0.0,0.08847363293170929,-0.08847363293170929,-0.039066395562404856
26419823,ESCOLA DE REFERENCIA EM ENSINO MEDIO TERESINHA DE SOUZA LIRA,Floresta,2023,0.0,0.08880395442247391,-0.08880395442247391,-0.03921225223849426
26146967,ESCOLA BEM-TE-VI,Orocó,2023,0.0,0.0891011655330658,-0.0891011655330658,-0.03934348870327114
26176882,ESCOLA TECNICA ESTADUAL PROFESSOR JOSE LUIZ DE MENDONCA,Gravatá,2022,0.0,0.08922988176345825,-0.08922988176345825,-0.0394003246102548
26036037,ESCOLA PROFESSOR SIMAO AMORIM DURANDO,Petrolina,2023,0.0,0.08945662528276443,-0.08945662528276443,-0.039500445422782804
26103052,ESCOLA DE REFERENCIA EM ENSINO FUNDAMENTAL E MEDIO JOAQUIM NABUCO,Ribeirão,2023,0.0,0.08998227119445801,-0.08998227119445801,-0.03973254950206067
26123576,ESCOLA DE REFERENCIA EM ENSINO MEDIO PRESIDENTE HUMBERTO CASTELO BRANCO,Recife,2022,0.0,0.08998772501945496,-0.08998772501945496,-0.0397349576916828
26009390,ESCOLA DE REFERENCIA EM ENSINO MEDIO FRANCISCO PIRES,Mirandiba,2023,0.0,0.09046084433794022,-0.09046084433794022,-0.0399438681414032
26154358,ESCOLA DE REFERENCIA EM ENSINO FUNDAMENTAL E ENSINO MEDIO ICO MANDANTES,Petrolândia,2022,0.0,0.09126052260398865,-0.09126052260398865,-0.04029697387956386
26127431,ESCOLA DE REFERENCIA EM ENSINO MEDIO PROFESSOR LEAL DE BARROS,Recife,2022,0.0,0.09154347330331802,-0.09154347330331802,-0.04042191352065662
26063891,ESCOLA DE REFERENCIA EM ENSINO MEDIO JOSE FRANCELINO ARAGAO,Santa Cruz do Capibaribe,2022,0.0,0.09154819697141647,-0.09154819697141647,-0.04042399930237852
26090309,ESCOLA DE REFERENCIA EM ENSINO MEDIO TRISTAO FERREIRA BESSA,Lagoa de Itaenga,2023,0.0,0.09169774502515793,-0.09169774502515793,-0.04049003370414838
26020963,ESCOLA DE REFERENCIA EM ENSINO FUNDAMENTAL E MEDIO ANTONIO TIMOTEO,Serra Talhada,2022,0.0,0.09228673577308655,-0.09228673577308655,-0.04075010831370959
26000636,ESCOLA DE REFERENCIA EM ENSINO MEDIO MANOEL RIBEIRO DAMASCENO,Araripina,2023,0.0,0.09291930496692657,-0.09291930496692657,-0.041029425411112166
26025876,ESCOLA DE REFERENCIA EM ENSINO MEDIO OSMAR DE SOUZA FERRAZ,Betânia,2022,0.0,0.09297826886177063,-0.09297826886177063,-0.041055461493994125
26413817,ESCOLA DE REFERENCIA EM ENSINO FUNDAMENTAL E MEDIO TORQUATO DE CASTRO,Camaragibe,2022,0.0,0.09353452175855637,-0.09353452175855637,-0.04130108038606945
26076357,ESCOLA INSTITUTO PRESBITERIANO DE HELIOPOLIS,Garanhuns,2022,0.0,0.09399356693029404,-0.09399356693029404,-0.041503776259019055
26113929,ESCOLA RAIMUNDO DINIZ,Olinda,2023,0.0,0.09407923370599747,-0.09407923370599747,-0.04154160325939519
26087715,ESCOLA DE REFERENCIA EM ENSINO MEDIO PEDRO TAVARES,Camutanga,2022,0.0,0.09556219726800919,-0.09556219726800919,-0.04219642028451838
26176203,ESCOLA TECNICA ESTADUAL PROFESSOR PAULO FREIRE,Carnaíba,2022,0.0,0.09566772729158401,-0.09566772729158401,-0.04224301809573142
26139081,ESCOLA DE REFERENCIA EM ENSINO MEDIO JOAO RODRIGUES LEITE,Carnaubeira da Penha,2023,0.0,0.09575511515140533,-0.09575511515140533,-0.04228160505758668
26099853,ESCOLA DE REFERENCIA EM ENSINO MEDIO DOUTOR JAIME MONTEIRO,Gameleira,2023,0.0,0.09621860831975937,-0.09621860831975937,-0.04248626498682647
26077825,ESCOLA DE REFERENCIA EM ENSINO MEDIO SEBASTIAO TIAGO DE OLIVEIRA,Jupi,2023,0.0,0.09674922376871109,-0.09674922376871109,-0.04272056341375183
26056623,ESCOLA DE REFERENCIA EM ENSINO MEDIO CLETO CAMPELO,Gravatá,2022,0.0,0.09697979688644409,-0.09697979688644409,-0.04282237522281778
26044862,ESCOLA DE REFERENCIA EM ENSINO MEDIO CORONEL NICOLAU SIQUEIRA,Águas Belas,2022,0.0,0.09706944972276688,-0.09706944972276688,-0.04286196230713906
26012081,ESCOLA DE REFERENCIA EM ENSINO FUNDAMENTAL E ENSINO MEDIO AGRICOLA DE UMAS,Salgueiro,2022,0.0,0.09742087870836258,-0.09742087870836258,-0.04301713920344639
26087880,ESCOLA DE REFERENCIA EM ENSINO FUNDAMENTAL E MEDIO DEPUTADO JOAO TEOBALDO DE AZEVEDO,Carpina,2022,0.0,0.09841740876436234,-0.09841740876436234,-0.04345716676948476
26001624,ESCOLA DE REFERENCIA EM ENSINO MEDIO ANIZIO RODRIGUES COELHO,Araripina,2022,0.0,0.10032965242862701,-0.10032965242862701,-0.044301536610808316
26091259,ESCOLA DE REFERENCIA EM ENSINO MEDIO CONFEDERACAO DO EQUADOR,Paudalho,2022,0.0,0.10090147703886032,-0.10090147703886032,-0.044554031344837555
26087928,ESCOLA DE REFERENCIA EM ENSINO MEDIO JOSE DE LIMA JUNIOR,Carpina,2022,0.0,0.10091954469680786,-0.10091954469680786,-0.04456200929543002
26129566,ESCOLA 10 DE AGOSTO,São Lourenço da Mata,2023,0.0,0.10122288018465042,-0.10122288018465042,-0.044695950038717
26042525,ESCOLA NOSSA SENHORA APARECIDA - JATOBA,Jatobá,2023,0.0,0.10124560445547104,-0.10124560445547104,-0.04470598416214257
26020572,ESCOLA MAXIMA VIEIRA DE MELO,São José do Egito,2022,0.0,0.10252664238214493,-0.10252664238214493,-0.04527163895346909
26123282,ESCOLA DE REFERENCIA EM ENSINO MEDIO JOAQUIM TAVORA,Recife,2023,0.0,0.10258593410253525,-0.10258593410253525,-0.0452978197909185
26106957,ESCOLA DE REFERENCIA EM ENSINO MEDIO LUIZ RODOLFO DE ARAUJO JUNIOR,Abreu e Lima,2022,0.0,0.10258875787258148,-0.10258875787258148,-0.0452990666541245
26013436,ESCOLA DE REFERENCIA EM ENSINO FUNDAMENTAL E ENSINO MEDIO NAPOLEAO ARAUJO,São José do Belmonte,2022,0.0,0.10401581972837448,-0.10401581972837448,-0.045929199735620777
26130947,ESCOLA DOMINGOS DE ALBUQUERQUE,Ipojuca,2023,0.0,0.10415808111429214,-0.10415808111429214,-0.045992016638141384
26058812,ESCOLA PROFESSOR ARRUDA MARINHO,Pesqueira,2022,0.0,0.10478154569864273,-0.10478154569864273,-0.04626731350642067
26104083,ESCOLA DE REFERENCIA EM ENSINO MEDIO ELOY MALTA DE ALENCAR,São Benedito do Sul,2023,0.0,0.10512719303369522,-0.10512719303369522,-0.04641993745853841
26117010,ESCOLA ESTADUAL SAO JOSE,Paulista,2022,0.0,0.10517734289169312,-0.10517734289169312,-0.04644208161748186
26128195,ESCOLA DE REFERENCIA EM ENSINO FUNDAMENTAL E MEDIO JARBAS PERNAMBUCANO,Recife,2023,0.0,0.10518631339073181,-0.10518631339073181,-0.04644604262882756
26133974,ESCOLA PEDRO SANTOS ESTIMA,Flores,2022,0.4,0.5058566331863403,-0.10585663318634031,-0.0467420288726474
26009315,ESCOLA DE REFERENCIA EM ENSINO MEDIO PROFESSOR MANOEL JOAQUIM LEITE,Cedro,2022,0.4,0.5072247385978699,-0.10722473859786985,-0.047346129161138256
26125650,ESCOLA DE REFERENCIA EM ENSINO FUNDAMENTAL E MEDIO LIONS DE PARNAMIRIM,Recife,2023,0.0,0.11106681823730469,-0.11106681823730469,-0.049042636900255045
26169029,ESCOLA DE REFERENCIA EM ENSINO MEDIO RAIMUNDO DE CASTRO FERREIRA,Santa Filomena,2022,1.2,1.3119357824325562,-0.1119357824325562,-0.049426336516246464
26027836,ESCOLA DE REFERENCIA EM ENSINO FUNDAMENTAL INOCENCIO CORREIA LIMA,Ibimirim,2022,0.0,0.1127052754163742,-0.1127052754163742,-0.04976611364862141
26116316,ESCOLA DE REFERENCIA EM ENSINO MEDIO PROFESSORA AMARINA SIMOES,Paulista,2023,0.0,0.112729512155056,-0.112729512155056,-0.049776815616983175
26096358,ESCOLA DE REFERENCIA EM ENSINO MEDIO JOAO VICENTE DE QUEIROZ - USINA,Água Preta,2022,0.0,0.11350696533918381,-0.11350696533918381,-0.05012010765344597
26181320,ESCOLA ESTADUAL DR MIGUEL ARRAES DE ALENCAR,Sirinhaém,2023,0.0,0.11455309391021729,-0.11455309391021729,-0.05058203592756434
26153742,ESCOLA ESTADUAL MADRE IVA BEZERRA DE ARAUJO,Cabo de Santo Agostinho,2022,0.0,0.11481630802154541,-0.11481630802154541,-0.05069826068572125
26011352,ESCOLA PROFESSORA MAURINA RODRIGUES DOS SANTOS,Salgueiro,2022,0.0,0.11492802202701569,-0.11492802202701569,-0.05074758909445667
26001594,ESCOLA DE REFERENCIA EM ENSINO MEDIO MOISES BOM DE OLIVEIRA,Araripina,2023,0.0,0.11533226817846298,-0.11533226817846298,-0.05092608792550625
26028573,ESCOLA DE REFERENCIA EM ENSINO FUNDAMENTAL JOEL PEDRO DA SILVA,Inajá,2022,0.0,0.11545006185770035,-0.11545006185770035,-0.050978100873492575
26088533,ESCOLA JULIO CORREIA DE OLIVEIRA,Condado,2022,0.0,0.11545571684837341,-0.11545571684837341,-0.0509805978897811
26106159,ESCOLA SENADOR PAULO PESSOA GUERRA,Ilha de Itamaracá,2023,0.0,0.11806675791740417,-0.11806675791740417,-0.05213352854100885
26126079,ESCOLA DE REFERENCIA EM ENSINO MEDIO AGEU MAGALHAES,Recife,2022,0.2,0.3187764585018158,-0.11877645850181578,-0.05244690375623138
26099322,ESCOLA DE REFERENCIA EM ENSINO MEDIO PROFESSOR ERALDO CAMPOS,Escada,2022,0.0,0.12029415369033813,-0.12029415369033813,-0.053117056869800686
26033879,ESCOLA DE REFERENCIA EM ENSINO MEDIO OTACILIO NUNES DE SOUZA,Petrolina,2023,0.0,0.121414415538311,-0.121414415538311,-0.05361171941542216
26125013,ESCOLA DE REFERENCIA EM ENSINO FUNDAMENTAL E ENSINO MEDIO GERCINO DE PONTES,Recife,2023,0.0,0.12212041765451431,-0.12212041765451431,-0.05392346153593373
26129388,ESCOLA DE REFERENCIA EM ENSINO MEDIO PROFESSOR AGAMENOM MAGALHAES,São Lourenço da Mata,2022,0.0,0.12259598076343536,-0.12259598076343536,-0.054133451065156935
26100614,ESCOLA DE REFERENCIA EM ENSINO MEDIO FABIO DA SILVEIRA BARROS,Maraial,2023,0.7,0.8231953382492065,-0.12319533824920659,-0.054398103208926143
26110857,ESCOLA ALZIRA DA FONSECA BREUEL,Jaboatão dos Guararapes,2023,0.0,0.12325141578912735,-0.12325141578912735,-0.05442286479363921
26082861,ESCOLA DE REFERENCIA EM ENSINO MEDIO LEOBALDO SOARES DA SILVA,Barra de Guabiraba,2022,0.0,0.12381859868764877,-0.12381859868764877,-0.0546733099345884
26127741,ESCOLA DE REFERENCIA EM ENSINO MEDIO PROFESSORA HELENA PUGO,Recife,2022,0.0,0.1239018589258194,-0.1239018589258194,-0.05471007430484439
26146967,ESCOLA BEM-TE-VI,Orocó,2022,0.0,0.12495601922273636,-0.12495601922273636,-0.05517554906586531
26063310,ESCOLA DE REFERENCIA EM ENSINO MEDIO JOSE LEITE BARROS,Tacaimbó,2022,0.0,0.1253311038017273,-0.1253311038017273,-0.055341171320164834
26099365,ESCOLA DOUTOR FERNANDO CAMPELO,Escada,2022,0.0,0.12629583477973938,-0.12629583477973938,-0.055767157693160464
26126052,ESCOLA CORONEL OTHON,Recife,2022,0.0,0.1264936923980713,-0.1264936923980713,-0.05585452365437013
26094860,ESCOLA DE REFERENCIA EM ENSINO MEDIO GUIOMAR KRAUSE GONCALVES,Vitória de Santo Antão,2022,0.0,0.12714609503746033,-0.12714609503746033,-0.05614259840310348
26181649,ESCOLA DE REFERENCIA EM ENSINO MEDIO QUILOMBOLA VEREADORA ALZIRA TENORIO DO AMARAL,Custódia,2023,0.0,0.12980544567108154,-0.12980544567108154,-0.05731686061377104
26019949,ESCOLA DE REFERENCIA EM ENSINO FUNDAMENTAL PROFESSOR SEBASTIAO FERREIRA RABELO SOBRINHO,São José do Egito,2023,0.0,0.13030202686786652,-0.13030202686786652,-0.05753613088469377
26063522,ESCOLA TEOFILO SEVERINO DE ARRUDA,Frei Miguelinho,2023,0.0,0.13067013025283813,-0.13067013025283813,-0.05769867052468189
26086638,ESCOLA DE REFERENCIA EM ENSINO MEDIO FREI EPIFANIO,São Joaquim do Monte,2022,0.0,0.130800262093544,-0.130800262093544,-0.05775613150820682
26139120,ESCOLA ESTADUAL HONORIO BERNARDES DA SILVA,Belém do São Francisco,2022,0.0,0.13093580305576324,-0.13093580305576324,-0.05781598094209468
26058952,ESCOLA ELIZEU ARAUJO,Pesqueira,2022,0.0,0.1325078010559082,-0.1325078010559082,-0.05851011199178691
26133920,ESCOLA DE REFERENCIA EM ENSINO MEDIO PADRE ANTONIO BARBOSA JUNIOR,Jurema,2022,0.0,0.13292384147644043,-0.13292384147644043,-0.05869381869738819
26060124,ESCOLA DE REFERENCIA EM ENSINO MEDIO MANOEL BACELAR,Riacho das Almas,2023,0.0,0.13312888145446777,-0.13312888145446777,-0.05878435609957564
26000636,ESCOLA DE REFERENCIA EM ENSINO MEDIO MANOEL RIBEIRO DAMASCENO,Araripina,2022,0.0,0.1333005577325821,-0.1333005577325821,-0.058860161434648436
26127423,ESCOLA DE REFERENCIA EM ENSINO FUNDAMENTAL PINTOR LAURO VILLARES,Recife,2023,0.0,0.1342935860157013,-0.1342935860157013,-0.059298642758716304
26115085,ESCOLA THEMISTOCLES DE ANDRADE,Olinda,2022,0.0,0.13504184782505035,-0.13504184782505035,-0.05962904505892291
26076780,ESCOLA DE REFERENCIA EM ENSINO MEDIO FRANCISCO PEREIRA DA COSTA,Iati,2022,0.0,0.1359979510307312,-0.1359979510307312,-0.06005122175489335
26126206,ESCOLA GILBERTO FREYRE,Recife,2022,0.0,0.13636808097362518,-0.13636808097362518,-0.060214656241298445
26026627,ESCOLA DE REFERENCIA EM ENSINO MEDIO JOSE PEREIRA BURGOS,Custódia,2022,0.0,0.13940559327602386,-0.13940559327602386,-0.06155589942527363
26074362,ESCOLA PE ANTONIO CALLOU DE ALENCAR,Canhotinho,2022,0.0,0.1395542323589325,-0.1395542323589325,-0.06162153246210647
26100940,ESCOLA DE REFERENCIA EM ENSINO MEDIO MIGUEL PELLEGRINO,Jaqueira,2022,0.0,0.13979601860046387,-0.13979601860046387,-0.06172829553535455
26107945,ESCOLA DE REFERENCIA EM ENSINO MEDIO PROFESSOR CARLOS FREDERICO DO REGO MACIEL,Camaragibe,2022,0.0,0.14017131924629211,-0.14017131924629211,-0.06189401319607353
26042045,ESCOLA DE REFERENCIA EM ENSINO MEDIO DELMIRO GOUVEIA-PETROLANDIA,Petrolândia,2022,0.0,0.14020690321922302,-0.14020690321922302,-0.06190972564639501
26117010,ESCOLA ESTADUAL SAO JOSE,Paulista,2023,0.0,0.1405857801437378,-0.1405857801437378,-0.062077022447849815
26035073,ESCOLA POETA CARLOS DRUMOND DE ANDRADE,Petrolina,2022,0.0,0.14059212803840637,-0.14059212803840637,-0.06207982542265591
26107961,ESCOLA PROFESSOR NELSON CHAVES,Camaragibe,2022,0.0,0.14262600243091583,-0.14262600243091583,-0.06297790249838027
26026902,ESCOLA APOLONIO ALVES DA SILVA,Ibimirim,2023,0.0,0.14623607695102692,-0.14623607695102692,-0.06457196611416147
26133920,ESCOLA DE REFERENCIA EM ENSINO MEDIO PADRE ANTONIO BARBOSA JUNIOR,Jurema,2023,0.0,0.14671535789966583,-0.14671535789966583,-0.06478359729177463
26107570,ESCOLA DE REFERENCIA EM ENSINO FUNDAMENTAL E ENSINO MEDIO DEPUTADO OSCAR CARNEIRO,Camaragibe,2022,0.0,0.14742963016033173,-0.14742963016033173,-0.0650989911752378
26114607,ESCOLA DE REFERENCIA EM ENSINO FUNDAMENTAL E MEDIO JOAO MATOS GUIMARAES,Olinda,2023,0.0,0.1479271650314331,-0.1479271650314331,-0.06531868255035676
26117258,ESCOLA CUSTODIO PESSOA,Paulista,2022,0.0,0.14826513826847076,-0.14826513826847076,-0.06546791792964553
26089530,ESCOLA ARRUDA CAMARA,Itambé,2023,0.0,0.14856769144535065,-0.14856769144535065,-0.06560151323589655
26110970,ESCOLA DE REFERENCIA EM ENSINO MEDIO EDMUR ARLINDO DE OLIVEIRA,Jaboatão dos Guararapes,2023,0.0,0.14965248107910156,-0.14965248107910156,-0.06608051267934453
26118742,ESCOLA DE REFERENCIA EM ENSINO MEDIO SENADOR PAULO PESSOA GUERRA,Recife,2022,0.2,0.3499024212360382,-0.1499024212360382,-0.06619087619347029
26087880,ESCOLA DE REFERENCIA EM ENSINO FUNDAMENTAL E MEDIO DEPUTADO JOAO TEOBALDO DE AZEVEDO,Carpina,2023,0.0,0.15101219713687897,-0.15101219713687897,-0.06668090856685925
26035340,ESCOLA DE REFERENCIA EM ENSINO FUNDAMENTAL E MEDIO ANTONIO CASSIMIRO,Petrolina,2022,0.0,0.15115951001644135,-0.15115951001644135,-0.06674595600566922
26064618,ESCOLA DE REFERENCIA EM ENSINO MEDIO NATALICIA MARIA FIGUEIROA DA SILVA,Surubim,2023,0.0,0.15129311382770538,-0.15129311382770538,-0.06680495007165851
26086077,ESCOLA DE REFERENCIA EM ENSINO MEDIO JOAO PESSOA SOUTO MAIOR,Sairé,2023,0.0,0.15137222409248352,-0.15137222409248352,-0.06683988198068563
26034832,ESCOLA DE REFERENCIA EM ENSINO FUNDAMENTAL E MEDIO MONTEIRO LOBATO,Petrolina,2022,0.0,0.15153135359287262,-0.15153135359287262,-0.0669101471636769
26116359,ESCOLA PROFESSOR JOSE BRASILEIRO VILA NOVA,Paulista,2022,0.0,0.15309420228004456,-0.15309420228004456,-0.06760023824498664
26024578,ESCOLA DE REFERENCIA EM ENSINO FUNDAMENTAL ERNESTO DE SOUZA LEITE,Tuparetama,2022,0.0,0.1534774750471115,-0.1534774750471115,-0.0677694760735959
26024764,ESCOLA JORNALISTA EDSON REGIS,Arcoverde,2023,0.0,0.15605293214321136,-0.15605293214321136,-0.06890669427450216
26133974,ESCOLA DE REFERENCIA EM ENSINO FUNDAMENTAL E MEDIO PEDRO SANTOS ESTIMA,Flores,2023,0.0,0.15628871321678162,-0.15628871321678162,-0.06901080570726466
26036223,ESCOLA DE REFERENCIA EM ENSINO FUNDAMENTAL E MEDIO NOSSA SENHORA APARECIDA,Petrolina,2022,0.0,0.15701213479042053,-0.15701213479042053,-0.06933023955911033
26040646,ESCOLA EMILIANO QUIRINO DE SA,Carnaubeira da Penha,2023,0.0,0.15732818841934204,-0.15732818841934204,-0.06946979612163909
26122960,ESCOLA DE REFERENCIA EM ENSINO MEDIO VIDAL DE NEGREIROS,Recife,2022,0.0,0.15856483578681946,-0.15856483578681946,-0.07001584982858215
26090058,ESCOLA DE REFERENCIA EM ENSINO MEDIO DOUTOR FRANCISCO SIQUEIRA C DA CUNHA,Lagoa do Carro,2023,0.0,0.15997706353664398,-0.15997706353664398,-0.07063943276590127
26087030,ESCOLA DOM BOSCO,Aliança,2023,0.0,0.16001807153224945,-0.16001807153224945,-0.07065754024633877
26124645,ESCOLA DE REFERENCIA EM ENSINO FUNDAMENTAL E MEDIO JORNALISTA COSTA PORTO,Recife,2023,0.0,0.1611449271440506,-0.1611449271440506,-0.07115511433269192
26086077,ESCOLA DE REFERENCIA DE ENSINO MEDIO JOAO PESSOA SOUTO MAIOR,Sairé,2022,0.0,0.16116268932819366,-0.16116268932819366,-0.07116295739834654
26074311,ESCOLA DE REFERENCIA EM ENSINO MEDIO JERONIMO GUEIROS,Canhotinho,2022,0.0,0.16121111810207367,-0.16121111810207367,-0.07118434159581086
26123576,ESCOLA DE REFERENCIA EM ENSINO MEDIO PRESIDENTE HUMBERTO CASTELO BRANCO,Recife,2023,0.0,0.16138797998428345,-0.16138797998428345,-0.07126243668495061
26114860,ESCOLA DE REFERENCIA EM ENSINO FUNDAMENTAL E MEDIO TABAJARA,Olinda,2023,0.0,0.1637749820947647,-0.1637749820947647,-0.07231644074883181
26088053,ESCOLA LIONS CLUBE DE CARPINA,Carpina,2022,0.0,0.16397032141685486,-0.16397032141685486,-0.07240269473177334
26190028,ESCOLA ESTADUAL PAULO DANTAS FILHO,Buíque,2022,0.0,0.16405728459358215,-0.16405728459358215,-0.07244109417066621
26525780,ESCOLA DE REFERENCIA EM ENSINO MEDIO GOVERNADOR MIGUEL ARRAES DE ALENCAR,Granito,2023,0.0,0.16462573409080505,-0.16462573409080505,-0.072692098590626
26107597,ESCOLA DE REFERENCIA EM ENSINO FUNDAMENTAL E ENSINO MEDIO FRANCISCO DE PAULA CORREA DE ARAUJO,Camaragibe,2022,0.0,0.1646404266357422,-0.1646404266357422,-0.07269858622714903
26110857,ESCOLA ALZIRA DA FONSECA BREUEL,Jaboatão dos Guararapes,2022,0.0,0.1662641018629074,-0.1662641018629074,-0.07341553586047397
26004593,ESCOLA DE REFERENCIA EM ENSINO MEDIO JOAQUIM EUGENIO SILVA,Ipubi,2023,0.0,0.16754110157489777,-0.16754110157489777,-0.07397940753871962
26033364,ESCOLA DE REFERENCIA EM ENSINO MEDIO JACOB ANTONIO DE OLIVEIRA,Orocó,2022,0.0,0.16771239042282104,-0.16771239042282104,-0.0740550418002127
26075687,ESCOLA DE REFERENCIA EM ENSINO MEDIO DOM JOAO DA MATA AMARAL,Garanhuns,2023,0.4,0.5700146555900574,-0.17001465559005735,-0.07507162944030908
26075733,ESCOLA DUQUE DE CAXIAS,Garanhuns,2022,0.0,0.17140386998653412,-0.17140386998653412,-0.07568505060699317
26105888,ESCOLA DE REFERENCIA EM ENSINO FUNDAMENTAL E MEDIO NOVA CRUZ,Igarassu,2022,0.0,0.17691268026828766,-0.17691268026828766,-0.07811751951794364
26101610,ESCOLA MAQUINISTA AMARO MONTEIRO,Palmares,2022,0.0,0.1794249564409256,-0.1794249564409256,-0.07922683956585028
26036207,ESCOLA ERIKA THAYNARA DA SILVA LEITE,Petrolina,2022,0.0,0.180506631731987,-0.180506631731987,-0.07970446384090747
26114860,ESCOLA DE REFERENCIA EM ENSINO FUNDAMENTAL E MEDIO TABAJARA,Olinda,2022,0.0,0.1817523092031479,-0.1817523092031479,-0.0802545048782085
26006138,ESCOLA DOM IDILIO JOSE SOARES,Ouricuri,2023,0.2,0.3828766942024231,-0.18287669420242308,-0.08075098804150331
26106582,ESCOLA GENERAL ABREU E LIMA,Abreu e Lima,2022,0.0,0.18451030552387238,-0.18451030552387238,-0.08147232505417262
26102153,ESCOLA DE REFERENCIA EM ENSINO MEDIO ELISA MARQUES DE ASSIS,Primavera,2023,0.0,0.18521402776241302,-0.18521402776241302,-0.08178306047246511
26124670,ESCOLA DE REFERENCIA EM ENSINO FUNDAMENTAL E MEDIO MARECHAL EURICO GASPAR DUTRA,Recife,2023,0.0,0.18758532404899597,-0.18758532404899597,-0.0828301294766148
26087022,ESCOLA CEL LUIZ IGNACIO PESSOA DE MELO,Aliança,2023,0.0,0.18799227476119995,-0.18799227476119995,-0.08300982253284586
26036037,ESCOLA PROFESSOR SIMAO AMORIM DURANDO,Petrolina,2022,0.0,0.1902124136686325,-0.1902124136686325,-0.08399014652189458
26036207,ESCOLA ERIKA THAYNARA DA SILVA LEITE,Petrolina,2023,0.0,0.19092345237731934,-0.19092345237731934,-0.08430411259894244
26113325,ESCOLA DE REFERENCIA EM ENSINO FUNDAMENTAL E MEDIO CLIDIO DE LIMA NIGRO,Olinda,2023,0.0,0.19202075898647308,-0.19202075898647308,-0.08478863903496582
26027615,ESCOLA IRACEMA MOURA DE MORAES VERAS,Ibimirim,2022,0.0,0.1926821768283844,-0.1926821768283844,-0.08508069453430407
26012359,ESCOLA DE REFERENCIA EM ENSINO MEDIO DOUTOR WALMY CAMPOS BEZERRA,São José do Belmonte,2022,0.0,0.1938280463218689,-0.1938280463218689,-0.08558666438556937
26011352,ESCOLA DE REFERENCIA EM ENSINO FUNDAMENTAL E MEDIO PROFESSORA MAURINA RODRIGUES DOS SANTOS,Salgueiro,2023,0.0,0.19501763582229614,-0.19501763582229614,-0.08611193923233017
26078805,ESCOLA DE REFERENCIA EM ENSINO MEDIO DEOLINDA AMARAL,Lajedo,2023,0.0,0.1961871236562729,-0.1961871236562729,-0.086628337992205
26124653,ESCOLA DE REFERENCIA EM ENSINO MEDIO LAGOA ENCANTADA,Recife,2022,0.0,0.19922176003456116,-0.19922176003456116,-0.08796831128383846
26034336,ESCOLA DE REFERENCIA EM ENSINO MEDIO DOM MALAN,Petrolina,2022,0.0,0.19977012276649475,-0.19977012276649475,-0.08821044619666536
26020955,ESCOLA TECNICA ESTADUAL CLOVIS NOGUEIRA ALVES,Serra Talhada,2022,0.0,0.20276175439357758,-0.20276175439357758,-0.0895314303209505
26110997,ESCOLA DE REFERENCIA EM ENSINO MEDIO EDSON MOURY FERNANDES,Jaboatão dos Guararapes,2022,0.0,0.20373240113258362,-0.20373240113258362,-0.08996002885591331
26071924,ESCOLA DE REFERENCIA EM ENSINO MEDIO AZARIAS SALGADO,Angelim,2023,0.0,0.20375142991542816,-0.20375142991542816,-0.08996843120057853
26091542,ESCOLA JOAO CAVALCANTI PETRIBU,Paudalho,2023,0.0,0.2115640938282013,-0.2115640938282013,-0.09341818915330222
26048078,ESCOLA AMALIA CAVALCANTI DA COSTA LIMA,Pedra,2022,0.0,0.2133244276046753,-0.2133244276046753,-0.09419548170199497
26029812,ESCOLA AMARO LAFAYETTE,Sertânia,2022,0.0,0.213365375995636,-0.213365375995636,-0.0942135628634202
26010607,ESCOLA EUCLIDES DA CUNHA,Parnamirim,2023,0.3,0.5139589905738831,-0.21395899057388307,-0.09447567917035778
26111268,ESCOLA JOAO PAULO I,Jaboatão dos Guararapes,2022,0.0,0.2139594405889511,-0.2139594405889511,-0.09447587787890037
26035251,ESCOLA FRANCISCO XAVIER DOS SANTOS,Petrolina,2022,0.0,0.214284285902977,-0.214284285902977,-0.09461931649573804
26037904,ESCOLA DE REFERENCIA EM ENSINO MEDIO PADRE MAURILO SAMPAIO,Santa Maria da Boa Vista,2022,0.0,0.2166992872953415,-0.2166992872953415,-0.09568568391563016
26061112,ESCOLA DE REFERENCIA EM ENSINO FUNDAMENTAL DOUTOR BENJAMIN CARACIOLO,Sanharó,2022,0.0,0.21674740314483643,-0.21674740314483643,-0.09570692993828012
26071924,ESCOLA DE REFERENCIA EM ENSINO MEDIO AZARIAS SALGADO,Angelim,2022,0.0,0.21703879535198212,-0.21703879535198212,-0.09583559700948474
26129124,ESCOLA DONA LEONOR PORTO,São Lourenço da Mata,2022,1.1,1.3186538219451904,-0.21865382194519034,-0.09654872775413016
26126044,ESCOLA DE REFERENCIA EM ENSINO MEDIO CLOTILDE DE OLIVEIRA,Recife,2023,0.2,0.42042219638824463,-0.22042219638824462,-0.09732957073757732
26001594,ESCOLA MOISES BOM DE OLIVEIRA,Araripina,2022,0.0,0.22134838998317719,-0.22134838998317719,-0.09773854055319381
26113660,ESCOLA MARECHAL MASCARENHAS DE MORAES,Olinda,2023,0.0,0.22147879004478455,-0.22147879004478455,-0.09779611997227393
26097591,ESCOLA DE REFERENCIA EM ENSINO MEDIO PROFESSOR JOAQUIM AUGUSTO DE NORONHA FILHO,Barreiros,2023,0.0,0.22251425683498383,-0.22251425683498383,-0.09825334043307361
26089530,ESCOLA ARRUDA CAMARA,Itambé,2022,0.0,0.22399038076400757,-0.22399038076400757,-0.09890513735153954
26031469,ESCOLA INDIGENA JOAO ALBERTO MACIEL,Cabrobó,2023,0.0,0.2240723967552185,-0.2240723967552185,-0.09894135231241451
26116634,ESCOLA DE REFERENCIA EM ENSINO FUNDAMENTAL E MEDIO PROFESSORA MARIA DO CARMO PINTO RIBEIRO,Paulista,2022,0.0,0.22560763359069824,-0.22560763359069824,-0.09961925111129305
26095530,ESCOLA DE REFERENCIA EM ENSINO MEDIO PROFESSORA EUDOXIA DE ALCANTARA FERREIRA,Vitória de Santo Antão,2022,0.3,0.5256678462028503,-0.22566784620285035,-0.09964583857748194
26016729,ESCOLA DE REFERENCIA EM ENSINO FUNDAMENTAL E ENSINO MEDIO DARIO GOMES DE LIMA,Flores,2023,0.0,0.22692066431045532,-0.22692066431045532,-0.10019903263245215
26000792,ESCOLA DE REFERENCIA EM ENSINO MEDIO PROFESSOR MANOEL BONIFACIO COSTA,Araripina,2023,1.1,1.3280997276306152,-0.22809972763061515,-0.10071965954164713
26075385,ESCOLA DE REFERENCIA EM ENSINO MEDIO FRANCISCO MADEIROS,Garanhuns,2023,1.7,1.9314229488372803,-0.23142294883728032,-0.10218706027900765
26027615,ESCOLA IRACEMA MOURA DE MORAES VERAS,Ibimirim,2023,0.0,0.23751695454120636,-0.23751695454120636,-0.10487792793641341
26062836,ESCOLA DE REFERENCIA EM ENSINO FUNDAMENTAL E MEDIO JOAQUIM RIBEIRO DA ROCHA,São Caitano,2022,0.0,0.23872724175453186,-0.23872724175453186,-0.10541234206018281
26091542,ESCOLA JOAO CAVALCANTI PETRIBU,Paudalho,2022,0.0,0.24025100469589233,-0.24025100469589233,-0.10608517444920056
26113880,ESCOLA PROFESSORA INES BORBA,Olinda,2023,0.0,0.24072496592998505,-0.24072496592998505,-0.10629445665496919
26072254,ESCOLA DE REFERENCIA EM ENSINO MEDIO FREI CAETANO DE MESSINA,Bom Conselho,2022,0.0,0.24103333055973053,-0.24103333055973053,-0.10643061806491592
26113279,ESCOLA CEL VALERIANO EUGENIO DE MELO,Olinda,2023,0.0,0.24260316789150238,-0.24260316789150238,-0.10712379505041358
26105519,ESCOLA DE REFERENCIA EM ENSINO MEDIO SANTOS COSME E DAMIAO,Igarassu,2022,0.0,0.2430773824453354,-0.2430773824453354,-0.10733318911198433
26095335,ESCOLA DE REFERENCIA EM ENSINO MEDIO SENADOR JOAO CLEOFAS DE OLIVEIRA,Vitória de Santo Antão,2023,0.0,0.2438855767250061,-0.2438855767250061,-0.10769005517902218
26034328,ESCOLA DE REFERENCIA EM ENSINO FUNDAMENTAL E MEDIO DOM AVELAR BRANDAO VILELA,Petrolina,2022,0.0,0.2462840974330902,-0.2462840974330902,-0.10874914539202336
26113783,ESCOLA DE REFERENCIA EM ENSINO MEDIO PADRE FRANCISCO CARNEIRO,Olinda,2022,0.0,0.246732696890831,-0.246732696890831,-0.10894722885807374
26126290,ESCOLA MARIA AMALIA,Recife,2023,0.2,0.4486633241176605,-0.2486633241176605,-0.10979971614075476
26024780,ESCOLA LIONS ANTONIO MORENO,Arcoverde,2022,0.0,0.24875329434871674,-0.24875329434871674,-0.10983944337381635
26128179,ESCOLA DOUTOR FRANCISCO PESSOA DE QUEIROZ,Recife,2023,0.0,0.25077223777770996,-0.25077223777770996,-0.11073092753696863
26130149,ESCOLA DE REFERENCIA EM ENSINO MEDIO EMIDIO CAVALCANTI DE ALBUQUERQUE,Cabo de Santo Agostinho,2022,0.5,0.7520478367805481,-0.2520478367805481,-0.11129418071842608
26127512,ESCOLA DE REFERENCIA EM ENSINO FUNDAMENTAL E MEDIO SENADOR NOVAES FILHO,Recife,2023,0.0,0.2525426149368286,-0.2525426149368286,-0.11151265483922783
26176220,ESCOLA TECNICA ESTADUAL CELIA DE SOUZA LEAO ARRAES DE ALENCAR,Bonito,2023,0.0,0.25482216477394104,-0.25482216477394104,-0.11251921230375049
26031469,ESCOLA INDIGENA JOAO ALBERTO MACIEL,Cabrobó,2022,0.0,0.26076585054397583,-0.26076585054397583,-0.1151437047281776
26097354,ESCOLA DE REFERENCIA EM ENSINO FUNDAMENTAL E MEDIO CRISTIANO BARBOSA E SILVA,Barreiros,2023,0.0,0.26187238097190857,-0.26187238097190857,-0.1156323040313488
26127474,ESCOLA PADRE DEHON,Recife,2022,0.0,0.2622162401676178,-0.2622162401676178,-0.11578413841309862
26074923,ESCOLA PROFESSORA CLARICE GODOY,Correntes,2023,0.0,0.2638852000236511,-0.2638852000236511,-0.11652108391599098
26075920,ESCOLA PROFESSORA ELVIRA VIANA,Garanhuns,2022,0.0,0.2660652697086334,-0.2660652697086334,-0.11748371494904536
26127300,ESCOLA DE REFERENCIA EM ENSINO MEDIO DIARIO DE PERNAMBUCO,Recife,2022,0.0,0.2680673599243164,-0.2680673599243164,-0.11836775741148006
26090759,ESCOLA DE REFERENCIA EM ENSINO FUNDAMENTAL BRIGADEIRO EDUARDO GOMES,Macaparana,2023,0.0,0.26880303025245667,-0.26880303025245667,-0.11869259982034594
26006499,ESCOLA PROFESSOR TELESFORO SIQUEIRA,Ouricuri,2023,0.0,0.2747547924518585,-0.2747547924518585,-0.12132065847093479
26191229,ESCOLA TECNICA ESTADUAL PROFESSORA MARIA AMELIA DE FREITAS ARAUJO,Cabrobó,2022,0.0,0.27506980299949646,-0.27506980299949646,-0.12145975445074894
26134213,ESCOLA TECNICA ESTADUAL MARIA EMILIA CANTARELLI,Belém do São Francisco,2023,0.0,0.2767598032951355,-0.2767598032951355,-0.12220599056497042
26107074,ESCOLA DE REFERENCIA EM ENSINO FUNDAMENTAL E MEDIO PROFESSORA AZINETE RAMOS CARNEIRO,Abreu e Lima,2022,0.0,0.2789612114429474,-0.2789612114429474,-0.12317804380441524
26061724,ESCOLA ELPIDIO BARBOSA MACIEL,São Bento do Una,2023,0.0,0.27948203682899475,-0.27948203682899475,-0.12340801933357627
26105101,ESCOLA DE REFERENCIA EM ENSINO MEDIO JOAO PEREIRA SOBRINHO,Xexéu,2022,0.0,0.28208357095718384,-0.28208357095718384,-0.12455675210234794
26132735,ESCOLA DE REFERENCIA EM ENSINO MEDIO SOLIDONIO PEREIRA DE CARVALHO,Quixaba,2023,0.0,0.28229349851608276,-0.28229349851608276,-0.12464944766354102
26068877,ESCOLA DE REFERENCIA EM ENSINO MEDIO NOSSA SENHORA AUXILIADORA,João Alfredo,2023,0.0,0.28231358528137207,-0.28231358528137207,-0.12465831717067392
26120992,ESCOLA DE REFERENCIA EM ENSINO FUNDAMENTAL E MEDIO LICEU DE ARTES E OFICIOS,Recife,2023,0.0,0.2823251187801361,-0.2823251187801361,-0.12466340989954697
26525780,ESCOLA DE REFERENCIA EM ENSINO MEDIO GOVERNADOR MIGUEL ARRAES DE ALENCAR,Granito,2022,0.0,0.28602033853530884,-0.28602033853530884,-0.126295070224347
26016540,ESCOLA DE REFERENCIA EM ENSINO MEDIO AIRES GAMA,Flores,2023,0.0,0.2891441583633423,-0.2891441583633423,-0.12767442333808016
26121654,ESCOLA DE REFERENCIA EM ENSINO MEDIO OLIVEIRA LIMA,Recife,2022,0.0,0.2929583191871643,-0.2929583191871643,-0.12935860325185258
26061643,ESCOLA DE REFERENCIA EM ENSINO MEDIO RODOLFO PAIVA,São Bento do Una,2022,0.0,0.2932222783565521,-0.2932222783565521,-0.1294751569976628
26034425,ESCOLA DE REFERENCIA EM ENSINO FUNDAMENTAL E MEDIO JOAQUIM ANDRE CAVALCANTI,Petrolina,2023,0.0,0.2963683605194092,-0.2963683605194092,-0.13086434026247648
26106388,ESCOLA DE REFERENCIA EM ENSINO MEDIO EURIDICE CADAVAL,Itapissuma,2022,0.0,0.29957133531570435,-0.29957133531570435,-0.13227864502449596
26084791,ESCOLA DE REFERENCIA EM ENSINO MEDIO PROFESSOR MANOEL EDMUNDO,Lagoa dos Gatos,2022,0.0,0.3008859157562256,-0.3008859157562256,-0.13285911083997393
26135555,ESCOLA DE REFERENCIA EM ENSINO MEDIO ESCRITOR PAULO CAVALCANTI,Olinda,2022,0.0,0.30100807547569275,-0.30100807547569275,-0.13291305165560857
26027917,ESCOLA DE REFERENCIA EM ENSINO MEDIO ANTONIO GUILHERME DIAS LIMA,Inajá,2022,0.0,0.30837497115135193,-0.30837497115135193,-0.13616597629536442
26138875,ANEXO I DO COLEGIO DA POLICIA MILITAR PETROLINA,Petrolina,2022,0.0,0.3136628270149231,-0.3136628270149231,-0.138500880627853
26063905,ESCOLA DE REFERENCIA EM ENSINO MEDIO LUIZ ALVES DA SILVA,Santa Cruz do Capibaribe,2023,0.0,0.31414496898651123,-0.31414496898651123,-0.13871377511805483
26088134,ESCOLA SAO JOSE,Carpina,2023,0.0,0.31634053587913513,-0.31634053587913513,-0.1396832490942978
26139081,ESCOLA DE REFERENCIA EM ENSINO MEDIO JOAO RODRIGUES LEITE,Carnaubeira da Penha,2022,0.0,0.32083603739738464,-0.32083603739738464,-0.14166828163725764
26128101,ESCOLA DE REFERENCIA EM ENSINO MEDIO DE BEBERIBE,Recife,2022,0.0,0.3227503001689911,-0.3227503001689911,-0.14251354303512165
26054965,ESCOLA PROFESSOR JOSE BIONE DE ARAUJO,Caruaru,2023,0.4,0.7252889275550842,-0.3252889275550842,-0.1436344987183501
26036045,ESCOLA DE REFERENCIA EM ENSINO MEDIO PROFESSOR HUMBERTO SOARES,Petrolina,2022,0.0,0.32541054487228394,-0.32541054487228394,-0.14368820003097316
26124696,ESCOLA DE REFERENCIA EM ENSINO MEDIO MARIA RITA DA SILVA LESSA,Recife,2023,0.0,0.326328843832016,-0.326328843832016,-0.1440936838934153
26175509,ESCOLA ESTADUAL QUILOMBOLA PROFESSORA ROSA DORALINA MENDES,Salgueiro,2023,0.0,0.32959815859794617,-0.32959815859794617,-0.14553728171608438
26011883,ESCOLA PROFESSOR MANUEL LEITE,Salgueiro,2023,0.0,0.3302513062953949,-0.3302513062953949,-0.14582568545247102
26079593,ESCOLA DE REFERENCIA EM ENSINO MEDIO REGINA PACIS - GARANHUNS,Palmeirina,2023,0.0,0.3315216898918152,-0.3315216898918152,-0.1463866357203554
26179873,ESCOLA DE REFERENCIA EM ENSINO MEDIO DE BELO JARDIM,Belo Jardim,2023,0.0,0.3349134922027588,-0.3349134922027588,-0.14788431911322658
26050137,ESCOLA MINISTRO MARCOS DE BARROS FREIRE,Belo Jardim,2023,0.0,0.33508309721946716,-0.33508309721946716,-0.1479592098626232
26183030,ESCOLA ESTADUAL DE MATRIZ DA LUZ,São Lourenço da Mata,2022,1.0,1.3362704515457153,-0.33627045154571533,-0.1484834977464241
26011050,ESCOLA ANTONIO VIEIRA DE BARROS,Salgueiro,2023,0.0,0.3377813994884491,-0.3377813994884491,-0.14915067154780515
26419823,ESCOLA ESTADUAL TERESINHA DE SOUZA LIRA,Floresta,2022,0.0,0.34472164511680603,-0.34472164511680603,-0.15221520469777675
26115972,ESCOLA HISTORIADOR PEREIRA DA COSTA,Paulista,2022,0.0,0.34537792205810547,-0.34537792205810547,-0.15250499018230726
26102633,ESCOLA DE REFERENCIA EM ENSINO MEDIO PADRE AMERICO NOVAIS,Ribeirão,2023,0.0,0.3463882505893707,-0.3463882505893707,-0.1529511105996847
26040468,ESCOLA OLHO DAGUA DO PADRE,Carnaubeira da Penha,2022,6.5,6.846518516540527,-0.34651851654052734,-0.1530086308009872
26011883,ESCOLA PROFESSOR MANUEL LEITE,Salgueiro,2022,0.0,0.3572835624217987,-0.3572835624217987,-0.15776204180842032
26094800,ESCOLA DE REFERENCIA EM ENSINO MEDIO ANTONIO DIAS CARDOSO,Vitória de Santo Antão,2023,0.0,0.36426112055778503,-0.36426112055778503,-0.16084305066006907
26126605,ESCOLA TOME GIBSON,Recife,2022,0.0,0.36785393953323364,-0.36785393953323364,-0.1624294949217999
26126150,ESCOLA ERUNDINA NEGREIROS DE ARAUJO,Recife,2023,0.0,0.3685612380504608,-0.3685612380504608,-0.1627418094808282
26058952,ESCOLA ELIZEU ARAUJO,Pesqueira,2023,0.0,0.37800824642181396,-0.37800824642181396,-0.16691322817007204
26105314,ESCOLA DE REFERENCIA EM ENSINO MEDIO JOAO PESSOA GUERRA,Igarassu,2022,0.0,0.381151020526886,-0.381151020526886,-0.1683009507297051
26125641,ESCOLA DE REFERENCIA EM ENSINO MEDIO JOSE VILELA,Recife,2023,0.0,0.3813003599643707,-0.3813003599643707,-0.16836689301493205
26063280,ESCOLA FRANCISCO DE ASSIS BARROS,Tacaimbó,2022,0.0,0.3853718638420105,-0.3853718638420105,-0.1701647052641534
26074923,ESCOLA PROFESSORA CLARICE GODOY,Correntes,2022,0.0,0.38751062750816345,-0.38751062750816345,-0.17110909722170897
26148021,ESCOLA ESTADUAL GREGORIO BEZERRA - PANELAS,Panelas,2022,0.0,0.39607319235801697,-0.39607319235801697,-0.1748899812474765
26125650,ESCOLA DE REFERENCIA EM ENSINO FUNDAMENTAL E MEDIO LIONS DE PARNAMIRIM,Recife,2022,0.0,0.40046417713165283,-0.40046417713165283,-0.17682886340243179
26006499,ESCOLA PROFESSOR TELESFORO SIQUEIRA,Ouricuri,2022,0.0,0.4021817147731781,-0.4021817147731781,-0.17758725890031915
26042070,ESCOLA DE REFERENCIA EM ENSINO MEDIO MARIA CAVALCANTI NUNES,Petrolândia,2022,0.0,0.4094809591770172,-0.4094809591770172,-0.1808103114611556
26017598,ESCOLA ESTADUAL JOAQUIM ALVES DE FREITAS,Iguaracy,2022,0.0,0.41255006194114685,-0.41255006194114685,-0.18216550372163057
26034379,ESCOLA DE REFERENCIA EM ENSINO FUNDAMENTAL EDUARDO COELHO,Petrolina,2022,0.0,0.41590410470962524,-0.41590410470962524,-0.18364651402023263
26107600,ESCOLA DE REFERENCIA EM ENSINO MEDIO FREI CANECA,Camaragibe,2023,0.0,0.42682650685310364,-0.42682650685310364,-0.18846940722004218
26126443,ESCOLA DE REFERENCIA EM ENSINO FUNDAMENTAL E MEDIO NOSSA SENHORA DE FATIMA,Recife,2022,0.0,0.4293327331542969,-0.4293327331542969,-0.18957605588820403
26055210,ESCOLA JOSE CARLOS FLORENCIO,Caruaru,2022,0.0,0.4351000189781189,-0.4351000189781189,-0.19212265719583646
26182084,ESCOLA ESTADUAL JOSE RODRIGUES DE BARROS - MESTRE ZUZA,São José da Coroa Grande,2022,0.0,0.4427400529384613,-0.4427400529384613,-0.19549618870929114
26091259,ESCOLA DE REFERENCIA EM ENSINO MEDIO CONFEDERACAO DO EQUADOR,Paudalho,2023,0.0,0.4437517523765564,-0.4437517523765564,-0.19594291446395065
26140144,ESCOLA DE REFERENCIA EM ENSINO MEDIO PAU BRASIL,Santa Maria da Boa Vista,2023,0.0,0.4518435001373291,-0.4518435001373291,-0.19951590461184648
26035340,ESCOLA DE REFERENCIA EM ENSINO FUNDAMENTAL E MEDIO ANTONIO CASSIMIRO,Petrolina,2023,0.0,0.45466354489326477,-0.45466354489326477,-0.20076112287957723
26110148,ESCOLA ALFREDO TENORIO,Jaboatão dos Guararapes,2022,0.0,0.4560992419719696,-0.4560992419719696,-0.2013950689279752
26149907,ESCOLA DE REFERENCIA EM ENSINO FUNDAMENTAL E MEDIO JUAZEIRO,Tacaratu,2023,0.0,0.45618337392807007,-0.45618337392807007,-0.20143221821378557
26045753,ESCOLA ESTADUAL INDIGENA KAPINAWA,Buíque,2023,0.0,0.4632566571235657,-0.4632566571235657,-0.20455549539912996
26106337,ESCOLA DE REFERENCIA EM ENSINO FUNDAMENTAL E MEDIO PROFESSORA GERCINA FERNANDES RODRIGUES,Itapissuma,2023,0.0,0.47228243947029114,-0.47228243947029114,-0.20854091762870558
26213800,ESCOLA MANOEL MESSIAS BARBOSA,Petrolina,2022,0.0,0.4732988476753235,-0.4732988476753235,-0.2089897225853339
26015315,ESCOLA DE REFERENCIA ENSINO MEDIO JOSE SEVERINO DE ARAUJO,Brejinho,2022,0.4,0.8882039785385132,-0.48820397853851316,-0.2155712284974991
26101599,ESCOLA PROFESSOR ELISEU PEREIRA DE MELO,Palmares,2023,0.0,0.4888771176338196,-0.4888771176338196,-0.21586845963059903
26106728,ESCOLA DE REFERENCIA EM ENSINO FUNDAMENTAL E ENSINO MEDIO POLIVALENTE DE ABREU E LIMA,Abreu e Lima,2022,0.0,0.49270981550216675,-0.49270981550216675,-0.2175608247571855
26112108,ESCOLA DE REFERENCIA EM ENSINO MEDIO SOFRONIO PORTELA,Moreno,2022,0.0,0.4954637587070465,-0.4954637587070465,-0.2187768552403157
26047187,ESCOLA DE REFERENCIA EM ENSINO MEDIO PEDRO DE ALCANTARA RAMOS,Itaíba,2023,0.3,0.7984927892684937,-0.49849278926849366,-0.22011435322884576
26069652,ESCOLA DE REFERENCIA EM ENSINO FUNDAMENTAL GINASIO ARTHUR CORREIA DE OLIVEIRA,Limoeiro,2022,0.0,0.5005369186401367,-0.5005369186401367,-0.2210169584906301
26113279,ESCOLA CEL VALERIANO EUGENIO DE MELO,Olinda,2022,0.0,0.5055209398269653,-0.5055209398269653,-0.223217701658104
26049562,ESCOLA DE REFERENCIA EM ENSINO MEDIO GONCALO ANTUNES BEZERRA,Alagoinha,2022,0.0,0.5106958746910095,-0.5106958746910095,-0.22550274462185882
26014572,ESCOLA DE REFERENCIA EM ENSINO MEDIO CONEGO JOAO LEITE GONCALVES DE ANDRADE,Afogados da Ingazeira,2023,0.0,0.5229926705360413,-0.5229926705360413,-0.23093251476595306
26110245,ESCOLA DE REFERENCIA EM ENSINO MEDIO SENADOR ADERBAL JUREMA,Jaboatão dos Guararapes,2023,0.0,0.5260874032974243,-0.5260874032974243,-0.23229902420170148
26124920,ESCOLA DE REFERENCIA EM ENSINO FUNDAMENTAL E MEDIO SAO FRANCISCO DE ASSIS,Recife,2023,0.0,0.5263127684593201,-0.5263127684593201,-0.2323985363870709
26040220,ESCOLA CELESTINO NUNES,Belém do São Francisco,2023,0.0,0.5397877097129822,-0.5397877097129822,-0.23834852812757126
26108046,ESCOLA MAJOR LELIO,Camaragibe,2022,0.0,0.5435148477554321,-0.5435148477554321,-0.23999428228343853
26128586,ESCOLA SAO JUDAS TADEU,Recife,2022,0.0,0.5458919405937195,-0.5458919405937195,-0.2410439108115309
26051737,ESCOLA DE REFERENCIA EM ENSINO MEDIO PROFESSORA MARIA ANA,Bezerros,2023,0.0,0.5497695803642273,-0.5497695803642273,-0.24275612047336426
26042037,ESCOLA DE REFERENCIA EM ENSINO MEDIO DE JATOBA,Petrolândia,2022,0.0,0.5498167872428894,-0.5498167872428894,-0.2427769651310772
26072149,ESCOLA DE REFERENCIA EM ENSINO MEDIO CORONEL JOSE ABILIO,Bom Conselho,2022,0.0,0.5617977380752563,-0.5617977380752563,-0.24806727082918556
26110270,ESCOLA DE REFERENCIA EM ENSINO MEDIO PROFESSOR MOACYR DE ALBUQUERQUE,Jaboatão dos Guararapes,2022,0.0,0.562214195728302,-0.562214195728302,-0.24825116176787268
26167158,ESCOLA PROFESSORA GALTEMIR LINS,Palmares,2023,0.0,0.5629086494445801,-0.5629086494445801,-0.24855780457975815
26104601,ESCOLA DE REFERENCIA EM ENSINO MEDIO BARRA DO SIRINHAEM,Sirinhaém,2023,0.4,0.9688149690628052,-0.5688149690628052,-0.2511657976153971
26111241,ESCOLA DE REFERENCIA EM ENSINO MEDIO DESEMBARGADOR JOSE NEVES FILHO,Jaboatão dos Guararapes,2022,0.0,0.5693844556808472,-0.5693844556808472,-0.25141725998617026
26129817,ESCOLA DE REFERENCIA EM ENSINO MEDIO DESEMBARGADOR ANTONIO DA SILVA GUIMARAES,Cabo de Santo Agostinho,2022,0.0,0.5718587636947632,-0.5718587636947632,-0.2525098148232649
26123258,ESCOLA DE REFERENCIA EM ENSINO MEDIO MARTINS JUNIOR,Recife,2022,0.0,0.5806184411048889,-0.5806184411048889,-0.25637773582258877
26054019,ESCOLA DE REFERENCIA EM ENSINO FUNDAMENTAL E MEDIO ANTONIA CAVALCANTI DE ALBUQUERQUE,Caruaru,2023,0.0,0.5835488438606262,-0.5835488438606262,-0.25767168374152594
26121948,ESCOLA DE REFERENCIA EM ENSINO MEDIO SYLVIO RABELO,Recife,2022,0.0,0.5970276594161987,-0.5970276594161987,-0.26362338621782344
26116383,ESCOLA PROFESSORA MARIA ALVES MACHADO,Paulista,2023,0.0,0.601851224899292,-0.601851224899292,-0.2657532786042832
26113449,ESCOLA DE REFERENCIA EM ENSINO FUNDAMENTAL DOM PEDRO BANDEIRA DE MELO,Olinda,2022,0.0,0.6018816232681274,-0.6018816232681274,-0.26576670130053776
26001900,ESCOLA JOAO CARLOS LOCIO DE ALMEIDA,Bodocó,2023,0.0,0.6027562618255615,-0.6027562618255615,-0.26615290648649664
26132001,ESCOLA DE REFERENCIA EM ENSINO FUNDAMENTAL E ENSINO MEDIO ARQUIPELAGO FERNANDO DE NORONHA,Fernando de Noronha,2022,0.0,0.6054412126541138,-0.6054412126541138,-0.2673384727129315
26051176,ESCOLA DE REFERENCIA EM ENSINO FUNDAMENTAL E ENSINO MEDIO EURICO QUEIROZ,Bezerros,2023,0.0,0.6280438303947449,-0.6280438303947449,-0.27731887903447244
26082020,ESCOLA DE REFERENCIA EM ENSINO MEDIO JOSE LINS DE FIGUEIREDO,Altinho,2023,0.0,0.6573899984359741,-0.6573899984359741,-0.2902769657655145
26034310,ESCOLA ESTADUAL DE ALTERNANCIA,Petrolina,2023,0.0,0.6680963635444641,-0.6680963635444641,-0.2950044657053739
26069555,ESCOLA SERAFICO RICARDO,Limoeiro,2023,1.6,2.304302930831909,-0.7043029308319091,-0.3109918286375589
26056550,ESCOLA AARAO LINS DE ANDRADE,Gravatá,2023,0.0,0.7091985940933228,-0.7091985940933228,-0.31315355650125304
26128195,ESCOLA DE REFERENCIA EM ENSINO MEDIO JARBAS PERNAMBUCANO,Recife,2022,0.0,0.7115656137466431,-0.7115656137466431,-0.3141987371162728
26140179,ESCOLA DE REFERENCIA EM ENSINO FUNDAMENTAL ENEIDE COELHO PAIXAO CAVALCANTI,Petrolina,2022,0.0,0.7304337024688721,-0.7304337024688721,-0.32253012572442574
26050048,ESCOLA DE REFERENCIA EM ENSINO MEDIO BENTO AMERICO,Belo Jardim,2022,0.7,1.4714946746826172,-0.7714946746826172,-0.34066099850001585
26111411,ESCOLA AMOR DIVINO,Jaboatão dos Guararapes,2022,0.0,0.783925473690033,-0.783925473690033,-0.34614993904748154
26125943,ESCOLA DE REFERENCIA EM ENSINO FUNDAMENTAL E MEDIO MONSENHOR MANOEL MARQUES,Recife,2023,0.0,0.7926361560821533,-0.7926361560821533,-0.3499962258187246
26178079,ESCOLA ESTADUAL FERNANDO SOARES LYRA,Cabo de Santo Agostinho,2022,0.1,0.9092839360237122,-0.8092839360237122,-0.3573472154286439
26052792,ESCOLA DE REFERENCIA EM ENSINO FUNDAMENTAL E MEDIO PRESIDENTE KENNEDY,Cachoeirinha,2022,0.5,1.3095296621322632,-0.8095296621322632,-0.3574557181886026
26021820,ESCOLA DE REFERENCIA EM ENSINO FUNDAMENTAL E MEDIO MANOEL PEREIRA LINS,Serra Talhada,2023,0.0,0.8227722644805908,-0.8227722644805908,-0.3633031184192987
26097370,ESCOLA HELIO SANTIAGO RAMOS,Barreiros,2022,0.0,0.8551799058914185,-0.8551799058914185,-0.37761302857724593
26098210,ESCOLA DE REFERENCIA EM ENSINO MEDIO ATHAYDE ACCIOLY LINS,Catende,2023,0.0,0.8998602628707886,-0.8998602628707886,-0.3973420759983329
26169223,ESCOLA ESTADUAL DOUTOR CAETANO MONTEIRO,Rio Formoso,2022,0.0,0.9094548225402832,-0.9094548225402832,-0.40157864740243576
26054094,ESCOLA DE REFERENCIA EM ENSINO MEDIO FELISBERTO CARVALHO,Caruaru,2022,0.0,0.9204512238502502,-0.9204512238502502,-0.40643421565597077
26051761,ESCOLA DE REFERENCIA EM ENSINO MEDIO CONEGO ALEXANDRE CAVALCANTI,Bezerros,2023,0.0,0.9228160381317139,-0.9228160381317139,-0.4074784224675368
26005107,ESCOLA DE REFERENCIA EM ENSINO MEDIO SAO SEBASTIAO - OURICURI,Ouricuri,2023,0.0,0.939678430557251,-0.939678430557251,-0.4149241763130131
26084040,ESCOLA EZEQUIEL BERTINO DE ALMEIDA,Cupira,2022,0.0,0.950006365776062,-0.950006365776062,-0.4194845768440097
26042479,ESCOLA PANKARARUS,Jatobá,2023,5.1,6.065731525421143,-0.9657315254211429,-0.42642817446309783
26053608,ESCOLA DE REFERENCIA EM ENSINO MEDIO NOSSA SENHORA DO PERPETUO SOCORRO,Capoeiras,2022,0.0,1.0112056732177734,-1.0112056732177734,-0.4465077279619089
26024764,ESCOLA JORNALISTA EDSON REGIS,Arcoverde,2022,0.0,1.0560988187789917,-1.0560988187789917,-0.46633073425677757
26040310,ESCOLA BOM JESUS DOS AFLITOS,Carnaubeira da Penha,2023,0.0,1.061274528503418,-1.061274528503418,-0.4686161193676918
26189526,ESCOLA ESTADUAL INDIGENA LUIZ PEREIRA LEAL,Itacuruba,2023,1.3,2.3670449256896973,-1.0670449256896972,-0.47116409452776437
26009323,ESCOLA DE REFERENCIA EM ENSINO FUNDAMENTAL E MEDIO VALDICLEIWTSON DA SILVA MENEZES,Cedro,2023,1.2,2.272409677505493,-1.0724096775054932,-0.47353295301797454
26000024,ESCOLA DE REFERENCIA EM ENSINO MEDIO LUIZ GONZAGA DUARTE,Araripina,2023,0.0,1.0779531002044678,-1.0779531002044678,-0.47598070537934656
26127423,ESCOLA DE REFERENCIA EM ENSINO FUNDAMENTAL PINTOR LAURO VILLARES,Recife,2022,0.0,1.1109904050827026,-1.1109904050827026,-0.49056864958284857
26052083,ESCOLA DE REFERENCIA EM ENSINO MEDIO ANDRE CORDEIRO,Brejo da Madre de Deus,2023,0.0,1.1179202795028687,-1.1179202795028687,-0.49362860322468627
26054019,ESCOLA DE REFERENCIA EM ENSINO FUNDAMENTAL E MEDIO ANTONIA CAVALCANTI DE ALBUQUERQUE,Caruaru,2022,2.1,3.2198739051818848,-1.1198739051818847,-0.4944912456982492
26040824,ESCOLA ESTADUAL INDIGENA ESPECIOSA BENIGNA DE BARROS,Carnaubeira da Penha,2022,7.4,8.537065505981445,-1.137065505981445,-0.5020823647122608
26102250,ESCOLA DE REFERENCIA EM ENSINO MEDIO DOUTOR FERNANDO PESSOA DE MELLO,Quipapá,2022,0.1,1.2760999202728271,-1.176099920272827,-0.5193183910708821
26097354,ESCOLA DE REFERENCIA EM ENSINO FUNDAMENTAL E MEDIO CRISTIANO BARBOSA E SILVA,Barreiros,2022,1.2,2.393040657043457,-1.193040657043457,-0.526798738626078
26128594,ESCOLA DE REFERENCIA EM ENSINO FUNDAMENTAL E MEDIO SAO MIGUEL,Recife,2023,0.0,1.2462124824523926,-1.2462124824523926,-0.5502772767551041
26011050,ESCOLA ANTONIO VIEIRA DE BARROS,Salgueiro,2022,0.7,1.9612507820129395,-1.2612507820129395,-0.556917584604469
26008882,ESCOLA PROFESSORA ANTONIA MARINHO APOLINARIO,Trindade,2022,0.0,1.2936080694198608,-1.2936080694198608,-0.5712052604608558
26031892,ESCOLA ESTADUAL INDIGENA MILITAO PRIMO DOS SANTOS,Cabrobó,2023,0.0,1.3703200817108154,-1.3703200817108154,-0.6050781977105301
26111853,ESCOLA ARTUR MENDONCA,Moreno,2022,0.0,1.406194806098938,-1.406194806098938,-0.6209190321738377
26050200,ESCOLA DE REFERENCIA EM ENSINO MEDIO PROFESSORA MARIA GALVAO,Belo Jardim,2022,0.9,2.3289122581481934,-1.4289122581481934,-0.630950144704406
26109360,ESCOLA DE REFERENCIA EM ENSINO MEDIO BERNARDO VIEIRA,Jaboatão dos Guararapes,2023,0.0,1.4305890798568726,-1.4305890798568726,-0.6316905616850159
26113880,ESCOLA PROFESSORA INES BORBA,Olinda,2022,1.0,2.4523532390594482,-1.4523532390594482,-0.6413007384610421
26034344,ESCOLA DOUTOR DIEGO REGO BARROS,Petrolina,2022,0.0,1.4722577333450317,-1.4722577333450317,-0.6500897620544379
26061724,ESCOLA ELPIDIO BARBOSA MACIEL,São Bento do Una,2022,1.5,2.9806694984436035,-1.4806694984436035,-0.653804058979178
26066220,ESCOLA DE REFERENCIA EM ENSINO MEDIO PROTAZIO SOARES DE SOUZA,Toritama,2022,0.0,1.5194202661514282,-1.5194202661514282,-0.6709148384222382
26054949,ESCOLA DE REFERENCIA EM ENSINO FUNDAMENTAL PROFESSORA ROSILDA MACIEL VIEIRA,Caruaru,2023,0.0,1.5318222045898438,-1.5318222045898438,-0.6763910353039658
26175509,ESCOLA ESTADUAL QUILOMBOLA PROFESSORA ROSA DORALINA MENDES,Salgueiro,2022,0.0,1.5593076944351196,-1.5593076944351196,-0.688527521429169
26110970,ESCOLA DE REFERENCIA EM ENSINO MEDIO EDMUR ARLINDO DE OLIVEIRA,Jaboatão dos Guararapes,2022,0.0,1.6405154466629028,-1.6405154466629028,-0.7243855964978521
26126141,ESCOLA DE REFERENCIA EM ENSINO FUNDAMENTAL E MEDIO DONA MARIA TERESA CORREA,Recife,2023,0.0,1.7559716701507568,-1.7559716701507568,-0.7753664180992375
26155567,ESCOLA PROFESSORA JOSEFINA GOMES ARAUJO,Lagoa Grande,2022,0.6,2.4230105876922607,-1.8230105876922607,-0.8049681060142498
26126621,ESCOLA DE REFERENCIA EM ENSINO MEDIO ROTARY DE NOVA DESCOBERTA,Recife,2022,0.0,1.8287595510482788,-1.8287595510482788,-0.8075066168575125
26109506,ESCOLA HENRIQUETA DE OLIVEIRA,Jaboatão dos Guararapes,2022,0.0,1.8704359531402588,-1.8704359531402588,-0.8259092386985287
26113953,ESCOLA DE REFERENCIA EM ENSINO FUNDAMENTAL E ENSINO MEDIO COSTA AZEVEDO,Olinda,2022,0.0,1.8715153932571411,-1.8715153932571411,-0.826385876010626
26110229,ESCOLA DE REFERENCIA EM ENSINO FUNDAMENTAL E MEDIO ODETE ANTUNES,Jaboatão dos Guararapes,2022,0.0,1.8774821758270264,-1.8774821758270264,-0.8290205670523053
26043408,ESCOLA PRINCESA ISABEL,Tacaratu,2022,15.5,17.440980911254883,-1.9409809112548828,-0.8570590530253172
26040581,ESCOLA GOV ESTACIO COIMBRA,Carnaubeira da Penha,2022,14.0,15.956831932067871,-1.956831932067871,-0.8640582258707015
26128527,ESCOLA ROTARY DO ALTO DO PASCOAL,Recife,2023,0.0,2.052473545074463,-2.052473545074463,-0.9062897129491848
26016010,ESCOLA JOAO GOMES DOS REIS,Carnaíba,2023,1.1,3.154093027114868,-2.054093027114868,-0.9070048110399969
26034360,ESCOLA EDISON NOLASCO,Petrolina,2022,0.5,2.6778388023376465,-2.1778388023376465,-0.9616459650633767
26188643,ESCOLA ESTADUAL INDIGENA ANANIAS DE SENA,Carnaubeira da Penha,2023,2.5,4.7680888175964355,-2.2680888175964355,-1.0014967395685264
26054825,ESCOLA PROFESSORA JESUINA PEREIRA REGO,Caruaru,2022,0.0,2.3656716346740723,-2.3656716346740723,-1.044585384238417
26045753,ESCOLA ESTADUAL INDIGENA KAPINAWA,Buíque,2022,0.0,2.4594509601593018,-2.4594509601593018,-1.0859945600977303
26040646,ESCOLA EMILIANO QUIRINO DE SA,Carnaubeira da Penha,2022,0.0,2.6292874813079834,-2.6292874813079834,-1.160987532537988
26104245,ESCOLA DE REFERENCIA EM ENSINO MEDIO SAO FRANCISCO DE ASSIS,São José da Coroa Grande,2023,0.0,2.7027039527893066,-2.7027039527893066,-1.193405291599597
26040220,ESCOLA CELESTINO NUNES,Belém do São Francisco,2022,0.0,2.78684663772583,-2.78684663772583,-1.2305593148321492
26003821,ESCOLA NELSON ARAUJO,Exu,2022,0.0,2.960834503173828,-2.960834503173828,-1.3073853538385554
26044404,ESCOLA ESTADUAL INDIGENA BILINGUE ANTONIO JOSE MOREIRA,Águas Belas,2023,0.0,2.9991002082824707,-2.9991002082824707,-1.3242819491598128
26066181,ESCOLA ESTELITA TIMOTEO,Toritama,2022,0.0,3.0530619621276855,-3.0530619621276855,-1.3481092878945686
26050137,ESCOLA MINISTRO MARCOS DE BARROS FREIRE,Belo Jardim,2022,0.7,3.7877449989318848,-3.0877449989318846,-1.3634239210818837
26186411,ESCOLA ESTADUAL INDIGENA JOSEFA ALICE DA CONCEICAO,Itacuruba,2022,7.9,11.00402545928955,-3.1040254592895504,-1.370612717146826
26058758,ESCOLA ESTADUAL INDIGENA SANTA RITA,Pesqueira,2023,3.0,6.325014591217041,-3.325014591217041,-1.4681926238014518
26189526,ESCOLA ESTADUAL INDIGENA LUIZ PEREIRA LEAL,Itacuruba,2022,1.8,5.1737847328186035,-3.3737847328186037,-1.4897275555128215
26037599,ESCOLA PROFESSORA JUDITH GOMES DE BARROS,Santa Maria da Boa Vista,2023,0.6,4.001476287841797,-3.401476287841797,-1.501955031727223
26042711,ESCOLA DO ESPINHEIRO,Tacaratu,2023,0.0,3.742284059524536,-3.742284059524536,-1.652442027435611
26040530,ESCOLA ESTADUAL INDIGENA TIA AMELIA CAXIADO,Carnaubeira da Penha,2023,0.0,3.9336891174316406,-3.9336891174316406,-1.7369587976536451
26042096,ESCOLA ESTADUAL INDIGENA JOSE LUCIANO,Jatobá,2023,0.0,4.391365051269531,-4.391365051269531,-1.9390500702535283
26043009,ESCOLA ESTADUAL INDIGENA SANTA CLARA,Tacaratu,2023,1.7,6.44746208190918,-4.7474620819091795,-2.096288187380517
26040581,ESCOLA GOV ESTACIO COIMBRA,Carnaubeira da Penha,2023,2.4,7.315257549285889,-4.915257549285888,-2.1703799126200227
26419831,ESCOLA ESTADUAL JOSE FERREIRA DA SILVA,Floresta,2023,2.2,7.198372840881348,-4.9983728408813475,-2.2070802803019864
26046210,ESCOLA ESTADUAL INDIGENA BARAO DO RIO BRANCO,Buíque,2022,3.3,8.474169731140137,-5.174169731140137,-2.284705111858204
26028506,ESCOLA ESTADUAL INDIGENA AIMBERE,Inajá,2023,1.6,6.834203243255615,-5.234203243255616,-2.311213494679038
26059150,ESCOLA ESTADUAL INDIGENA INTERMEDIARIA MONSENHOR OLIMPIO TORRES,Pesqueira,2023,0.5,6.106258869171143,-5.606258869171143,-2.4754982852047447
26041529,ESCOLA MENINO JESUS,Floresta,2022,1.5,7.192038059234619,-5.692038059234619,-2.5133749232380116
26027186,ESCOLA INDIGENA PEDRO FERREIRA DE QUEIROZ,Ibimirim,2023,1.5,7.534181594848633,-6.034181594848633,-2.6644517385388364
26186446,ESCOLA ESTADUAL INDIGENA QUITERIA MARIA DE JESUS,Jatobá,2023,1.8,8.268209457397461,-6.468209457397461,-2.8561009746058743
26044447,ESCOLA ESTADUAL INDIGENA FULNI-O MARECHAL RONDON,Águas Belas,2023,0.0,6.612330436706543,-6.612330436706543,-2.9197389987262996
