CO_ENTIDADE,NO_ENTIDADE,NO_MUNICIPIO,is_rural,is_loc_diferenciada,NU_ANO_CENSO,y_real,y_pred,residuo,grupo
26000024,ESCOLA DE REFERENCIA EM ENSINO MEDIO LUIZ GONZAGA DUARTE,Araripina,0,0,2023,0.0,1.451826572418213,-1.451826572418213,urbana
26000636,ESCOLA DE REFERENCIA EM ENSINO MEDIO MANOEL RIBEIRO DAMASCENO,Araripina,0,0,2023,0.0,0.14907410740852356,-0.14907410740852356,urbana
26000741,ESCOLA DE REFERENCIA EM ENSINO MEDIO PADRE LUIZ GONZAGA,Araripina,0,0,2023,0.4,0.090883269906044,0.309116730093956,urbana
26000792,ESCOLA DE REFERENCIA EM ENSINO MEDIO PROFESSOR MANOEL BONIFACIO COSTA,Araripina,0,0,2023,1.1,1.1141220331192017,-0.014122033119201571,urbana
26001225,ESCOLA SAO JOAO BATISTA - ARARIPINA,Araripina,0,0,2023,3.8,2.5887584686279297,1.2112415313720701,urbana
26001594,ESCOLA DE REFERENCIA EM ENSINO MEDIO MOISES BOM DE OLIVEIRA,Araripina,0,0,2023,0.0,0.2201782464981079,-0.2201782464981079,urbana
26001624,ESCOLA DE REFERENCIA EM ENSINO MEDIO ANIZIO RODRIGUES COELHO,Araripina,0,0,2023,0.4,0.13846716284751892,0.2615328371524811,urbana
26001896,ESCOLA VITALINA MARIA DE JESUS,Araripina,0,0,2023,6.9,0.73063063621521,6.16936936378479,urbana
26001900,ESCOLA JOAO CARLOS LOCIO DE ALMEIDA,Bodocó,0,0,2023,0.0,0.4474946856498718,-0.4474946856498718,urbana
26001942,ESCOLA DE REFERENCIA EM ENSINO MEDIO ARTUR BARROS CAVALCANTI,Bodocó,0,0,2023,0.0,0.012790274806320667,-0.012790274806320667,urbana
26003066,ESCOLA DE REFERENCIA EM ENSINO MEDIO BARAO DE EXU,Exu,0,0,2023,0.0,0.08368348330259323,-0.08368348330259323,urbana
26003210,ESCOLA SAO VICENTE DE PAULA - EXU,Exu,0,0,2023,6.9,2.6545865535736084,4.245413446426392,urbana
26003821,ESCOLA NELSON ARAUJO,Exu,0,0,2023,5.3,0.23560264706611633,5.0643973529338835,urbana
26004488,ESCOLA NOSSA SENHORA DO SOCORRO,Ipubi,0,0,2023,2.7,1.4332990646362305,1.2667009353637697,urbana
26004518,ESCOLA DE REFERENCIA EM ENSINO MEDIO ARAO PEIXOTO DE ALENCAR,Ipubi,0,0,2023,0.2,0.046161018311977386,0.15383898168802262,urbana
26004593,ESCOLA DE REFERENCIA EM ENSINO MEDIO JOAQUIM EUGENIO SILVA,Ipubi,0,0,2023,0.0,0.11630353331565857,-0.11630353331565857,urbana
26005107,ESCOLA DE REFERENCIA EM ENSINO MEDIO SAO SEBASTIAO - OURICURI,Ouricuri,0,0,2023,0.0,1.0980713367462158,-1.0980713367462158,urbana
26005115,ESCOLA DE REFERENCIA EM ENSINO MEDIO FERNANDO BEZERRA,Ouricuri,0,0,2023,0.6,0.026319283992052078,0.5736807160079479,urbana
26006138,ESCOLA DOM IDILIO JOSE SOARES,Ouricuri,0,0,2023,0.2,0.35310041904449463,-0.15310041904449462,urbana
26006499,ESCOLA PROFESSOR TELESFORO SIQUEIRA,Ouricuri,0,0,2023,0.0,0.3629287779331207,-0.3629287779331207,urbana
26008181,ESCOLA DE REFERENCIA EM ENSINO MEDIO PRESIDENTE MEDICI - MOREILANDIA,Moreilândia,0,0,2023,1.5,0.09162718802690506,1.408372811973095,urbana
26008505,ESCOLA MARIA LUIZA DE BRITO FERREIRA,Moreilândia,0,0,2023,0.0,0.07480056583881378,-0.07480056583881378,urbana
26008530,ESCOLA DE REFERENCIA EM ENSINO MEDIO GOVERNADOR MUNIZ FALCAO,Trindade,0,0,2023,0.0,0.06927244365215302,-0.06927244365215302,urbana
26008882,ESCOLA PROFESSORA ANTONIA MARINHO APOLINARIO,Trindade,0,0,2023,0.0,0.09555988758802414,-0.09555988758802414,urbana
26009315,ESCOLA DE REFERENCIA EM ENSINO MEDIO PROFESSOR MANOEL JOAQUIM LEITE,Cedro,0,0,2023,1.0,0.09723778814077377,0.9027622118592262,urbana
26009323,ESCOLA DE REFERENCIA EM ENSINO FUNDAMENTAL E MEDIO VALDICLEIWTSON DA SILVA MENEZES,Cedro,0,0,2023,1.2,2.69053053855896,-1.49053053855896,urbana
26009390,ESCOLA DE REFERENCIA EM ENSINO MEDIO FRANCISCO PIRES,Mirandiba,0,0,2023,0.0,0.07262343168258667,-0.07262343168258667,urbana
26009617,ESCOLA FRANCISCO ALVES DE CARVALHO,Mirandiba,0,0,2023,0.9,0.1535409539937973,0.7464590460062027,urbana
26010151,ESCOLA DE REFERENCIA EM ENSINO MEDIO ODORICO MELO,Parnamirim,0,0,2023,0.5,0.040585197508335114,0.4594148024916649,urbana
26010607,ESCOLA EUCLIDES DA CUNHA,Parnamirim,0,0,2023,0.3,0.4024386405944824,-0.10243864059448243,urbana
26011050,ESCOLA ANTONIO VIEIRA DE BARROS,Salgueiro,0,0,2023,0.0,0.4864448010921478,-0.4864448010921478,urbana
26011069,ESCOLA DE REFERENCIA EM ENSINO MEDIO AURA SAMPAIO PARENTE MUNIZ,Salgueiro,0,0,2023,0.0,0.014590244740247726,-0.014590244740247726,urbana
26011344,ESCOLA TECNICA ESTADUAL PROFESSOR URBANO GOMES DE SA,Salgueiro,0,0,2023,0.0,0.04255411773920059,-0.04255411773920059,urbana
26011352,ESCOLA DE REFERENCIA EM ENSINO FUNDAMENTAL E MEDIO PROFESSORA MAURINA RODRIGUES DOS SANTOS,Salgueiro,0,0,2023,0.0,0.239462748169899,-0.239462748169899,urbana
26011506,ESCOLA JOSE PEDRO PEREIRA,Salgueiro,1,1,2023,3.3,3.764876365661621,-0.46487636566162127,diferenciada
26011611,ESCOLA DE REFERENCIA EM ENSINO MEDIO CARLOS PENA FILHO,Salgueiro,0,0,2023,0.4,0.042255040258169174,0.35774495974183085,urbana
26011883,ESCOLA PROFESSOR MANUEL LEITE,Salgueiro,0,0,2023,0.0,0.5626095533370972,-0.5626095533370972,urbana
26012081,ESCOLA DE REFERENCIA EM ENSINO FUNDAMENTAL E ENSINO MEDIO AGRICOLA DE UMAS,Salgueiro,1,0,2023,2.0,0.10077256709337234,1.8992274329066277,rural
26012359,ESCOLA DE REFERENCIA EM ENSINO MEDIO DOUTOR WALMY CAMPOS BEZERRA,São José do Belmonte,0,0,2023,0.0,0.014590244740247726,-0.014590244740247726,urbana
26013185,ESCOLA DE REFERENCIA EM ENSINO FUNDAMENTAL E MEDIO PROFESSOR MANOEL DE QUEIROZ,São José do Belmonte,0,0,2023,0.0,0.05543604865670204,-0.05543604865670204,urbana
26013436,ESCOLA DE REFERENCIA EM ENSINO FUNDAMENTAL E ENSINO MEDIO NAPOLEAO ARAUJO,São José do Belmonte,0,0,2023,0.0,0.13769669830799103,-0.13769669830799103,urbana
26013452,ESCOLA DE REFERENCIA EM ENSINO MEDIO DESEMBARGADOR JOAO PAES,Serrita,0,0,2023,0.2,0.099904365837574,0.100095634162426,urbana
26014190,ESCOLA DE REFERENCIA EM ENSINO MEDIO ANISIO VERAS,Verdejante,0,0,2023,1.5,0.3224056363105774,1.1775943636894226,urbana
26014564,ESCOLA DE REFERENCIA EM ENSINO MEDIO NORMAL ESTADUAL PROFESSORA IONE DE GOES BARROS,Afogados da Ingazeira,0,0,2023,0.0,0.06561902165412903,-0.06561902165412903,urbana
26014572,ESCOLA DE REFERENCIA EM ENSINO MEDIO CONEGO JOAO LEITE GONCALVES DE ANDRADE,Afogados da Ingazeira,0,0,2023,0.0,0.4546496570110321,-0.4546496570110321,urbana
26014670,ESCOLA DE REFERENCIA EM ENSINO MEDIO MONSENHOR ANTONIO DE PADUA SANTOS,Afogados da Ingazeira,0,0,2023,0.0,0.029619678854942322,-0.029619678854942322,urbana
26015315,ESCOLA DE REFERENCIA EM ENSINO MEDIO JOSE SEVERINO DE ARAUJO,Brejinho,0,0,2023,3.6,0.0878974199295044,3.5121025800704957,urbana
26015625,ESCOLA DE REFERENCIA EM ENSINO MEDIO ANTONIO GOMES DE LIMA,Calumbi,0,0,2023,0.7,0.07253498584032059,0.6274650141596794,urbana
26016010,ESCOLA JOAO GOMES DOS REIS,Carnaíba,0,0,2023,1.1,4.301772117614746,-3.201772117614746,urbana
26016028,ESCOLA DE REFERENCIA EM ENSINO MEDIO JOAQUIM MENDES DA SILVA,Carnaíba,0,0,2023,0.3,0.036779653280973434,0.26322034671902655,urbana
26016540,ESCOLA DE REFERENCIA EM ENSINO MEDIO AIRES GAMA,Flores,0,0,2023,0.0,0.24767723679542542,-0.24767723679542542,urbana
26016729,ESCOLA DE REFERENCIA EM ENSINO FUNDAMENTAL E ENSINO MEDIO DARIO GOMES DE LIMA,Flores,1,0,2023,0.0,0.1477772742509842,-0.1477772742509842,rural
26017598,ESCOLA ESTADUAL JOAQUIM ALVES DE FREITAS,Iguaracy,1,0,2023,0.0,0.06327949464321136,-0.06327949464321136,rural
26017750,ESCOLA DE REFERENCIA EM ENSINO MEDIO PROFESSORA ROSETE BEZERRA DE SOUZA,Iguaracy,0,0,2023,0.0,0.038036540150642395,-0.038036540150642395,urbana
26018020,ESCOLA DE REFERENCIA EM ENSINO MEDIO ARISTAQUE JOSE DE VERAS,Ingazeira,0,0,2023,1.3,1.016613245010376,0.28338675498962407,urbana
26018314,ESCOLA DE REFERENCIA EM ENSINO MEDIO TERESA TORRES,Itapetim,0,0,2023,4.0,1.8672988414764404,2.1327011585235596,urbana
26018977,ESCOLA TOME FRANCISCO DA SILVA,Quixaba,1,0,2023,1.1,0.25641655921936035,0.8435834407806397,rural
26019370,ESCOLA DE REFERENCIA EM ENSINO FUNDAMENTAL E MEDIO SANTA CRUZ,Santa Cruz da Baixa Verde,0,0,2023,9.5,1.7869987487792969,7.713001251220703,urbana
26019493,ESCOLA DE REFERENCIA EM ENSINO MEDIO SANTA TEREZINHA,Santa Terezinha,0,0,2023,1.0,0.04017508402466774,0.9598249159753323,urbana
26019825,ESCOLA DE REFERENCIA EM ENSINO MEDIO EDSON SIMOES,São José do Egito,0,0,2023,2.7,0.48710891604423523,2.212891083955765,urbana
26019922,ESCOLA DE REFERENCIA EM ENSINO MEDIO OLIVEIRA LIMA - SJ EGITO,São José do Egito,0,0,2023,0.0,0.03824779763817787,-0.03824779763817787,urbana
26019949,ESCOLA DE REFERENCIA EM ENSINO FUNDAMENTAL PROFESSOR SEBASTIAO FERREIRA RABELO SOBRINHO,São José do Egito,0,0,2023,0.0,0.3722032904624939,-0.3722032904624939,urbana
26020572,ESCOLA MAXIMA VIEIRA DE MELO,São José do Egito,1,0,2023,0.0,0.18059492111206055,-0.18059492111206055,rural
26020882,ESCOLA DE REFERENCIA EM ENSINO FUNDAMENTAL E ENSINO MEDIO METHODIO DE GODOY LIMA,Serra Talhada,0,0,2023,1.7,0.07351947575807571,1.6264805242419242,urbana
26020955,ESCOLA TECNICA ESTADUAL CLOVIS NOGUEIRA ALVES,Serra Talhada,0,0,2023,0.0,0.02763434313237667,-0.02763434313237667,urbana
26020963,ESCOLA DE REFERENCIA EM ENSINO FUNDAMENTAL E MEDIO ANTONIO TIMOTEO,Serra Talhada,0,0,2023,0.0,0.08539605885744095,-0.08539605885744095,urbana
26020971,ESCOLA DE REFERENCIA EM ENSINO MEDIO CORNELIO SOARES,Serra Talhada,0,0,2023,0.5,0.2805524468421936,0.2194475531578064,urbana
26021820,ESCOLA DE REFERENCIA EM ENSINO FUNDAMENTAL E MEDIO MANOEL PEREIRA LINS,Serra Talhada,0,0,2023,0.0,0.6165289282798767,-0.6165289282798767,urbana
26021900,ESCOLA DE REFERENCIA EM ENSINO MEDIO SOLIDONIO LEITE,Serra Talhada,0,0,2023,0.4,0.2502535581588745,0.1497464418411255,urbana
26021927,ESCOLA DE REFERENCIA EM ENSINO MEDIO IRNERO IGNACIO,Serra Talhada,0,0,2023,1.1,0.4930826425552368,0.6069173574447633,urbana
26022850,ESCOLA DE REFERENCIA EM ENSINO MEDIO NOSSA SENHORA DE LOURDES,Solidão,0,0,2023,0.0,0.05484698712825775,-0.05484698712825775,urbana
26023245,ESCOLA DE REFERENCIA EM ENSINO FUNDAMENTAL E MEDIO ARNALDO ALVES CAVALCANTI,Tabira,0,0,2023,0.5,0.33976829051971436,0.16023170948028564,urbana
26023334,ESCOLA DE REFERENCIA EM FUNDAMENTAL E MEDIO PEDRO PIRES FERREIRA,Tabira,0,0,2023,2.2,0.012403752654790878,2.1875962473452093,urbana
26024047,ESCOLA MONSENHOR LUIZ SAMPAIO,Triunfo,0,0,2023,1.6,0.6506648659706116,0.9493351340293885,urbana
26024551,ESCOLA DE REFERENCIA EM ENSINO MEDIO CONEGO OLIMPIO TORRES,Tuparetama,0,0,2023,0.0,0.034686870872974396,-0.034686870872974396,urbana
26024578,ESCOLA DE REFERENCIA EM ENSINO FUNDAMENTAL ERNESTO DE SOUZA LEITE,Tuparetama,0,0,2023,0.0,0.03951876610517502,-0.03951876610517502,urbana
26024675,ESCOLA DE REFERENCIA EM ENSINO MEDIO SENADOR VITORINO FREIRE,Arcoverde,0,0,2023,1.0,0.14585568010807037,0.8541443198919296,urbana
26024730,ESCOLA DE REFERENCIA EM ENSINO MEDIO CARLOS RIOS,Arcoverde,0,0,2023,0.5,0.03819812089204788,0.4618018791079521,urbana
26024764,ESCOLA JORNALISTA EDSON REGIS,Arcoverde,0,0,2023,0.0,0.14161071181297302,-0.14161071181297302,urbana
26024780,ESCOLA LIONS ANTONIO MORENO,Arcoverde,0,0,2023,0.4,0.2308773398399353,0.16912266016006472,urbana
26024802,ESCOLA DE REFERENCIA EM ENSINO FUNDAMENTAL E MEDIO MONSENHOR JOSE KEHRLE,Arcoverde,0,0,2023,3.7,0.07214928418397903,3.627850715816021,urbana
26025876,ESCOLA DE REFERENCIA EM ENSINO MEDIO OSMAR DE SOUZA FERRAZ,Betânia,0,0,2023,0.3,0.09140417724847794,0.20859582275152205,urbana
26025981,ESCOLA DE REFERENCIA EM ENSINO FUNDAMENTAL GENERAL JOAQUIM INACIO,Custódia,0,0,2023,2.2,2.2614517211914062,-0.06145172119140607,urbana
26026627,ESCOLA DE REFERENCIA EM ENSINO MEDIO JOSE PEREIRA BURGOS,Custódia,0,0,2023,0.0,0.0151197649538517,-0.0151197649538517,urbana
26026902,ESCOLA APOLONIO ALVES DA SILVA,Ibimirim,1,0,2023,0.0,0.12779273092746735,-0.12779273092746735,rural
26027186,ESCOLA INDIGENA PEDRO FERREIRA DE QUEIROZ,Ibimirim,1,1,2023,1.5,15.968515396118164,-14.468515396118164,diferenciada
26027615,ESCOLA IRACEMA MOURA DE MORAES VERAS,Ibimirim,0,0,2023,0.0,0.2083592414855957,-0.2083592414855957,urbana
26027828,ESCOLA DE REFERENCIA EM ENSINO MEDIO PEDRO BEZERRA DE MELO,Ibimirim,0,0,2023,0.2,0.10464859008789062,0.09535140991210939,urbana
26027917,ESCOLA DE REFERENCIA EM ENSINO MEDIO ANTONIO GUILHERME DIAS LIMA,Inajá,0,0,2023,2.1,0.052714843302965164,2.047285156697035,urbana
26028409,ESCOLA MARIA GILDETE ARAUJO,Inajá,1,1,2023,12.8,14.055021286010742,-1.2550212860107415,diferenciada
26028506,ESCOLA ESTADUAL INDIGENA AIMBERE,Inajá,1,1,2023,1.6,13.668108940124512,-12.068108940124512,diferenciada
26028573,ESCOLA DE REFERENCIA EM ENSINO FUNDAMENTAL JOEL PEDRO DA SILVA,Inajá,0,0,2023,0.0,0.07180117815732956,-0.07180117815732956,urbana
26029243,ESCOLA DE REFERENCIA EM ENSINO MEDIO CORONEL MANOEL DE SOUZA NETO,Manari,0,0,2023,0.0,0.09894005954265594,-0.09894005954265594,urbana
26029812,ESCOLA AMARO LAFAYETTE,Sertânia,0,0,2023,7.9,0.15799860656261444,7.742001393437386,urbana
26029910,ESCOLA DE REFERENCIA EM ENSINO MEDIO OLAVO BILAC,Sertânia,0,0,2023,0.0,0.02075120247900486,-0.02075120247900486,urbana
26030950,ESCOLA ESTADUAL ANTONIO CAVALCANTI FILHO,Afrânio,0,0,2023,0.0,0.06483375281095505,-0.06483375281095505,urbana
26031272,ESCOLA DE REFERENCIA EM ENSINO MEDIO JOSE CALDAS CAVALCANTI,Cabrobó,0,0,2023,0.0,0.013533101417124271,-0.013533101417124271,urbana
26031469,ESCOLA INDIGENA JOAO ALBERTO MACIEL,Cabrobó,1,1,2023,0.0,0.13729725778102875,-0.13729725778102875,diferenciada
26031892,ESCOLA ESTADUAL INDIGENA MILITAO PRIMO DOS SANTOS,Cabrobó,1,1,2023,0.0,2.6028695106506348,-2.6028695106506348,diferenciada
26031914,ESCOLA DE REFERENCIA EM ENSINO MEDIO SENADOR PAULO GUERRA,Cabrobó,0,0,2023,0.0,0.024612247943878174,-0.024612247943878174,urbana
26032082,ESCOLA MINISTRO MARCOS FREIRE,Cabrobó,0,0,2023,0.0,0.07525432854890823,-0.07525432854890823,urbana
26032090,ESCOLA INDIGENA ACILON CIRIACO DA LUZ,Cabrobó,1,1,2023,1.7,3.160086154937744,-1.4600861549377442,diferenciada
26033089,ESCOLA NOSSA SENHORA DAS GRACAS - DORMENTES,Dormentes,1,0,2023,0.0,0.04053531959652901,-0.04053531959652901,rural
26033356,ESCOLA DE REFERENCIA EM ENSINO MEDIO SENADOR NILO COELHO,Dormentes,0,0,2023,0.2,0.06826178729534149,0.13173821270465852,urbana
26033364,ESCOLA DE REFERENCIA EM ENSINO MEDIO JACOB ANTONIO DE OLIVEIRA,Orocó,0,0,2023,0.0,0.026873748749494553,-0.026873748749494553,urbana
26033879,ESCOLA DE REFERENCIA EM ENSINO MEDIO OTACILIO NUNES DE SOUZA,Petrolina,0,0,2023,0.0,0.1156812384724617,-0.1156812384724617,urbana
26034298,ESCOLA DE REFERENCIA EM ENSINO MEDIO ANTONIO PADILHA,Petrolina,0,0,2023,0.0,0.0033698377665132284,-0.0033698377665132284,urbana
26034310,ESCOLA ESTADUAL DE ALTERNANCIA,Petrolina,1,0,2023,0.0,0.5746628642082214,-0.5746628642082214,rural
26034328,ESCOLA DE REFERENCIA EM ENSINO FUNDAMENTAL E MEDIO DOM AVELAR BRANDAO VILELA,Petrolina,1,0,2023,0.0,0.008367324247956276,-0.008367324247956276,rural
26034336,ESCOLA DE REFERENCIA EM ENSINO MEDIO DOM MALAN,Petrolina,0,0,2023,0.0,0.006744559854269028,-0.006744559854269028,urbana
26034344,ESCOLA DOUTOR DIEGO REGO BARROS,Petrolina,1,0,2023,0.0,0.0052931285463273525,-0.0052931285463273525,rural
26034352,ESCOLA DE REFERENCIA EM ENSINO MEDIO DOUTOR PACIFICO RODRIGUES DA LUZ,Petrolina,0,0,2023,0.0,0.002336648292839527,-0.002336648292839527,urbana
26034360,ESCOLA DE REFERENCIA EM ENSINO FUNDAMENTAL E MEDIO EDISON NOLASCO,Petrolina,1,0,2023,0.3,0.009891672059893608,0.2901083279401064,rural
26034425,ESCOLA DE REFERENCIA EM ENSINO FUNDAMENTAL E MEDIO JOAQUIM ANDRE CAVALCANTI,Petrolina,0,0,2023,0.0,0.25087422132492065,-0.25087422132492065,urbana
26034441,ESCOLA DE REFERENCIA EM ENSINO MEDIO MARECHAL ANTONIO ALVES FILHO,Petrolina,0,0,2023,0.0,0.007976469583809376,-0.007976469583809376,urbana
26034832,ESCOLA DE REFERENCIA EM ENSINO FUNDAMENTAL E MEDIO MONTEIRO LOBATO,Petrolina,1,0,2023,0.0,0.08532936125993729,-0.08532936125993729,rural
26035049,ESCOLA DE REFERENCIA EM ENSINO MEDIO PADRE MANOEL DE PAIVA NETTO,Petrolina,0,0,2023,0.7,0.06667688488960266,0.6333231151103973,urbana
26035073,ESCOLA POETA CARLOS DRUMOND DE ANDRADE,Petrolina,1,0,2023,0.0,0.1257818341255188,-0.1257818341255188,rural
26035111,ESCOLA DE REFERENCIA EM ENSINO FUNDAMENTAL E MEDIO PROFESSOR MANOEL XAVIER PAES BARRETO,Petrolina,0,0,2023,0.0,0.018165702000260353,-0.018165702000260353,urbana
26035120,ESCOLA DE REFERENCIA EM ENSINO MEDIO PROFESSORA OSA SANTANA DE CARVALHO,Petrolina,0,0,2023,0.0,0.002439185045659542,-0.002439185045659542,urbana
26035138,ESCOLA PROFESSORA WILMA WZELY CUNHA COELHO AMORIM,Petrolina,1,0,2023,5.1,0.7714294195175171,4.3285705804824826,rural
26035146,ESCOLA PROFESSORA ADELINA ALMEIDA,Petrolina,0,0,2023,0.3,0.01810295321047306,0.28189704678952693,urbana
26035251,ESCOLA FRANCISCO XAVIER DOS SANTOS,Petrolina,1,0,2023,1.5,0.020651768893003464,1.4793482311069965,rural
26035316,ESCOLA DE REFERENCIA EM ENSINO MEDIO JORNALISTA JOAO FERREIRA GOMES,Petrolina,0,0,2023,0.0,0.002339535392820835,-0.002339535392820835,urbana
26035340,ESCOLA DE REFERENCIA EM ENSINO FUNDAMENTAL E MEDIO ANTONIO CASSIMIRO,Petrolina,0,0,2023,0.0,0.28165555000305176,-0.28165555000305176,urbana
26035502,ESCOLA ANTONIO NUNES DOS SANTOS,Petrolina,1,0,2023,1.9,0.005198245402425528,1.8948017545975744,rural
26035553,ESCOLA ESTADUAL DE APLICACAO PROFESSORA VANDE DE SOUZA FERREIRA,Petrolina,0,0,2023,0.0,0.0034698154777288437,-0.0034698154777288437,urbana
26035561,ESCOLA DOM ANTONIO CAMPELO,Petrolina,0,0,2023,4.4,0.3647582232952118,4.035241776704789,urbana
26035600,ESCOLA DE REFERENCIA EM ENSINO MEDIO GERCINO COELHO,Petrolina,0,0,2023,0.0,0.002729340922087431,-0.002729340922087431,urbana
26035979,ESCOLA DE REFERENCIA EM ENSINO FUNDAMENTAL E MEDIO PADRE LUIZ CASSIANO,Petrolina,0,0,2023,0.0,0.00796525739133358,-0.00796525739133358,urbana
26036037,ESCOLA PROFESSOR SIMAO AMORIM DURANDO,Petrolina,0,0,2023,0.0,0.07715606689453125,-0.07715606689453125,urbana
26036045,ESCOLA DE REFERENCIA EM ENSINO MEDIO PROFESSOR HUMBERTO SOARES,Petrolina,0,0,2023,0.0,0.0031198349315673113,-0.0031198349315673113,urbana
26036118,ESCOLA DE REFERENCIA EM ENSINO FUNDAMENTAL E MEDIO JESUINO ANTONIO DAVILA,Petrolina,0,0,2023,1.4,0.10897575318813324,1.2910242468118667,urbana
26036134,ESCOLA DE REFERENCIA EM ENSINO FUNDAMENTAL E MEDIO NUCLEO DE MORADORES 11,Petrolina,1,0,2023,0.0,0.023665472865104675,-0.023665472865104675,rural
26036169,ESCOLA MANOEL MARINHO,Petrolina,1,0,2023,0.0,0.020879045128822327,-0.020879045128822327,rural
26036177,ESCOLA NUCLEO DE MORADORES - 6,Petrolina,1,0,2023,5.7,0.3290230929851532,5.370976907014847,rural
26036193,ESCOLA NUCLEO DE MORADORES-7,Petrolina,1,0,2023,0.0,0.005711845587939024,-0.005711845587939024,rural
26036207,ESCOLA ERIKA THAYNARA DA SILVA LEITE,Petrolina,1,0,2023,0.0,0.25907906889915466,-0.25907906889915466,rural
26036215,ESCOLA NUCLEO DE MORADORES - 9,Petrolina,1,0,2023,0.0,0.0050359549932181835,-0.0050359549932181835,rural
26036223,ESCOLA DE REFERENCIA EM ENSINO FUNDAMENTAL E MEDIO NOSSA SENHORA APARECIDA,Petrolina,1,0,2023,0.0,0.026859626173973083,-0.026859626173973083,rural
26036266,ESCOLA SAO JOSE - PETROLINA,Petrolina,1,0,2023,0.0,0.025780020281672478,-0.025780020281672478,rural
26037599,ESCOLA PROFESSORA JUDITH GOMES DE BARROS,Santa Maria da Boa Vista,0,0,2023,0.6,5.767521858215332,-5.167521858215332,urbana
26037700,ESCOLA SANTA MARIA,Lagoa Grande,0,0,2023,1.2,0.2718336284160614,0.9281663715839386,urbana
26037726,ESCOLA DE REFERENCIA EM ENSINO FUNDAMENTAL E MEDIO ANTONIO DE AMORIM COELHO,Lagoa Grande,0,0,2023,2.3,1.068647027015686,1.2313529729843138,urbana
26037904,ESCOLA DE REFERENCIA EM ENSINO MEDIO PADRE MAURILO SAMPAIO,Santa Maria da Boa Vista,0,0,2023,1.0,0.026419781148433685,0.9735802188515663,urbana
26038536,ESCOLA DE REFERENCIA EM ENSINO MEDIO GUMERCINDO CABRAL,Terra Nova,0,0,2023,0.0,0.03483913838863373,-0.03483913838863373,urbana
26038935,ESCOLA DE REFERENCIA EM ENSINO MEDIO MONSENHOR JOAO PIRES,Belém do São Francisco,0,0,2023,4.1,0.3159981369972229,3.7840018630027767,urbana
26039702,ESCOLA DE REFERENCIA EM ENSINO MEDIO TERCINA RORIZ,Belém do São Francisco,0,0,2023,0.0,0.0013926494866609573,-0.0013926494866609573,urbana
26039770,ESCOLA DE REFERENCIA EM ENSINO FUNDAMENTAL E ENSINO MEDIO DOUTOR ALIPIO LUSTOSA,Belém do São Francisco,0,0,2023,2.0,1.0879253149032593,0.9120746850967407,urbana
26040220,ESCOLA CELESTINO NUNES,Belém do São Francisco,1,0,2023,0.0,1.0691587924957275,-1.0691587924957275,rural
26040280,ESCOLA DE REFERENCIA EM ENSINO MEDIO PROFESSOR AURELIANO GONCALVES DOS SANTOS,Carnaubeira da Penha,0,0,2023,0.0,0.04771016165614128,-0.04771016165614128,urbana
26040310,ESCOLA BOM JESUS DOS AFLITOS,Carnaubeira da Penha,1,1,2023,0.0,1.8596758842468262,-1.8596758842468262,diferenciada
26040387,ESCOLA JOAO LIMA,Carnaubeira da Penha,1,1,2023,6.5,4.462040424346924,2.037959575653076,diferenciada
26040468,ESCOLA OLHO DAGUA DO PADRE,Carnaubeira da Penha,1,1,2023,18.2,4.947610855102539,13.25238914489746,diferenciada
26040522,ESCOLA SAGRADA FAMILIA,Carnaubeira da Penha,1,1,2023,16.7,13.851858139038086,2.8481418609619134,diferenciada
26040530,ESCOLA ESTADUAL INDIGENA TIA AMELIA CAXIADO,Carnaubeira da Penha,1,1,2023,0.0,6.4111714363098145,-6.4111714363098145,diferenciada
26040581,ESCOLA GOV ESTACIO COIMBRA,Carnaubeira da Penha,1,1,2023,2.4,14.154016494750977,-11.754016494750976,diferenciada
26040646,ESCOLA EMILIANO QUIRINO DE SA,Carnaubeira da Penha,1,1,2023,0.0,2.697704553604126,-2.697704553604126,diferenciada
26040824,ESCOLA ESTADUAL INDIGENA ESPECIOSA BENIGNA DE BARROS,Carnaubeira da Penha,1,1,2023,4.4,3.7180519104003906,0.6819480895996097,diferenciada
26040948,ESCOLA DE REFERENCIA EM ENSINO MEDIO CAPITAO NESTOR VALGUEIRO DE CARVALHO,Floresta,0,0,2023,4.7,0.011753802187740803,4.688246197812259,urbana
26040956,ESCOLA TECNICA ESTADUAL DEPUTADO AFONSO FERRAZ,Floresta,0,0,2023,1.7,0.013810750097036362,1.6861892499029636,urbana
26040972,ESCOLA JULIO DE MELLO,Floresta,0,0,2023,0.0,0.0532519705593586,-0.0532519705593586,urbana
26041200,ESCOLA DE REFERENCIA EM ENSINO FUNDAMENTAL E MEDIO TRES MARIAS,Floresta,0,0,2023,3.9,1.0477252006530762,2.8522747993469237,urbana
26041529,ESCOLA MENINO JESUS,Floresta,1,1,2023,12.7,5.001704216003418,7.698295783996581,diferenciada
26041910,ESCOLA DE REFERENCIA EM ENSINO MEDIO PROFESSORA MARIA DE MENEZES GUIMARAES,Itacuruba,0,0,2023,0.0,0.02699558064341545,-0.02699558064341545,urbana
26042037,ESCOLA DE REFERENCIA EM ENSINO MEDIO DE JATOBA,Petrolândia,0,0,2023,0.0,0.017674250528216362,-0.017674250528216362,urbana
26042045,ESCOLA DE REFERENCIA EM ENSINO MEDIO DELMIRO GOUVEIA-PETROLANDIA,Petrolândia,0,0,2023,0.0,0.0651300698518753,-0.0651300698518753,urbana
26042053,ESCOLA DE REFERENCIA EM ENSINO MEDIO DE ITAPARICA,Jatobá,0,0,2023,0.4,0.05585848540067673,0.3441415145993233,urbana
26042070,ESCOLA DE REFERENCIA EM ENSINO MEDIO MARIA CAVALCANTI NUNES,Petrolândia,0,0,2023,0.2,0.002589346142485738,0.19741065385751427,urbana
26042096,ESCOLA ESTADUAL INDIGENA JOSE LUCIANO,Jatobá,1,1,2023,0.0,13.993263244628906,-13.993263244628906,diferenciada
26042169,ESCOLA LOGRADOURO,Petrolândia,1,1,2023,11.5,7.16312837600708,4.33687162399292,diferenciada
26042312,ESCOLA DE REFERENCIA EM ENSINO FUNDAMENTAL E MEDIO SAO FRANCISCO,Petrolândia,1,0,2023,0.0,0.024016248062253,-0.024016248062253,rural
26042479,ESCOLA PANKARARUS,Jatobá,1,1,2023,5.1,12.940423965454102,-7.840423965454102,diferenciada
26042525,ESCOLA NOSSA SENHORA APARECIDA - JATOBA,Jatobá,0,0,2023,0.0,0.048245061188936234,-0.048245061188936234,urbana
26042711,ESCOLA DO ESPINHEIRO,Tacaratu,1,1,2023,0.0,16.5684757232666,-16.5684757232666,diferenciada
26043009,ESCOLA ESTADUAL INDIGENA SANTA CLARA,Tacaratu,1,1,2023,1.7,22.59913444519043,-20.89913444519043,diferenciada
26043076,ESCOLA PANKARARUS EZEQUIEL,Tacaratu,1,1,2023,14.8,10.053343772888184,4.746656227111817,diferenciada
26043130,ESCOLA DE REFERENCIA EM ENSINO FUNDAMENTAL SERGIO MAGALHAES,Tacaratu,0,0,2023,4.5,0.9490959644317627,3.5509040355682373,urbana
26043335,ESCOLA DE REFERENCIA EM ENSINO MEDIO JOAO BATISTA DE VASCONCELOS - TACARATU,Tacaratu,0,0,2023,0.0,0.002975652925670147,-0.002975652925670147,urbana
26043408,ESCOLA PRINCESA ISABEL,Tacaratu,1,1,2023,12.3,14.308362007141113,-2.0083620071411126,diferenciada
26043505,ESCOLA DE REFERENCIA EM ENSINO MEDIO JULIA GOMES DE ARAUJO,Tacaratu,1,0,2023,0.4,0.16135989129543304,0.23864010870456698,rural
26044404,ESCOLA ESTADUAL INDIGENA BILINGUE ANTONIO JOSE MOREIRA,Águas Belas,0,1,2023,0.0,10.76125717163086,-10.76125717163086,diferenciada
26044412,ESCOLA JOAO RODRIGUES CARDOSO,Águas Belas,0,0,2023,1.2,0.5070178508758545,0.6929821491241455,urbana
26044447,ESCOLA ESTADUAL INDIGENA FULNI-O MARECHAL RONDON,Águas Belas,1,1,2023,0.0,15.024551391601562,-15.024551391601562,diferenciada
26044862,ESCOLA DE REFERENCIA EM ENSINO MEDIO CORONEL NICOLAU SIQUEIRA,Águas Belas,0,0,2023,0.0,0.05309237912297249,-0.05309237912297249,urbana
26045656,ESCOLA DE REFERENCIA EM ENSINO MEDIO SAO FELIX DE CANTALICE,Buíque,0,0,2023,0.0,0.05311642214655876,-0.05311642214655876,urbana
26045745,ESCOLA DE REFERENCIA EM ENSINO MEDIO DUQUE DE CAXIAS,Buíque,0,0,2023,0.0,0.043863944709300995,-0.043863944709300995,urbana
26045753,ESCOLA ESTADUAL INDIGENA KAPINAWA,Buíque,1,1,2023,0.0,1.5157110691070557,-1.5157110691070557,diferenciada
26046040,ESCOLA DE REFERENCIA EM ENSINO FUNDAMENTAL E MEDIO VIGARIO JOAO INACIO,Buíque,0,0,2023,0.0,0.04340587556362152,-0.04340587556362152,urbana
26046210,ESCOLA ESTADUAL INDIGENA BARAO DO RIO BRANCO,Buíque,1,1,2023,7.8,8.92522144317627,-1.1252214431762697,diferenciada
26047187,ESCOLA DE REFERENCIA EM ENSINO MEDIO PEDRO DE ALCANTARA RAMOS,Itaíba,0,0,2023,0.3,0.47197896242141724,-0.17197896242141725,urbana
26047365,ESCOLA FREI JOAO PEREIRA DE SOUZA,Itaíba,1,0,2023,6.2,0.02674371935427189,6.173256280645728,rural
26047837,ESCOLA DE REFERENCIA EM ENSINO MEDIO PROFESSOR BRASILIANO DONINO DA COSTA LIMA,Pedra,0,0,2023,0.0,0.04685346409678459,-0.04685346409678459,urbana
26048078,ESCOLA AMALIA CAVALCANTI DA COSTA LIMA,Pedra,0,0,2023,0.9,0.12590891122817993,0.7740910887718201,urbana
26048337,ESCOLA DE REFERENCIA EM ENSINO MEDIO JOSE EMILIO DE MELO,Tupanatinga,0,0,2023,0.0,0.04736659303307533,-0.04736659303307533,urbana
26049406,ESCOLA DE REFERENCIA EM ENSINO MEDIO QUITERIA WANDERLEY SIMOES,Venturosa,0,0,2023,0.0,0.03504364937543869,-0.03504364937543869,urbana
26049422,ESCOLA CONEGO EMANUEL VASCONCELOS,Venturosa,0,0,2023,5.7,0.7919892072677612,4.908010792732239,urbana
26049562,ESCOLA DE REFERENCIA EM ENSINO MEDIO GONCALO ANTUNES BEZERRA,Alagoinha,0,0,2023,0.2,0.13921307027339935,0.06078692972660066,urbana
26050048,ESCOLA DE REFERENCIA EM ENSINO MEDIO BENTO AMERICO,Belo Jardim,0,0,2023,7.7,0.057133641093969345,7.642866358906031,urbana
26050064,ESCOLA FREI CASSIANO COMACCHIO,Belo Jardim,0,0,2023,6.0,5.700245380401611,0.29975461959838867,urbana
26050102,ESCOLA DE REFERENCIA EM ENSINO MEDIO JOAO MONTEIRO DE MELO,Belo Jardim,0,0,2023,0.0,0.04142636060714722,-0.04142636060714722,urbana
26050137,ESCOLA MINISTRO MARCOS DE BARROS FREIRE,Belo Jardim,0,0,2023,0.0,0.3263739049434662,-0.3263739049434662,urbana
26050200,ESCOLA DE REFERENCIA EM ENSINO MEDIO PROFESSORA MARIA GALVAO,Belo Jardim,0,0,2023,1.5,0.2534838914871216,1.2465161085128784,urbana
26051176,ESCOLA DE REFERENCIA EM ENSINO FUNDAMENTAL E ENSINO MEDIO EURICO QUEIROZ,Bezerros,0,0,2023,0.0,1.128537654876709,-1.128537654876709,urbana
26051737,ESCOLA DE REFERENCIA EM ENSINO MEDIO PROFESSORA MARIA ANA,Bezerros,0,0,2023,0.0,0.6219446063041687,-0.6219446063041687,urbana
26051761,ESCOLA DE REFERENCIA EM ENSINO MEDIO CONEGO ALEXANDRE CAVALCANTI,Bezerros,0,0,2023,0.0,0.9938247203826904,-0.9938247203826904,urbana
26052083,ESCOLA DE REFERENCIA EM ENSINO MEDIO ANDRE CORDEIRO,Brejo da Madre de Deus,0,0,2023,0.0,1.0220285654067993,-1.0220285654067993,urbana
26052776,ESCOLA DE REFERENCIA EM ENSINO MEDIO CORSINA BRAGA,Cachoeirinha,0,0,2023,2.2,0.6035876870155334,1.5964123129844667,urbana
26052792,ESCOLA DE REFERENCIA EM ENSINO FUNDAMENTAL E MEDIO PRESIDENTE KENNEDY,Cachoeirinha,0,0,2023,0.7,0.1912061870098114,0.5087938129901886,urbana
26053608,ESCOLA DE REFERENCIA EM ENSINO MEDIO NOSSA SENHORA DO PERPETUO SOCORRO,Capoeiras,0,0,2023,0.0,0.04255085065960884,-0.04255085065960884,urbana
26053845,ESCOLA TECNICA ESTADUAL DE CARUARU NELSON BARBALHO,Caruaru,0,0,2023,0.0,0.01916181668639183,-0.01916181668639183,urbana
26053853,ESCOLA DE REFERENCIA EM ENSINO MEDIO NICANOR SOUTO MAIOR,Caruaru,0,0,2023,2.0,0.028269298374652863,1.9717307016253471,urbana
26054019,ESCOLA DE REFERENCIA EM ENSINO FUNDAMENTAL E MEDIO ANTONIA CAVALCANTI DE ALBUQUERQUE,Caruaru,0,0,2023,0.0,0.28194981813430786,-0.28194981813430786,urbana
26054027,ESCOLA DE REFERENCIA EM ENSINO MEDIO ARNALDO ASSUNCAO,Caruaru,0,0,2023,0.0,0.004222552292048931,-0.004222552292048931,urbana
26054043,ESCOLA DE REFERENCIA EM ENSINO MEDIO DOM MIGUEL DE LIMA VALVERDE,Caruaru,0,0,2023,1.1,0.004841330461204052,1.095158669538796,urbana
26054060,ESCOLA DOM VITAL - CARUARU,Caruaru,0,0,2023,0.0,0.015463379211723804,-0.015463379211723804,urbana
26054094,ESCOLA DE REFERENCIA EM ENSINO MEDIO FELISBERTO CARVALHO,Caruaru,0,0,2023,4.4,0.04219743236899376,4.357802567631007,urbana
26054140,ESCOLA DE REFERENCIA EM ENSINO MEDIO MARIA AUXILIADORA LIBERATO,Caruaru,0,0,2023,0.5,0.009855469688773155,0.49014453031122684,urbana
26054809,ESCOLA DE REFERENCIA EM ENSINO MEDIO PADRE ZACARIAS TAVARES,Caruaru,0,0,2023,0.2,0.0037406785413622856,0.19625932145863773,urbana
26054825,ESCOLA PROFESSORA JESUINA PEREIRA REGO,Caruaru,0,0,2023,5.9,0.2970500886440277,5.602949911355973,urbana
26054850,ESCOLA DE REFERENCIA EM ENSINO MEDIO PROFESSOR MARIO SETTE,Caruaru,0,0,2023,6.7,0.2575957477092743,6.442404252290726,urbana
26054876,ESCOLA DE REFERENCIA EM ENSINO MEDIO PROFESSOR VICENTE MONTEIRO,Caruaru,0,0,2023,0.0,0.20882746577262878,-0.20882746577262878,urbana
26054884,ESCOLA DE REFERENCIA EM ENSINO MEDIO PROFESSORA ADELIA LEAL FERREIRA,Caruaru,0,0,2023,1.1,0.006951599381864071,1.093048400618136,urbana
26054914,ESCOLA DE REFERENCIA EM ENSINO MEDIO PROFESSORA ELISETE LOPES DE LIMA PIRES,Caruaru,0,0,2023,0.0,0.017823470756411552,-0.017823470756411552,urbana
26054949,ESCOLA DE REFERENCIA EM ENSINO FUNDAMENTAL PROFESSORA ROSILDA MACIEL VIEIRA,Caruaru,0,0,2023,0.0,1.5340431928634644,-1.5340431928634644,urbana
26054965,ESCOLA PROFESSOR JOSE BIONE DE ARAUJO,Caruaru,0,0,2023,0.4,0.7189772129058838,-0.31897721290588377,urbana
26055040,ESCOLA SANTO AMARO,Caruaru,0,0,2023,8.5,1.0505672693252563,7.449432730674744,urbana
26055082,ESCOLA DE REFERENCIA EM ENSINO MEDIO PROFESSOR LISBOA,Caruaru,0,0,2023,3.5,0.010094529017806053,3.489905470982194,urbana
26055210,ESCOLA JOSE CARLOS FLORENCIO,Caruaru,0,0,2023,0.5,0.25343799591064453,0.24656200408935547,urbana
26055473,ESCOLA PAULINA MONTEIRO,Caruaru,0,0,2023,8.6,4.026952266693115,4.573047733306884,urbana
26056550,ESCOLA AARAO LINS DE ANDRADE,Gravatá,0,0,2023,0.0,0.46168166399002075,-0.46168166399002075,urbana
26056577,ESCOLA DE REFERENCIA EM ENSINO MEDIO PROFESSOR ANTONIO FARIAS,Gravatá,0,0,2023,0.6,0.0046123904176056385,0.5953876095823943,urbana
26056623,ESCOLA DE REFERENCIA EM ENSINO MEDIO CLETO CAMPELO,Gravatá,0,0,2023,0.4,0.013633623719215393,0.38636637628078463,urbana
26056658,ESCOLA DE REFERENCIA EM ENSINO MEDIO DEVALDO BORGES,Gravatá,0,0,2023,0.2,0.011455145664513111,0.1885448543354869,urbana
26057743,ESCOLA DE REFERENCIA EM ENSINO MEDIO JOSE LOPES DE SIQUEIRA,Jataúba,0,0,2023,0.2,0.058267902582883835,0.14173209741711618,urbana
26058430,ESCOLA DE REFERENCIA EM ENSINO MEDIO JOSE DE ALMEIDA MACIEL,Pesqueira,0,0,2023,0.0,0.004222552292048931,-0.004222552292048931,urbana
26058758,ESCOLA ESTADUAL INDIGENA SANTA RITA,Pesqueira,1,1,2023,3.0,15.093732833862305,-12.093732833862305,diferenciada
26058812,ESCOLA PROFESSOR ARRUDA MARINHO,Pesqueira,0,0,2023,0.0,0.05542492866516113,-0.05542492866516113,urbana
26058952,ESCOLA ELIZEU ARAUJO,Pesqueira,0,0,2023,0.0,0.6981999278068542,-0.6981999278068542,urbana
26058960,ESCOLA DE REFERENCIA EM ENSINO MEDIO CRISTO REI,Pesqueira,0,0,2023,0.5,0.029253356158733368,0.47074664384126663,urbana
26059088,ESCOLA DE REFERENCIA EM ENSINO MEDIO PROFESSORA MARGARIDA DE LIMA FALCAO,Pesqueira,0,0,2023,0.0,0.004712147172540426,-0.004712147172540426,urbana
26059150,ESCOLA ESTADUAL INDIGENA INTERMEDIARIA MONSENHOR OLIMPIO TORRES,Pesqueira,1,1,2023,0.5,14.686849594116211,-14.186849594116211,diferenciada
26059789,ESCOLA DE REFERENCIA EM ENSINO MEDIO COMENDADOR MANOEL CAETANO DE BRITO,Poção,0,0,2023,0.3,0.042747676372528076,0.2572523236274719,urbana
26060124,ESCOLA DE REFERENCIA EM ENSINO MEDIO MANOEL BACELAR,Riacho das Almas,0,0,2023,0.0,0.043620843440294266,-0.043620843440294266,urbana
26061023,ESCOLA DE REFERENCIA EM ENSINO MEDIO NOSSA SENHORA DE FATIMA,Sanharó,0,0,2023,0.6,0.0037406785413622856,0.5962593214586377,urbana
26061112,ESCOLA DE REFERENCIA EM ENSINO FUNDAMENTAL DOUTOR BENJAMIN CARACIOLO,Sanharó,0,0,2023,0.0,0.06924042850732803,-0.06924042850732803,urbana
26061643,ESCOLA DE REFERENCIA EM ENSINO MEDIO RODOLFO PAIVA,São Bento do Una,0,0,2023,0.0,0.029525958001613617,-0.029525958001613617,urbana
26061724,ESCOLA ELPIDIO BARBOSA MACIEL,São Bento do Una,0,0,2023,0.0,0.26438960433006287,-0.26438960433006287,urbana
26062410,ESCOLA DE REFERENCIA EM ENSINO MEDIO AGAMENON MAGALHAES,São Caitano,0,0,2023,1.2,0.021712109446525574,1.1782878905534744,urbana
26062585,ESCOLA DE REFERENCIA EM ENSINO MEDIO PIO XII,São Caitano,0,0,2023,4.8,0.0647672489285469,4.735232751071453,urbana
26062836,ESCOLA DE REFERENCIA EM ENSINO FUNDAMENTAL E MEDIO JOAQUIM RIBEIRO DA ROCHA,São Caitano,0,0,2023,5.8,0.25654008984565735,5.5434599101543425,urbana
26063280,ESCOLA FRANCISCO DE ASSIS BARROS,Tacaimbó,0,0,2023,0.0,0.06186143308877945,-0.06186143308877945,urbana
26063310,ESCOLA DE REFERENCIA EM ENSINO MEDIO JOSE LEITE BARROS,Tacaimbó,0,0,2023,0.0,0.04648243263363838,-0.04648243263363838,urbana
26063522,ESCOLA TEOFILO SEVERINO DE ARRUDA,Frei Miguelinho,1,0,2023,0.0,0.0453648678958416,-0.0453648678958416,rural
26063530,ESCOLA DE REFERENCIA EM ENSINO MEDIO SAO JOSE,Frei Miguelinho,0,0,2023,0.0,0.052096977829933167,-0.052096977829933167,urbana
26063891,ESCOLA DE REFERENCIA EM ENSINO MEDIO JOSE FRANCELINO ARAGAO,Santa Cruz do Capibaribe,0,0,2023,0.0,0.014393276534974575,-0.014393276534974575,urbana
26063905,ESCOLA DE REFERENCIA EM ENSINO MEDIO LUIZ ALVES DA SILVA,Santa Cruz do Capibaribe,0,0,2023,0.0,0.1542222648859024,-0.1542222648859024,urbana
26063999,ESCOLA DE REFERENCIA EM ENSINO MEDIO PADRE ZUZINHA,Santa Cruz do Capibaribe,0,0,2023,0.0,0.008806000463664532,-0.008806000463664532,urbana
26064006,ESCOLA PROFESSORA MARIA LUCIA ALVES,Santa Cruz do Capibaribe,0,0,2023,14.0,0.6590099334716797,13.34099006652832,urbana
26064030,ESCOLA DE REFERENCIA EM ENSINO FUNDAMENTAL MALAQUIAS CARDOSO ARAGAO,Santa Cruz do Capibaribe,0,0,2023,0.0,0.005686893127858639,-0.005686893127858639,urbana
26064294,ESCOLA DE REFERENCIA EM ENSINO MEDIO JOAO DAVID DE SOUZA,Santa Maria do Cambucá,0,0,2023,0.0,0.04477423429489136,-0.04477423429489136,urbana
26064618,ESCOLA DE REFERENCIA EM ENSINO MEDIO NATALICIA MARIA FIGUEIROA DA SILVA,Surubim,0,0,2023,0.0,0.149234339594841,-0.149234339594841,urbana
26064626,ESCOLA DE REFERENCIA EM ENSINO MEDIO SEVERINO FARIAS,Surubim,0,0,2023,0.0,0.031241538003087044,-0.031241538003087044,urbana
26065401,ESCOLA DE REFERENCIA EM ENSINO MEDIO ANA FAUSTINA,Surubim,0,0,2023,0.0,0.09864025563001633,-0.09864025563001633,urbana
26065568,ESCOLA DE REFERENCIA EM ENSINO MEDIO JOAO XXIII,Casinhas,0,0,2023,0.0,0.05706639215350151,-0.05706639215350151,urbana
26065592,ESCOLA DE REFERENCIA EM ENSINO MEDIO SEVERINO CORDEIRO DE ARRUDA,Taquaritinga do Norte,0,0,2023,0.0,0.01953328400850296,-0.01953328400850296,urbana
26065606,ESCOLA JOSE BEZERRA DE ANDRADE,Taquaritinga do Norte,0,0,2023,3.5,0.8765780925750732,2.6234219074249268,urbana
26066181,ESCOLA ESTELITA TIMOTEO,Toritama,0,0,2023,0.0,0.064487986266613,-0.064487986266613,urbana
26066220,ESCOLA DE REFERENCIA EM ENSINO MEDIO PROTAZIO SOARES DE SOUZA,Toritama,0,0,2023,0.0,0.0448288731276989,-0.0448288731276989,urbana
26066572,ESCOLA DE REFERENCIA EM ENSINO MEDIO GIL RODRIGUES,Vertentes,0,0,2023,0.0,0.00899113155901432,-0.00899113155901432,urbana
26067137,ESCOLA DE REFERENCIA EM ENSINO MEDIO DOUTOR MOTA SILVEIRA,Bom Jardim,0,0,2023,0.0,0.01953328400850296,-0.01953328400850296,urbana
26067382,ESCOLA DE REFERENCIA EM ENSINO MEDIO JUSTULINO FERREIRA GOMES,Bom Jardim,1,0,2023,0.0,0.038110751658678055,-0.038110751658678055,rural
26067552,ESCOLA DE REFERENCIA EM ENSINO MEDIO RAIMUNDO HONORIO,Bom Jardim,0,0,2023,0.0,0.05767638981342316,-0.05767638981342316,urbana
26067803,ESCOLA DE REFERENCIA EM ENSINO MEDIO MANOEL GONCALVES DE LIMA,Cumaru,0,0,2023,0.4,0.08071346580982208,0.31928653419017794,urbana
26068427,ESCOLA DE REFERENCIA EM ENSINO MEDIO PROFESSORA MARILENE CHAVES DE SANTANA,Feira Nova,0,0,2023,0.0,0.02160734310746193,-0.02160734310746193,urbana
26068508,ESCOLA DE REFERENCIA EM ENSINO MEDIO ANTONIO INACIO,Feira Nova,0,0,2023,0.0,0.03211604431271553,-0.03211604431271553,urbana
26068729,ESCOLA DE REFERENCIA EM ENSINO MEDIO JARINA MAIA,João Alfredo,0,0,2023,0.0,0.048377178609371185,-0.048377178609371185,urbana
26068877,ESCOLA DE REFERENCIA EM ENSINO MEDIO NOSSA SENHORA AUXILIADORA,João Alfredo,0,0,2023,0.0,0.23317588865756989,-0.23317588865756989,urbana
26069210,ESCOLA DE REFERENCIA EM ENSINO MEDIO PROFESSORA JANDIRA DE ANDRADE LIMA,Limoeiro,0,0,2023,0.0,0.03363896161317825,-0.03363896161317825,urbana
26069288,ESCOLA DE REFERENCIA EM ENSINO MEDIO AUSTRO COSTA,Limoeiro,0,0,2023,0.0,0.041089996695518494,-0.041089996695518494,urbana
26069318,ESCOLA DE REFERENCIA EM ENSINO MEDIO DOUTOR SEBASTIAO DE VASCONCELOS GALVAO,Limoeiro,0,0,2023,0.0,0.011325898580253124,-0.011325898580253124,urbana
26069555,ESCOLA SERAFICO RICARDO,Limoeiro,0,0,2023,1.6,2.476550579071045,-0.8765505790710448,urbana
26069652,ESCOLA DE REFERENCIA EM ENSINO FUNDAMENTAL GINASIO ARTHUR CORREIA DE OLIVEIRA,Limoeiro,0,0,2023,0.0,0.004111291375011206,-0.004111291375011206,urbana
26070090,ESCOLA DE REFERENCIA EM ENSINO MEDIO SEVERINO DE ANDRADE GUERRA,Machados,0,0,2023,0.0,0.03602582588791847,-0.03602582588791847,urbana
26070260,ESCOLA DE REFERENCIA EM ENSINO MEDIO ABILIO DE SOUZA BARBOSA,Orobó,0,0,2023,0.0,0.01953328400850296,-0.01953328400850296,urbana
26070456,ESCOLA DE REFERENCIA EM ENSINO MEDIO PROFESSORA RITA MARIA DA CONCEICAO,Orobó,0,0,2023,0.0,0.030661946162581444,-0.030661946162581444,urbana
26070618,ESCOLA DE REFERENCIA EM ENSINO MEDIO PROFESSOR ANTONIO PEDRO DE AGUIAR,Orobó,1,0,2023,0.0,0.03617362678050995,-0.03617362678050995,rural
26070782,ESCOLA DE REFERENCIA EM ENSINO MEDIO CONEGO FERNANDO PASSOS,Passira,0,0,2023,0.3,0.04352635517716408,0.2564736448228359,urbana
26070880,ESCOLA DE REFERENCIA EM ENSINO MEDIO MANOEL GUILHERME DA SILVA,Passira,0,0,2023,0.5,0.03172094747424126,0.46827905252575874,urbana
26071606,ESCOLA DE REFERENCIA EM ENSINO MEDIO CORONEL JOAO FRANCISCO,São Vicente Férrer,0,0,2023,0.6,0.054317034780979156,0.5456829652190208,urbana
26071673,ESCOLA PROFESSOR JOAO BARBOSA DE ALMEIDA,São Vicente Férrer,0,0,2023,0.0,0.10914729535579681,-0.10914729535579681,urbana
26071924,ESCOLA DE REFERENCIA EM ENSINO MEDIO AZARIAS SALGADO,Angelim,0,0,2023,0.0,0.15897658467292786,-0.15897658467292786,urbana
26072149,ESCOLA DE REFERENCIA EM ENSINO MEDIO CORONEL JOSE ABILIO,Bom Conselho,0,0,2023,1.0,0.044048916548490524,0.9559510834515095,urbana
26072254,ESCOLA DE REFERENCIA EM ENSINO MEDIO FREI CAETANO DE MESSINA,Bom Conselho,0,0,2023,0.0,0.056541115045547485,-0.056541115045547485,urbana
26073102,ESCOLA DE REFERENCIA EM ENSINO MEDIO PROFESSORA ISMENIA LEMOS WANDERLEY,Brejão,0,0,2023,4.3,0.5991471409797668,3.700852859020233,urbana
26073498,ESCOLA DE REFERENCIA EM ENSINO MEDIO LUIZ PEREIRA JUNIOR,Caetés,0,0,2023,0.3,0.07136675715446472,0.22863324284553527,urbana
26074079,ESCOLA DE REFERENCIA EM ENSINO MEDIO AUGUSTA CORDEIRO DE MELO,Calçado,0,0,2023,3.3,0.7132568955421448,2.586743104457855,urbana
26074311,ESCOLA DE REFERENCIA EM ENSINO MEDIO JERONIMO GUEIROS,Canhotinho,0,0,2023,5.8,0.20719294250011444,5.592807057499885,urbana
26074362,ESCOLA PE ANTONIO CALLOU DE ALENCAR,Canhotinho,0,0,2023,0.0,0.03747142106294632,-0.03747142106294632,urbana
26074907,ESCOLA DE REFERENCIA EM ENSINO MEDIO AUGUSTO LUCIO DA SILVA,Correntes,0,0,2023,0.0,0.0303080752491951,-0.0303080752491951,urbana
26074923,ESCOLA PROFESSORA CLARICE GODOY,Correntes,0,0,2023,0.0,0.4817192256450653,-0.4817192256450653,urbana
26075385,ESCOLA DE REFERENCIA EM ENSINO MEDIO FRANCISCO MADEIROS,Garanhuns,0,0,2023,1.7,1.3330342769622803,0.3669657230377197,urbana
26075687,ESCOLA DE REFERENCIA EM ENSINO MEDIO DOM JOAO DA MATA AMARAL,Garanhuns,0,0,2023,0.4,0.4956309199333191,-0.09563091993331907,urbana
26075733,ESCOLA DUQUE DE CAXIAS,Garanhuns,0,0,2023,0.5,0.014929207041859627,0.4850707929581404,urbana
26075768,ESCOLA DE REFERENCIA EM ENSINO MEDIO HENRIQUE DIAS,Garanhuns,0,0,2023,0.0,0.018548445776104927,-0.018548445776104927,urbana
26075903,ESCOLA DE REFERENCIA EM ENSINO MEDIO PROFESSOR JERONIMO GUEIROS,Garanhuns,0,0,2023,0.0,0.004222552292048931,-0.004222552292048931,urbana
26075911,ESCOLA PROFESSORA ELISA COELHO,Garanhuns,0,0,2023,0.0,0.012935490347445011,-0.012935490347445011,urbana
26075920,ESCOLA PROFESSORA ELVIRA VIANA,Garanhuns,0,0,2023,0.0,0.009358062408864498,-0.009358062408864498,urbana
26075970,ESCOLA DE REFERENCIA EM ENSINO FUNDAMENTAL SAO CRISTOVAO,Garanhuns,0,0,2023,0.0,0.01196374837309122,-0.01196374837309122,urbana
26075997,ESCOLA SENADOR ADERBAL JUREMA - GARANHUNS,Garanhuns,0,0,2023,0.0,0.017753595486283302,-0.017753595486283302,urbana
26076047,ESCOLA SIMOA GOMES,Garanhuns,0,0,2023,0.8,0.016135962679982185,0.7838640373200179,urbana
26076250,ESCOLA DE REFERENCIA EM ENSINO MEDIO VIRGEM DO SOCORRO,Garanhuns,0,0,2023,0.0,0.02980855107307434,-0.02980855107307434,urbana
26076357,ESCOLA INSTITUTO PRESBITERIANO DE HELIOPOLIS,Garanhuns,0,0,2023,0.0,0.02093435637652874,-0.02093435637652874,urbana
26076780,ESCOLA DE REFERENCIA EM ENSINO MEDIO FRANCISCO PEREIRA DA COSTA,Iati,0,0,2023,0.0,0.05276177451014519,-0.05276177451014519,urbana
26077825,ESCOLA DE REFERENCIA EM ENSINO MEDIO SEBASTIAO TIAGO DE OLIVEIRA,Jupi,0,0,2023,0.0,0.030092386528849602,-0.030092386528849602,urbana
26078562,ESCOLA DE REFERENCIA EM ENSINO MEDIO ABILIO MONTEIRO,Lagoa do Ouro,0,0,2023,0.0,0.04597155377268791,-0.04597155377268791,urbana
26078805,ESCOLA DE REFERENCIA EM ENSINO MEDIO DEOLINDA AMARAL,Lajedo,0,0,2023,0.0,0.08360527455806732,-0.08360527455806732,urbana
26078872,ESCOLA JORNALISTA MANUEL AMARAL,Lajedo,0,0,2023,1.4,0.31361669301986694,1.086383306980133,urbana
26079593,ESCOLA DE REFERENCIA EM ENSINO MEDIO REGINA PACIS - GARANHUNS,Palmeirina,0,0,2023,0.0,0.28744134306907654,-0.28744134306907654,urbana
26079739,ESCOLA DE REFERENCIA EM ENSINO MEDIO NARCISO CORREIA,Paranatama,0,0,2023,3.6,0.22212493419647217,3.377875065803528,urbana
26080516,ESCOLA DE REFERENCIA EM ENSINO MEDIO MONSENHOR JOAO MARQUES,Saloá,0,0,2023,0.0,0.04504396766424179,-0.04504396766424179,urbana
26081059,ESCOLA DE REFERENCIA EM ENSINO MEDIO JOAO FERNANDES DA SILVA,São João,0,0,2023,0.4,0.26471075415611267,0.13528924584388735,urbana
26081180,ESCOLA DE REFERENCIA EM ENSINO MEDIO MONSENHOR ALFREDO DAMASO,Terezinha,0,0,2023,0.0,0.03993320092558861,-0.03993320092558861,urbana
26081849,ESCOLA DE REFERENCIA EM ENSINO MEDIO PROFESSOR JOSE CONSTANTINO,Agrestina,0,0,2023,3.7,0.1670883595943451,3.532911640405655,urbana
26082020,ESCOLA DE REFERENCIA EM ENSINO MEDIO JOSE LINS DE FIGUEIREDO,Altinho,0,0,2023,0.0,1.020931601524353,-1.020931601524353,urbana
26082179,ESCOLA DE REFERENCIA EM ENSINO MEDIO PROFESSOR FRANCISCO JOAQUIM DE BARROS CORREIA,Altinho,0,0,2023,0.0,0.0439850278198719,-0.0439850278198719,urbana
26082861,ESCOLA DE REFERENCIA EM ENSINO MEDIO LEOBALDO SOARES DA SILVA,Barra de Guabiraba,0,0,2023,0.9,0.028445597738027573,0.8715544022619724,urbana
26083159,ESCOLA DE REFERENCIA EM ENSINO MEDIO DOUTOR ALEXANDRINO DA ROCHA,Bonito,0,0,2023,0.0,0.0325111523270607,-0.0325111523270607,urbana
26083493,ESCOLA PE JOSE AUGUSTO,Bonito,0,0,2023,0.5,0.32460495829582214,0.17539504170417786,urbana
26083639,ESCOLA DE REFERENCIA EM ENSINO MEDIO QUINTINO BOCAIUVA,Camocim de São Félix,0,0,2023,0.0,0.04182644933462143,-0.04182644933462143,urbana
26084040,ESCOLA DE REFERENCIA EM ENSINO MEDIO EZEQUIEL BERTINO,Cupira,0,0,2023,1.3,0.05611438676714897,1.243885613232851,urbana
26084201,ESCOLA DE REFERENCIA EM ENSINO MEDIO PROFESSORA MARIA DE LOURDES TEMPORAL,Cupira,0,0,2023,0.0,0.020839815959334373,-0.020839815959334373,urbana
26084317,ESCOLA DE REFERENCIA EM ENSINO MEDIO MANOEL MOREIRA DA COSTA,Ibirajuba,0,0,2023,0.0,0.04534544423222542,-0.04534544423222542,urbana
26084791,ESCOLA DE REFERENCIA EM ENSINO MEDIO PROFESSOR MANOEL EDMUNDO,Lagoa dos Gatos,0,0,2023,0.5,0.045039065182209015,0.454960934817791,urbana
26086077,ESCOLA DE REFERENCIA EM ENSINO MEDIO JOAO PESSOA SOUTO MAIOR,Sairé,0,0,2023,0.0,0.20462627708911896,-0.20462627708911896,urbana
26086638,ESCOLA DE REFERENCIA EM ENSINO MEDIO FREI EPIFANIO,São Joaquim do Monte,0,0,2023,0.2,0.2121511995792389,-0.01215119957923888,urbana
26086905,ESCOLA DE REFERENCIA EM ENSINO MEDIO JOAQUINA LIRA,Aliança,0,0,2023,0.0,0.03587082028388977,-0.03587082028388977,urbana
26087022,ESCOLA CEL LUIZ IGNACIO PESSOA DE MELO,Aliança,1,0,2023,0.0,0.1896931380033493,-0.1896931380033493,rural
26087030,ESCOLA DOM BOSCO,Aliança,0,0,2023,0.0,0.0883529931306839,-0.0883529931306839,urbana
26087375,ESCOLA DE REFERENCIA EM ENSINO MEDIO JAIME COELHO,Buenos Aires,0,0,2023,0.0,0.04691638797521591,-0.04691638797521591,urbana
26087715,ESCOLA DE REFERENCIA EM ENSINO MEDIO PEDRO TAVARES,Camutanga,0,0,2023,0.0,0.057416629046201706,-0.057416629046201706,urbana
26087880,ESCOLA DE REFERENCIA EM ENSINO FUNDAMENTAL E MEDIO DEPUTADO JOAO TEOBALDO DE AZEVEDO,Carpina,0,0,2023,0.0,0.40628957748413086,-0.40628957748413086,urbana
26087910,ESCOLA DE REFERENCIA EM ENSINO MEDIO JOAO CAVALCANTI PETRIBU,Carpina,0,0,2023,0.0,0.016963239759206772,-0.016963239759206772,urbana
26087928,ESCOLA DE REFERENCIA EM ENSINO MEDIO JOSE DE LIMA JUNIOR,Carpina,0,0,2023,0.3,0.023513510823249817,0.27648648917675017,urbana
26088134,ESCOLA SAO JOSE,Carpina,0,0,2023,0.0,0.20933686196804047,-0.20933686196804047,urbana
26088258,ESCOLA ALUISIO GERMANO,Carpina,0,0,2023,0.0,0.006317183841019869,-0.006317183841019869,urbana
26088282,ESCOLA DE REFERENCIA EM ENSINO MEDIO JOAQUIM OLAVO,Carpina,0,0,2023,0.0,0.0035086493007838726,-0.0035086493007838726,urbana
26088410,ESCOLA DE REFERENCIA EM ENSINO MEDIO ANTONIO CORREIA DE OLIVEIRA ANDRADE,Condado,0,0,2023,0.0,0.04751826077699661,-0.04751826077699661,urbana
26088533,ESCOLA JULIO CORREIA DE OLIVEIRA,Condado,0,0,2023,0.4,0.0704687312245369,0.3295312687754631,urbana
26088606,ESCOLA DE REFERENCIA EM ENSINO MEDIO EMILIANO PEREIRA BORGES,Ferreiros,0,0,2023,0.0,0.11483072489500046,-0.11483072489500046,urbana
26088851,ESCOLA DE REFERENCIA EM ENSINO MEDIO AUGUSTO GONDIM,Goiana,0,0,2023,0.0,0.015396913513541222,-0.015396913513541222,urbana
26088886,ESCOLA DE REFERENCIA EM ENSINO MEDIO DOUTOR JOAO ALFREDO,Goiana,0,0,2023,0.0,0.034523364156484604,-0.034523364156484604,urbana
26088894,ESCOLA DE REFERENCIA EM ENSINO MEDIO BENIGNO PESSOA DE ARAUJO,Goiana,0,0,2023,0.0,0.05179833993315697,-0.05179833993315697,urbana
26089238,ESCOLA CEL JOSE PINTO DE ABREU,Goiana,0,0,2023,0.0,0.007565635722130537,-0.007565635722130537,urbana
26089424,ESCOLA DE REFERENCIA EM ENSINO MEDIO FREI CAMPO MAYOR,Goiana,0,0,2023,0.0,0.033671677112579346,-0.033671677112579346,urbana
26089505,ESCOLA DE REFERENCIA EM ENSINO MEDIO FREI ORLANDO,Itambé,0,0,2023,2.8,0.018499402329325676,2.781500597670674,urbana
26089530,ESCOLA ARRUDA CAMARA,Itambé,0,0,2023,0.0,0.11407491564750671,-0.11407491564750671,urbana
26089947,ESCOLA SEVERINO GOUVEIA DE LIMA,Itaquitinga,0,0,2023,4.7,2.198094606399536,2.501905393600464,urbana
26090058,ESCOLA DE REFERENCIA EM ENSINO MEDIO DOUTOR FRANCISCO SIQUEIRA C DA CUNHA,Lagoa do Carro,0,0,2023,0.0,0.20999416708946228,-0.20999416708946228,urbana
26090309,ESCOLA DE REFERENCIA EM ENSINO MEDIO TRISTAO FERREIRA BESSA,Lagoa de Itaenga,0,0,2023,0.0,0.0582314170897007,-0.0582314170897007,urbana
26090406,ESCOLA DE REFERENCIA EM ENSINO MEDIO CREUSA DE FREITAS CAVALCANTI,Macaparana,0,0,2023,0.4,0.05901791527867317,0.34098208472132685,urbana
26090759,ESCOLA DE REFERENCIA EM ENSINO FUNDAMENTAL BRIGADEIRO EDUARDO GOMES,Macaparana,0,0,2023,0.0,0.17342853546142578,-0.17342853546142578,urbana
26090767,ESCOLA DE REFERENCIA EM ENSINO FUNDAMENTAL ANTONIO COUTINHO,Macaparana,0,0,2023,0.0,0.05251418799161911,-0.05251418799161911,urbana
26090864,ESCOLA DOM CARLOS COELHO - NAZARE,Nazaré da Mata,0,0,2023,0.3,0.034294597804546356,0.26570540219545363,urbana
26090902,ESCOLA DE REFERENCIA EM ENSINO MEDIO DON VIEIRA,Nazaré da Mata,0,0,2023,0.8,0.008148808032274246,0.7918511919677258,urbana
26090910,ESCOLA DE REFERENCIA EM ENSINO MEDIO MACIEL MONTEIRO,Nazaré da Mata,0,0,2023,0.0,0.030467014759778976,-0.030467014759778976,urbana
26090970,ESCOLA DE APLICACAO PROFESSOR CHAVES,Nazaré da Mata,0,0,2023,0.0,0.004465251229703426,-0.004465251229703426,urbana
26091259,ESCOLA DE REFERENCIA EM ENSINO MEDIO CONFEDERACAO DO EQUADOR,Paudalho,0,0,2023,0.0,0.4575527012348175,-0.4575527012348175,urbana
26091267,ESCOLA DE REFERENCIA EM ENSINO MEDIO HERCULANO BANDEIRA,Paudalho,0,0,2023,0.0,0.03394104540348053,-0.03394104540348053,urbana
26091291,ESCOLA DE REFERENCIA EM ENSINO MEDIO MONSENHOR LANDELINO BARRETO LINS,Paudalho,0,0,2023,0.0,0.017034299671649933,-0.017034299671649933,urbana
26091542,ESCOLA JOAO CAVALCANTI PETRIBU,Paudalho,0,0,2023,0.0,0.18809111416339874,-0.18809111416339874,urbana
26091720,ESCOLA DE REFERENCIA EM ENSINO MEDIO JORNALISTA JADER DE ANDRADE,Timbaúba,0,0,2023,0.0,0.028070250526070595,-0.028070250526070595,urbana
26091828,ESCOLA DE REFERENCIA EM ENSINO MEDIO PROFESSOR JOSE MENDES DA SILVA,Timbaúba,0,0,2023,9.4,0.7351621389389038,8.664837861061097,urbana
26091836,ESCOLA PROFESSORA ELISABETH LYRA,Timbaúba,0,0,2023,0.8,0.6959536075592041,0.10404639244079594,urbana
26092301,ESCOLA DE REFERENCIA EM ENSINO MEDIO DOUTOR WALFREDO LUIZ PESSOA DE MELO,Tracunhaém,0,0,2023,0.0,0.0347454734146595,-0.0347454734146595,urbana
26092492,ESCOLA DE REFERENCIA EM ENSINO MEDIO DOUTOR JOAQUIM CORREIA,Vicência,0,0,2023,0.0,0.06012272834777832,-0.06012272834777832,urbana
26092786,ESCOLA DE REFERENCIA EM ENSINO MEDIO PADRE GUEDES,Vicência,0,0,2023,0.0,0.04993782937526703,-0.04993782937526703,urbana
26093030,ESCOLA DE REFERENCIA EM ENSINO MEDIO PRESIDENTE COSTA E SILVA,Chã de Alegria,0,0,2023,0.0,0.05560416728258133,-0.05560416728258133,urbana
26093219,ESCOLA DE REFERENCIA EM ENSINO MEDIO JOAO BATISTA DE VASCONCELOS - CHA GRANDE,Chã Grande,0,0,2023,1.1,0.35210439562797546,0.7478956043720246,urbana
26093570,ESCOLA DE REFERENCIA EM ENSINO MEDIO PROFESSOR BARROS GUIMARAES,Glória do Goitá,0,0,2023,0.0,0.026192612946033478,-0.026192612946033478,urbana
26093600,ESCOLA PAROQUIAL DE MENORES,Glória do Goitá,0,0,2023,3.0,0.047244638204574585,2.9527553617954254,urbana
26093995,ESCOLA DE REFERENCIA EM ENSINO MEDIO CAPITAO MANOEL GOMES D ASSUNCAO,Pombos,0,0,2023,0.1,0.025752943009138107,0.0742470569908619,urbana
26094800,ESCOLA DE REFERENCIA EM ENSINO MEDIO ANTONIO DIAS CARDOSO,Vitória de Santo Antão,0,0,2023,0.0,0.16814477741718292,-0.16814477741718292,urbana
26094860,ESCOLA DE REFERENCIA EM ENSINO MEDIO GUIOMAR KRAUSE GONCALVES,Vitória de Santo Antão,0,0,2023,0.8,0.46651020646095276,0.3334897935390473,urbana
26094878,ESCOLA MADRE LUCILA MAGALHAES,Vitória de Santo Antão,0,0,2023,0.9,0.11531253159046173,0.7846874684095383,urbana
26095289,ESCOLA TECNICA ESTADUAL JOSE JOAQUIM DA SILVA FILHO,Vitória de Santo Antão,0,0,2023,0.0,0.0035086493007838726,-0.0035086493007838726,urbana
26095297,ESCOLA DE REFERENCIA EM ENSINO MEDIO PROFESSORA AMELIA COELHO,Vitória de Santo Antão,0,0,2023,2.3,0.10068009793758392,2.199319902062416,urbana
26095335,ESCOLA DE REFERENCIA EM ENSINO MEDIO SENADOR JOAO CLEOFAS DE OLIVEIRA,Vitória de Santo Antão,0,0,2023,0.0,0.14582854509353638,-0.14582854509353638,urbana
26095530,ESCOLA DE REFERENCIA EM ENSINO MEDIO PROFESSORA EUDOXIA DE ALCANTARA FERREIRA,Vitória de Santo Antão,0,0,2023,7.4,0.0534173808991909,7.3465826191008095,urbana
26095572,ESCOLA OLIVIA CARNEIRO DE CARVALHO,Vitória de Santo Antão,0,0,2023,6.0,0.7325192093849182,5.267480790615082,urbana
26096030,ESCOLA DE REFERENCIA EM ENSINO MEDIO JOAO VICENTE DE QUEIROZ,Água Preta,0,0,2023,0.0,0.03287914767861366,-0.03287914767861366,urbana
26096072,ESCOLA MIRANDOLINA PESSOA DE QUEIROZ,Xexéu,1,0,2023,0.0,0.03447059541940689,-0.03447059541940689,rural
26096358,ESCOLA DE REFERENCIA EM ENSINO MEDIO JOAO VICENTE DE QUEIROZ - USINA,Água Preta,1,0,2023,0.0,0.03939829394221306,-0.03939829394221306,rural
26097117,ESCOLA DE REFERENCIA EM ENSINO MEDIO ANTONIO ALVES DE ARAUJO,Amaraji,0,0,2023,0.0,0.01795981079339981,-0.01795981079339981,urbana
26097249,ESCOLA DE REFERENCIA EM ENSINO MEDIO DOM LUIZ DE BRITO,Amaraji,0,0,2023,0.0,0.03817318379878998,-0.03817318379878998,urbana
26097257,ESCOLA DE REFERENCIA EM ENSINO MEDIO DOUTOR ANTHENOR GUIMARAES,Barreiros,1,0,2023,0.0,0.0036187239456921816,-0.0036187239456921816,rural
26097354,ESCOLA DE REFERENCIA EM ENSINO FUNDAMENTAL E MEDIO CRISTIANO BARBOSA E SILVA,Barreiros,0,0,2023,0.0,0.17288334667682648,-0.17288334667682648,urbana
26097370,ESCOLA HELIO SANTIAGO RAMOS,Barreiros,0,0,2023,0.0,0.06902012974023819,-0.06902012974023819,urbana
26097591,ESCOLA DE REFERENCIA EM ENSINO MEDIO PROFESSOR JOAQUIM AUGUSTO DE NORONHA FILHO,Barreiros,0,0,2023,0.0,0.08005580306053162,-0.08005580306053162,urbana
26097710,ESCOLA TECNICA ESTADUAL CENTRAL DE BARREIROS,Barreiros,1,0,2023,0.0,0.048987749963998795,-0.048987749963998795,rural
26097982,ESCOLA DE REFERENCIA EM ENSINO MEDIO PRESIDENTE TANCREDO NEVES,Belém de Maria,0,0,2023,0.0,0.0430297926068306,-0.0430297926068306,urbana
26098210,ESCOLA DE REFERENCIA EM ENSINO MEDIO ATHAYDE ACCIOLY LINS,Catende,0,0,2023,0.0,1.1907694339752197,-1.1907694339752197,urbana
26098270,ESCOLA DE REFERENCIA EM ENSINO MEDIO COSTA AZEVEDO - CATENDE,Catende,0,0,2023,0.0,0.057320743799209595,-0.057320743799209595,urbana
26098415,ESCOLA DE REFERENCIA EM ENSINO FUNDAMENTAL E MEDIO SOFIA FEIJO SAMPAIO,Catende,1,0,2023,0.0,0.016535580158233643,-0.016535580158233643,rural
26098482,ESCOLA DE REFERENCIA EM ENSINO MEDIO MENDO SAMPAIO,Catende,0,0,2023,0.0,0.011587291955947876,-0.011587291955947876,urbana
26098504,ESCOLA DE REFERENCIA EM ENSINO FUNDAMENTAL E MEDIO TOBIAS BARRETO,Catende,1,0,2023,0.0,0.0698668360710144,-0.0698668360710144,rural
26098822,ESCOLA DE REFERENCIA EM ENSINO MEDIO PROFESSORA ABIGAIL GUERRA,Cortês,0,0,2023,0.0,0.044441159814596176,-0.044441159814596176,urbana
26098920,ESCOLA TECNICA ESTADUAL LUIZ DIAS LINS,Escada,0,0,2023,0.0,0.0042846412397921085,-0.0042846412397921085,urbana
26099322,ESCOLA DE REFERENCIA EM ENSINO MEDIO PROFESSOR ERALDO CAMPOS,Escada,0,0,2023,1.0,0.04544667899608612,0.9545533210039139,urbana
26099365,ESCOLA DOUTOR FERNANDO CAMPELO,Escada,0,0,2023,0.0,0.011667412705719471,-0.011667412705719471,urbana
26099489,ESCOLA DE REFERENCIA EM ENSINO MEDIO MONSENHOR JOAO RODRIGUES DE CARVALHO,Escada,0,0,2023,0.0,0.0035086493007838726,-0.0035086493007838726,urbana
26099497,ESCOLA DE REFERENCIA EM ENSINO MEDIO VIGARIO PEDROSA,Escada,0,0,2023,0.0,0.03898506611585617,-0.03898506611585617,urbana
26099853,ESCOLA DE REFERENCIA EM ENSINO MEDIO DOUTOR JAIME MONTEIRO,Gameleira,0,0,2023,0.0,0.097708560526371,-0.097708560526371,urbana
26100525,ESCOLA DE REFERENCIA EM ENSINO MEDIO GOVERNADOR EDUARDO CAMPOS,Joaquim Nabuco,0,0,2023,0.0,0.058815889060497284,-0.058815889060497284,urbana
26100614,ESCOLA DE REFERENCIA EM ENSINO MEDIO FABIO DA SILVEIRA BARROS,Maraial,0,0,2023,0.7,0.6775713562965393,0.02242864370346065,urbana
26100940,ESCOLA DE REFERENCIA EM ENSINO MEDIO MIGUEL PELLEGRINO,Jaqueira,0,0,2023,1.6,0.05694502219557762,1.5430549778044225,urbana
26101084,ESCOLA DE REFERENCIA EM ENSINO MEDIO MONSENHOR ABILIO AMERICO GALVAO,Palmares,0,0,2023,0.0,0.011329340748488903,-0.011329340748488903,urbana
26101203,ESCOLA DE REFERENCIA EM ENSINO MEDIO DOUTOR PEDRO AFONSO DE MEDEIROS,Palmares,0,0,2023,0.0,0.0314948670566082,-0.0314948670566082,urbana
26101599,ESCOLA PROFESSOR ELISEU PEREIRA DE MELO,Palmares,0,0,2023,0.0,0.32536786794662476,-0.32536786794662476,urbana
26101602,ESCOLA DE REFERENCIA EM ENSINO MEDIO DA FRATERNIDADE PALMARENSE,Palmares,0,0,2023,0.0,0.048182111233472824,-0.048182111233472824,urbana
26101610,ESCOLA MAQUINISTA AMARO MONTEIRO,Palmares,1,0,2023,1.2,0.06589676439762115,1.1341032356023788,rural
26101653,ESCOLA TECNICA ESTADUAL DE PALMARES,Palmares,0,0,2023,0.0,0.0035086493007838726,-0.0035086493007838726,urbana
26102153,ESCOLA DE REFERENCIA EM ENSINO MEDIO ELISA MARQUES DE ASSIS,Primavera,0,0,2023,0.0,0.06434518843889236,-0.06434518843889236,urbana
26102250,ESCOLA DE REFERENCIA EM ENSINO MEDIO DOUTOR FERNANDO PESSOA DE MELLO,Quipapá,0,0,2023,0.0,0.04331858828663826,-0.04331858828663826,urbana
26102552,ESCOLA DE REFERENCIA EM ENSINO MEDIO JOAO LOPES DE SIQUEIRA SANTOS,Ribeirão,0,0,2023,0.0,0.008817487396299839,-0.008817487396299839,urbana
26102633,ESCOLA DE REFERENCIA EM ENSINO MEDIO PADRE AMERICO NOVAIS,Ribeirão,0,0,2023,0.0,0.22552905976772308,-0.22552905976772308,urbana
26103052,ESCOLA DE REFERENCIA EM ENSINO FUNDAMENTAL E MEDIO JOAQUIM NABUCO,Ribeirão,1,0,2023,0.0,0.035960424691438675,-0.035960424691438675,rural
26103370,ESCOLA DE REFERENCIA EM ENSINO MEDIO JOAQUIM SILVERIO PIMENTEL,Rio Formoso,0,0,2023,1.4,0.3534235954284668,1.0465764045715331,urbana
26103745,ESCOLA DE REFERENCIA EM ENSINO MEDIO WILSON DE ANDRADE BARRETO,Rio Formoso,0,0,2023,0.0,0.011262339539825916,-0.011262339539825916,urbana
26103834,ESCOLA DE REFERENCIA EM ENSINO MEDIO TAMANDARE,Tamandaré,0,0,2023,0.3,0.016414888203144073,0.2835851117968559,urbana
26104083,ESCOLA DE REFERENCIA EM ENSINO MEDIO ELOY MALTA DE ALENCAR,São Benedito do Sul,0,0,2023,0.0,0.04177344590425491,-0.04177344590425491,urbana
26104229,ESCOLA DE REFERENCIA EM ENSINO MEDIO PROFESSOR CARLOS JOSE DIAS DA SILVA,São José da Coroa Grande,0,0,2023,0.0,0.005845953244715929,-0.005845953244715929,urbana
26104245,ESCOLA DE REFERENCIA EM ENSINO MEDIO SAO FRANCISCO DE ASSIS,São José da Coroa Grande,0,0,2023,0.0,4.010924339294434,-4.010924339294434,urbana
26104601,ESCOLA DE REFERENCIA EM ENSINO MEDIO BARRA DO SIRINHAEM,Sirinhaém,0,0,2023,0.4,0.8253656625747681,-0.42536566257476804,urbana
26104920,ESCOLA DE REFERENCIA EM ENSINO MEDIO DOUTOR EURICO CHAVES,Sirinhaém,0,0,2023,0.0,0.0047019668854773045,-0.0047019668854773045,urbana
26105101,ESCOLA DE REFERENCIA EM ENSINO MEDIO JOAO PEREIRA SOBRINHO,Xexéu,0,0,2023,0.0,0.030207881703972816,-0.030207881703972816,urbana
26105195,ESCOLA DE REFERENCIA EM ENSINO MEDIO BRASILINO JOSE DE CARVALHO,Igarassu,0,0,2023,0.0,0.00233935983851552,-0.00233935983851552,urbana
26105250,ESCOLA DE REFERENCIA EM ENSINO MEDIO EURICO PFISTERER,Igarassu,0,0,2023,0.0,0.0035086493007838726,-0.0035086493007838726,urbana
26105314,ESCOLA DE REFERENCIA EM ENSINO MEDIO JOAO PESSOA GUERRA,Igarassu,0,0,2023,0.0,0.019622595980763435,-0.019622595980763435,urbana
26105519,ESCOLA DE REFERENCIA EM ENSINO MEDIO SANTOS COSME E DAMIAO,Igarassu,0,0,2023,0.0,0.03194130212068558,-0.03194130212068558,urbana
26105837,ESCOLA DE REFERENCIA EM ENSINO MEDIO MARIA GAYAO PESSOA GUERRA,Araçoiaba,0,0,2023,0.0,0.0514390766620636,-0.0514390766620636,urbana
26105888,ESCOLA DE REFERENCIA EM ENSINO FUNDAMENTAL E MEDIO NOVA CRUZ,Igarassu,1,0,2023,0.0,0.02039949782192707,-0.02039949782192707,rural
26106060,ESCOLA DE REFERENCIA EM ENSINO MEDIO ALBERTO AUGUSTO DE MORAIS PRADINES,Ilha de Itamaracá,0,0,2023,0.0,0.01752634532749653,-0.01752634532749653,urbana
26106159,ESCOLA SENADOR PAULO PESSOA GUERRA,Ilha de Itamaracá,0,0,2023,0.0,0.07350824028253555,-0.07350824028253555,urbana
26106337,ESCOLA DE REFERENCIA EM ENSINO FUNDAMENTAL E MEDIO PROFESSORA GERCINA FERNANDES RODRIGUES,Itapissuma,0,0,2023,0.0,0.40642204880714417,-0.40642204880714417,urbana
26106353,ESCOLA DE REFERENCIA EM ENSINO MEDIO SENADOR JOSE ERMIRIO DE MORAES,Itapissuma,1,0,2023,0.0,0.013052772730588913,-0.013052772730588913,rural
26106388,ESCOLA DE REFERENCIA EM ENSINO MEDIO EURIDICE CADAVAL,Itapissuma,0,0,2023,0.0,0.0035086493007838726,-0.0035086493007838726,urbana
26106582,ESCOLA GENERAL ABREU E LIMA,Abreu e Lima,0,0,2023,0.0,0.008021053858101368,-0.008021053858101368,urbana
26106612,ESCOLA MARECHAL COSTA E SILVA,Abreu e Lima,0,0,2023,0.0,0.01726103574037552,-0.01726103574037552,urbana
26106698,ESCOLA ORFANATO ESTRELA DE BETHEL,Abreu e Lima,0,0,2023,0.0,0.01951015181839466,-0.01951015181839466,urbana
26106701,ESCOLA DE REFERENCIA EM ENSINO FUNDAMENTAL E MEDIO PASTOR AMARO DE SENA,Abreu e Lima,0,0,2023,0.0,0.006076841615140438,-0.006076841615140438,urbana
26106728,ESCOLA DE REFERENCIA EM ENSINO FUNDAMENTAL E ENSINO MEDIO POLIVALENTE DE ABREU E LIMA,Abreu e Lima,0,0,2023,0.0,0.0108351344242692,-0.0108351344242692,urbana
26106957,ESCOLA DE REFERENCIA EM ENSINO MEDIO LUIZ RODOLFO DE ARAUJO JUNIOR,Abreu e Lima,0,0,2023,0.0,0.004492206498980522,-0.004492206498980522,urbana
26107074,ESCOLA DE REFERENCIA EM ENSINO FUNDAMENTAL E MEDIO PROFESSORA AZINETE RAMOS CARNEIRO,Abreu e Lima,0,0,2023,0.0,0.008455431088805199,-0.008455431088805199,urbana
26107082,ESCOLA PROFESSORA ISAURA DE FRANCA,Abreu e Lima,0,0,2023,0.0,0.02859957329928875,-0.02859957329928875,urbana
26107546,ESCOLA DE REFERENCIA EM ENSINO FUNDAMENTAL E MEDIO ANTONIO CORREIA DE ARAUJO,Camaragibe,0,0,2023,0.0,0.0161863062530756,-0.0161863062530756,urbana
26107562,ESCOLA DE REFERENCIA EM ENSINO FUNDAMENTAL E MEDIO CONSELHEIRO SAMUEL MAC DOWELL,Camaragibe,0,0,2023,0.0,0.019370542839169502,-0.019370542839169502,urbana
26107597,ESCOLA DE REFERENCIA EM ENSINO FUNDAMENTAL E ENSINO MEDIO FRANCISCO DE PAULA CORREA DE ARAUJO,Camaragibe,0,0,2023,0.0,0.01495345775038004,-0.01495345775038004,urbana
26107600,ESCOLA DE REFERENCIA EM ENSINO MEDIO FREI CANECA,Camaragibe,0,0,2023,0.0,0.2718929946422577,-0.2718929946422577,urbana
26107651,ESCOLA DE REFERENCIA EM ENSINO FUNDAMENTAL E MEDIO MARIA DA CONCEICAO DO REGO BARROS LACERDA,Recife,0,0,2023,0.0,0.019239721819758415,-0.019239721819758415,urbana
26107678,ESCOLA MINISTRO JARBAS PASSARINHO,Camaragibe,0,0,2023,1.3,0.4732653796672821,0.8267346203327179,urbana
26107937,ESCOLA DE REFERENCIA EM ENSINO MEDIO PROFESSOR ANTONIO CARNEIRO LEAO,Camaragibe,0,0,2023,0.0,0.0035086493007838726,-0.0035086493007838726,urbana
26107945,ESCOLA DE REFERENCIA EM ENSINO MEDIO PROFESSOR CARLOS FREDERICO DO REGO MACIEL,Camaragibe,0,0,2023,0.0,0.012297711335122585,-0.012297711335122585,urbana
26107961,ESCOLA PROFESSOR NELSON CHAVES,Camaragibe,0,0,2023,0.0,0.019071243703365326,-0.019071243703365326,urbana
26107996,ESCOLA VALE DAS PEDREIRAS,Camaragibe,0,0,2023,0.0,0.009268581867218018,-0.009268581867218018,urbana
26108038,ESCOLA DE REFERENCIA EM ENSINO MEDIO TITO PEREIRA DE OLIVEIRA,Camaragibe,1,0,2023,0.0,0.03198664262890816,-0.03198664262890816,rural
26108046,ESCOLA MAJOR LELIO,Camaragibe,1,0,2023,0.5,0.35171064734458923,0.14828935265541077,rural
26108801,ESCOLA DE REFERENCIA EM ENSINO MEDIO FREI ROMEU PEREA,Jaboatão dos Guararapes,0,0,2023,0.0,0.015417969785630703,-0.015417969785630703,urbana
26108925,ESCOLA DE REFERENCIA EM ENSINO MEDIO NESTOR GOMES DE MOURA,Jaboatão dos Guararapes,1,0,2023,2.8,0.18924081325531006,2.6107591867446898,rural
26108984,ESCOLA DE REFERENCIA EM ENSINO MEDIO POETA MAURO MOTA,Jaboatão dos Guararapes,0,0,2023,0.8,0.07407492399215698,0.7259250760078431,urbana
26109042,ESCOLA DE REFERENCIA EM ENSINO MEDIO RODOLFO AURELIANO,Jaboatão dos Guararapes,0,0,2023,0.0,0.006468192674219608,-0.006468192674219608,urbana
26109107,ESCOLA DE REFERENCIA EM ENSINO MEDIO SIMON BOLIVAR,Jaboatão dos Guararapes,0,0,2023,0.0,0.02826661802828312,-0.02826661802828312,urbana
26109115,ESCOLA SOUZA BRANDAO,Jaboatão dos Guararapes,0,0,2023,3.8,0.38550642132759094,3.414493578672409,urbana
26109360,ESCOLA DE REFERENCIA EM ENSINO MEDIO BERNARDO VIEIRA,Jaboatão dos Guararapes,0,0,2023,0.0,1.639914870262146,-1.639914870262146,urbana
26109441,ESCOLA DE REFERENCIA EM ENSINO MEDIO DESPORTISTA RUBEM RODRIGUES MOREIRA,Jaboatão dos Guararapes,0,0,2023,0.0,0.00439623324200511,-0.00439623324200511,urbana
26109468,ESCOLA DE REFERENCIA EM ENSINO MEDIO VILA RICA,Jaboatão dos Guararapes,0,0,2023,0.0,0.008545740507543087,-0.008545740507543087,urbana
26109506,ESCOLA HENRIQUETA DE OLIVEIRA,Jaboatão dos Guararapes,0,0,2023,0.0,0.019907457754015923,-0.019907457754015923,urbana
26110016,ESCOLA DE REFERENCIA EM ENSINO MEDIO FREI JABOATAO,Jaboatão dos Guararapes,0,0,2023,0.7,0.0018502487801015377,0.6981497512198984,urbana
26110148,ESCOLA ALFREDO TENORIO,Jaboatão dos Guararapes,0,0,2023,0.0,0.11105889081954956,-0.11105889081954956,urbana
26110199,ESCOLA DE REFERENCIA EM ENSINO MEDIO MURILO BRAGA,Jaboatão dos Guararapes,0,0,2023,0.0,0.0036485912278294563,-0.0036485912278294563,urbana
26110229,ESCOLA DE REFERENCIA EM ENSINO FUNDAMENTAL E MEDIO ODETE ANTUNES,Jaboatão dos Guararapes,0,0,2023,0.5,0.09895478188991547,0.40104521811008453,urbana
26110237,ESCOLA DE REFERENCIA EM ENSINO MEDIO SENADOR PETRONIO PORTELA,Jaboatão dos Guararapes,0,0,2023,0.3,0.0417480506002903,0.2582519493997097,urbana
26110245,ESCOLA DE REFERENCIA EM ENSINO MEDIO SENADOR ADERBAL JUREMA,Jaboatão dos Guararapes,0,0,2023,0.0,0.5263097286224365,-0.5263097286224365,urbana
26110270,ESCOLA DE REFERENCIA EM ENSINO MEDIO PROFESSOR MOACYR DE ALBUQUERQUE,Jaboatão dos Guararapes,0,0,2023,0.0,0.009531029500067234,-0.009531029500067234,urbana
26110849,ESCOLA ALTO DOS GUARARAPES,Jaboatão dos Guararapes,0,0,2023,0.0,0.041853420436382294,-0.041853420436382294,urbana
26110857,ESCOLA ALZIRA DA FONSECA BREUEL,Jaboatão dos Guararapes,0,0,2023,0.0,0.09478575736284256,-0.09478575736284256,urbana
26110881,ESCOLA DE REFERENCIA EM ENSINO MEDIO AUGUSTO SEVERO,Jaboatão dos Guararapes,0,0,2023,0.7,0.004120843019336462,0.6958791569806635,urbana
26110970,ESCOLA DE REFERENCIA EM ENSINO MEDIO EDMUR ARLINDO DE OLIVEIRA,Jaboatão dos Guararapes,0,0,2023,0.0,0.18773171305656433,-0.18773171305656433,urbana
26110997,ESCOLA DE REFERENCIA EM ENSINO MEDIO EDSON MOURY FERNANDES,Jaboatão dos Guararapes,0,0,2023,0.0,0.008701113052666187,-0.008701113052666187,urbana
26111012,ESCOLA DE REFERENCIA EM ENSINO MEDIO FELIPE CAMARAO,Jaboatão dos Guararapes,0,0,2023,0.0,0.005935635883361101,-0.005935635883361101,urbana
26111020,ESCOLA DE REFERENCIA EM ENSINO MEDIO HUMBERTO LINS BARRADAS,Jaboatão dos Guararapes,0,0,2023,0.0,0.061614543199539185,-0.061614543199539185,urbana
26111071,ESCOLA JOSE GLICERIO,Jaboatão dos Guararapes,0,0,2023,0.0,0.024605194106698036,-0.024605194106698036,urbana
26111195,ESCOLA PEDRO BARROS FILHO,Jaboatão dos Guararapes,0,0,2023,0.0,0.011626973748207092,-0.011626973748207092,urbana
26111209,ESCOLA DE REFERENCIA EM ENSINO MEDIO PROFESSOR BENEDITO CUNHA MELO,Jaboatão dos Guararapes,0,0,2023,0.8,0.006707704160362482,0.7932922958396376,urbana
26111225,ESCOLA DE REFERENCIA EM ENSINO MEDIO PROFESSOR EPITACIO ANDRE DIAS,Jaboatão dos Guararapes,0,0,2023,0.0,0.0030706864781677723,-0.0030706864781677723,urbana
26111241,ESCOLA DE REFERENCIA EM ENSINO MEDIO DESEMBARGADOR JOSE NEVES FILHO,Jaboatão dos Guararapes,0,0,2023,0.0,0.019774096086621284,-0.019774096086621284,urbana
26111268,ESCOLA JOAO PAULO I,Jaboatão dos Guararapes,0,0,2023,0.1,0.028230814263224602,0.0717691857367754,urbana
26111284,ESCOLA VILA JOAO DE DEUS,Jaboatão dos Guararapes,0,0,2023,6.9,0.9021043181419373,5.997895681858063,urbana
26111314,ESCOLA DE REFERENCIA EM ENSINO MEDIO SATURNINO DE BRITO,Jaboatão dos Guararapes,0,0,2023,0.0,0.009778940118849277,-0.009778940118849277,urbana
26111349,ESCOLA DE REFERENCIA EM ENSINO FUNDAMENTAL E MEDIO SUPERVISORA MIRIAM SEIXAS,Jaboatão dos Guararapes,0,0,2023,0.0,0.013038533739745617,-0.013038533739745617,urbana
26111357,ESCOLA ZEQUINHA BARRETO,Jaboatão dos Guararapes,0,0,2023,0.4,0.19398167729377747,0.20601832270622256,urbana
26111403,ESCOLA DE REFERENCIA EM ENSINO MEDIO ADELAIDE PESSOA CAMARA,Jaboatão dos Guararapes,0,0,2023,0.7,0.05663159862160683,0.6433684013783931,urbana
26111411,ESCOLA AMOR DIVINO,Jaboatão dos Guararapes,0,0,2023,0.0,0.014515417627990246,-0.014515417627990246,urbana
26111853,ESCOLA ARTUR MENDONCA,Moreno,0,0,2023,0.3,0.050441332161426544,0.24955866783857344,urbana
26111870,ESCOLA DE REFERENCIA EM ENSINO MEDIO CARDEAL DOM JAIME CAMARA,Moreno,0,0,2023,1.9,0.2138856053352356,1.6861143946647643,urbana
26111926,ESCOLA DE REFERENCIA EM ENSINO MEDIO MARIA DO CEU BANDEIRA,Moreno,0,0,2023,1.0,0.049076057970523834,0.9509239420294762,urbana
26112108,ESCOLA DE REFERENCIA EM ENSINO MEDIO SOFRONIO PORTELA,Moreno,0,0,2023,0.0,0.04209252819418907,-0.04209252819418907,urbana
26112701,ESCOLA DE REFERENCIA EM ENSINO MEDIO DE OLINDA,Olinda,0,0,2023,0.0,0.014786728657782078,-0.014786728657782078,urbana
26113198,ESCOLA ANTONIO SOUTO FILHO,Olinda,0,0,2023,0.0,0.0288857351988554,-0.0288857351988554,urbana
26113210,ESCOLA ARGENTINA CASTELLO BRANCO,Olinda,0,0,2023,0.0,0.012134985998272896,-0.012134985998272896,urbana
26113236,ESCOLA DE REFERENCIA EM ENSINO MEDIO AUREA DE MOURA CAVALCANTI,Olinda,0,0,2023,7.8,0.011467142030596733,7.788532857969403,urbana
26113279,ESCOLA CEL VALERIANO EUGENIO DE MELO,Olinda,0,0,2023,0.0,0.1659799963235855,-0.1659799963235855,urbana
26113325,ESCOLA DE REFERENCIA EM ENSINO FUNDAMENTAL E MEDIO CLIDIO DE LIMA NIGRO,Olinda,0,0,2023,0.0,0.2644290030002594,-0.2644290030002594,urbana
26113333,ESCOLA CONEGO JONAS TAURINO,Olinda,0,0,2023,0.0,0.03218599408864975,-0.03218599408864975,urbana
26113392,ESCOLA DE REFERENCIA EM ENSINO MEDIO DESEMBARGADOR RENATO FONSECA,Olinda,0,0,2023,0.0,0.017173830419778824,-0.017173830419778824,urbana
26113538,ESCOLA DE REFERENCIA EM ENSINO MEDIO GUEDES ALCOFORADO,Olinda,0,0,2023,0.0,0.016006916761398315,-0.016006916761398315,urbana
26113562,ESCOLA DE REFERENCIA EM ENSINO FUNDAMENTAL E MEDIO JERONIMO DE ALBUQUERQUE,Olinda,0,0,2023,1.9,0.41421204805374146,1.4857879519462585,urbana
26113635,ESCOLA DE REFERENCIA EM ENSINO FUNDAMENTAL E MEDIO MARIA EMILIA ROMEIRO ESTELITA,Olinda,0,0,2023,0.0,0.007825685665011406,-0.007825685665011406,urbana
26113660,ESCOLA MARECHAL MASCARENHAS DE MORAES,Olinda,0,0,2023,0.0,0.2983539402484894,-0.2983539402484894,urbana
26113724,ESCOLA DE REFERENCIA EM ENSINO FUNDAMENTAL MONSENHOR ARRUDA CAMARA,Olinda,0,0,2023,0.0,0.008162117563188076,-0.008162117563188076,urbana
26113783,ESCOLA DE REFERENCIA EM ENSINO MEDIO PADRE FRANCISCO CARNEIRO,Olinda,0,0,2023,0.2,0.021632080897688866,0.17836791910231115,urbana
26113805,ESCOLA DE REFERENCIA EM ENSINO MEDIO PINTOR MANOEL BANDEIRA,Olinda,0,0,2023,0.0,0.00942258257418871,-0.00942258257418871,urbana
26113813,ESCOLA DE REFERENCIA EM ENSINO FUNDAMENTAL E MEDIO COMPOSITOR ANTONIO MARIA,Olinda,0,0,2023,0.0,0.0028406656347215176,-0.0028406656347215176,urbana
26113830,ESCOLA DE REFERENCIA EM ENSINO FUNDAMENTAL PROFESSOR CANDIDO PESSOA,Olinda,0,0,2023,0.0,0.02837653085589409,-0.02837653085589409,urbana
26113856,ESCOLA DE REFERENCIA EM ENSINO MEDIO PROFESSOR ESTEVAO PINTO,Olinda,0,0,2023,0.6,0.011174323968589306,0.5888256760314107,urbana
26113872,ESCOLA PROFESSORA DEANA CLARK XAVIER,Olinda,0,0,2023,0.0,0.07381102442741394,-0.07381102442741394,urbana
26113880,ESCOLA PROFESSORA INES BORBA,Olinda,0,0,2023,0.0,0.1865873485803604,-0.1865873485803604,urbana
26113929,ESCOLA RAIMUNDO DINIZ,Olinda,0,0,2023,0.0,0.3815283179283142,-0.3815283179283142,urbana
26113953,ESCOLA DE REFERENCIA EM ENSINO FUNDAMENTAL E ENSINO MEDIO COSTA AZEVEDO,Olinda,0,0,2023,0.0,0.013515514321625233,-0.013515514321625233,urbana
26114496,ESCOLA DE REFERENCIA EM ENSINO MEDIO CAPITAO LUIZ REIS,Olinda,0,0,2023,0.0,0.08259373158216476,-0.08259373158216476,urbana
26114607,ESCOLA DE REFERENCIA EM ENSINO FUNDAMENTAL E MEDIO JOAO MATOS GUIMARAES,Olinda,0,0,2023,0.0,0.22731879353523254,-0.22731879353523254,urbana
26114720,ESCOLA DE REFERENCIA EM ENSINO MEDIO PROFESSOR ERNESTO SILVA,Olinda,0,0,2023,0.0,0.005975023377686739,-0.005975023377686739,urbana
26114860,ESCOLA DE REFERENCIA EM ENSINO FUNDAMENTAL E MEDIO TABAJARA,Olinda,0,0,2023,0.0,0.2539333403110504,-0.2539333403110504,urbana
26115883,ESCOLA DE REFERENCIA EM ENSINO MEDIO DE PAULISTA,Paulista,0,0,2023,0.0,0.005552246700972319,-0.005552246700972319,urbana
26115913,ESCOLA DE REFERENCIA EM ENSINO MEDIO DOUTOR LUIZ CABRAL DE MELO,Paulista,0,0,2023,0.0,0.011158695444464684,-0.011158695444464684,urbana
26115964,ESCOLA GOVERNADOR ERALDO GUEIROS LEITE,Paulista,0,0,2023,0.0,0.007281073369085789,-0.007281073369085789,urbana
26115999,ESCOLA DE REFERENCIA EM ENSINO MEDIO JOSE MANUEL DE QUEIROZ,Paulista,0,0,2023,0.0,0.0050974017940461636,-0.0050974017940461636,urbana
26116014,ESCOLA DE REFERENCIA EM ENSINO MEDIO MAESTRO NELSON FERREIRA,Paulista,0,0,2023,0.0,0.006076841615140438,-0.006076841615140438,urbana
26116308,ESCOLA DE REFERENCIA EM ENSINO FUNDAMENTAL E MEDIO PRESIDENTE CASTELO BRANCO,Paulista,0,0,2023,0.0,0.005557413212954998,-0.005557413212954998,urbana
26116316,ESCOLA DE REFERENCIA EM ENSINO MEDIO PROFESSORA AMARINA SIMOES,Paulista,0,0,2023,0.0,0.1353040635585785,-0.1353040635585785,urbana
26116324,ESCOLA DE REFERENCIA EM ENSINO MEDIO PROFESSOR ARNALDO CARNEIRO LEAO,Paulista,0,0,2023,0.0,0.02117791399359703,-0.02117791399359703,urbana
26116359,ESCOLA PROFESSOR JOSE BRASILEIRO VILA NOVA,Paulista,0,0,2023,0.0,0.016531122848391533,-0.016531122848391533,urbana
26116367,ESCOLA PROFESSORA GENEROSA GIL PEREZ,Paulista,0,0,2023,0.0,0.010109913535416126,-0.010109913535416126,urbana
26116383,ESCOLA PROFESSORA MARIA ALVES MACHADO,Paulista,0,0,2023,0.0,0.5319111943244934,-0.5319111943244934,urbana
26116391,ESCOLA PROFESSORA ZULMIRA DE PAULA ALMEIDA,Paulista,0,0,2023,0.0,0.013425885699689388,-0.013425885699689388,urbana
26116413,ESCOLA DE REFERENCIA EM ENSINO MEDIO RADIALISTA LUIZ QUEIROGA,Paulista,0,0,2023,0.0,0.007710389792919159,-0.007710389792919159,urbana
26116634,ESCOLA DE REFERENCIA EM ENSINO FUNDAMENTAL E MEDIO PROFESSORA MARIA DO CARMO PINTO RIBEIRO,Paulista,0,0,2023,0.0,0.008511213585734367,-0.008511213585734367,urbana
26117010,ESCOLA ESTADUAL SAO JOSE,Paulista,0,0,2023,0.0,0.2536047399044037,-0.2536047399044037,urbana
26117045,ESCOLA DE REFERENCIA EM ENSINO MEDIO DANTAS BARRETO,Paulista,0,0,2023,0.2,0.00502905435860157,0.19497094564139844,urbana
26117258,ESCOLA DE REFERENCIA EM ENSINO FUNDAMENTAL CUSTODIO PESSOA,Paulista,0,0,2023,0.0,0.01548731978982687,-0.01548731978982687,urbana
26117274,ESCOLA MANUEL DE BASTOS TIGRE,Paulista,0,0,2023,0.0,0.05824686214327812,-0.05824686214327812,urbana
26117290,ESCOLA DE REFERENCIA EM ENSINO MEDIO PADRE OSMAR NOVAES,Paulista,0,0,2023,0.0,0.005210528150200844,-0.005210528150200844,urbana
26118742,ESCOLA DE REFERENCIA EM ENSINO MEDIO SENADOR PAULO PESSOA GUERRA,Recife,0,0,2023,1.7,0.0076494659297168255,1.6923505340702831,urbana
26119730,ESCOLA DE APLICACAO DO RECIFE,Recife,0,0,2023,0.0,0.03434203937649727,-0.03434203937649727,urbana
26120100,ESCOLA DE REFERENCIA EM ENSINO FUNDAMENTAL E ENSINO MEDIO PROFESSORA INALDA SPINELLI,Recife,0,0,2023,0.5,0.02194828912615776,0.47805171087384224,urbana
26120992,ESCOLA DE REFERENCIA EM ENSINO FUNDAMENTAL E MEDIO LICEU DE ARTES E OFICIOS,Recife,0,0,2023,0.0,0.09528854489326477,-0.09528854489326477,urbana
26121247,ESCOLA DE REFERENCIA EM ENSINO MEDIO JOAQUIM NABUCO,Recife,0,0,2023,0.0,0.022653160616755486,-0.022653160616755486,urbana
26121310,ESCOLA DE REFERENCIA EM ENSINO MEDIO MANOEL BORBA,Recife,0,0,2023,0.0,0.01168503426015377,-0.01168503426015377,urbana
26121344,ESCOLA DE REFERENCIA EM ENSINO MEDIO LUIZ DELGADO,Recife,0,0,2023,4.0,0.347258597612381,3.652741402387619,urbana
26121654,ESCOLA DE REFERENCIA EM ENSINO MEDIO OLIVEIRA LIMA,Recife,0,0,2023,0.4,0.015125702135264874,0.38487429786473515,urbana
26121670,ESCOLA DE REFERENCIA EM ENSINO MEDIO POETA MANUEL BANDEIRA,Recife,0,0,2023,0.0,0.006425437983125448,-0.006425437983125448,urbana
26121751,ESCOLA TECNICA ESTADUAL GINASIO PERNAMBUCANO,Recife,0,0,2023,0.0,0.0035086493007838726,-0.0035086493007838726,urbana
26121816,ESCOLA TECNICA ESTADUAL ALMIRANTE SOARES DUTRA,Recife,0,0,2023,0.0,0.0035086493007838726,-0.0035086493007838726,urbana
26121859,ESCOLA DE REFERENCIA EM ENSINO MEDIO ANIBAL FERNANDES,Recife,0,0,2023,4.7,1.8037523031234741,2.896247696876526,urbana
26121921,ESCOLA DE REFERENCIA EM ENSINO MEDIO SIZENANDO SILVEIRA,Recife,0,0,2023,0.2,0.003345453180372715,0.1966545468196273,urbana
26121948,ESCOLA DE REFERENCIA EM ENSINO MEDIO SYLVIO RABELLO,Recife,0,0,2023,0.0,0.010201789438724518,-0.010201789438724518,urbana
26122120,COLEGIO DA POLICIA MILITAR DE PERNAMBUCO,Recife,0,0,2023,0.0,0.005957190413028002,-0.005957190413028002,urbana
26122227,ESCOLA DE REFERENCIA EM ENSINO FUNDAMENTAL E ENSINO MEDIO GOVERNADOR BARBOSA LIMA,Recife,0,0,2023,0.0,0.012133928947150707,-0.012133928947150707,urbana
26122278,ESCOLA DE REFERENCIA EM ENSINO MEDIO REGUEIRA COSTA,Recife,0,0,2023,0.0,0.003657117486000061,-0.003657117486000061,urbana
26122510,ESCOLA DE REFERENCIA EM ENSINO MEDIO CLOVIS BEVILAQUA,Recife,0,0,2023,0.0,0.004791923798620701,-0.004791923798620701,urbana
26122677,ESCOLA DE REFERENCIA EM ENSINO MEDIO SANTA PAULA FRASSINETTI,Recife,0,0,2023,0.0,0.0044780694879591465,-0.0044780694879591465,urbana
26122685,ESCOLA TECNICA ESTADUAL PROFESSOR AGAMENON MAGALHAES - ETEPAM,Recife,0,0,2023,0.0,0.0024877595715224743,-0.0024877595715224743,urbana
26122839,ESCOLA DE REFERENCIA EM ENSINO MEDIO OTHON PARAISO,Recife,0,0,2023,0.7,0.024906104430556297,0.6750938955694437,urbana
26122847,ESCOLA DE REFERENCIA EM ENSINO MEDIO AMAURY DE MEDEIROS,Recife,0,0,2023,0.7,0.2714228928089142,0.42857710719108577,urbana
26122855,ESCOLA DE REFERENCIA EM ENSINO FUNDAMENTAL E MEDIO DEBORA FEIJO,Recife,0,0,2023,0.7,0.3058393597602844,0.39416064023971553,urbana
26122960,ESCOLA DE REFERENCIA EM ENSINO MEDIO VIDAL DE NEGREIROS,Recife,0,0,2023,0.0,0.04243827611207962,-0.04243827611207962,urbana
26123258,ESCOLA DE REFERENCIA EM ENSINO MEDIO MARTINS JUNIOR,Recife,0,0,2023,3.0,0.13315315544605255,2.8668468445539474,urbana
26123282,ESCOLA DE REFERENCIA EM ENSINO MEDIO JOAQUIM TAVORA,Recife,0,0,2023,0.0,0.06039917469024658,-0.06039917469024658,urbana
26123479,ESCOLA DE REFERENCIA EM ENSINO MEDIO ALBERTO TORRES,Recife,0,0,2023,0.0,0.0335453599691391,-0.0335453599691391,urbana
26123517,ESCOLA DE REFERENCIA EM ENSINO MEDIO JOSE MARIANO,Recife,0,0,2023,0.0,0.011255132965743542,-0.011255132965743542,urbana
26123576,ESCOLA DE REFERENCIA EM ENSINO MEDIO PRESIDENTE HUMBERTO CASTELO BRANCO,Recife,0,0,2023,0.0,0.10112230479717255,-0.10112230479717255,urbana
26123592,ESCOLA DE REFERENCIA EM ENSINO MEDIO PROFESSOR TRAJANO DE MENDONCA,Recife,0,0,2023,0.0,0.007041154894977808,-0.007041154894977808,urbana
26123703,ESCOLA DE REFERENCIA EM ENSINO MEDIO ANIBAL FALCAO,Recife,0,0,2023,1.0,0.028483102098107338,0.9715168979018927,urbana
26123720,ESCOLA DE REFERENCIA EM ENSINO FUNDAMENTAL E MEDIO BARAO DO BONITO,Recife,0,0,2023,0.0,0.018107164651155472,-0.018107164651155472,urbana
26123819,ESCOLA TECNICA ESTADUAL MARIANO TEIXEIRA,Recife,0,0,2023,0.3,0.003504812950268388,0.2964951870497316,urbana
26124190,ESCOLA DE REFERENCIA EM ENSINO MEDIO SANTOS DUMONT,Recife,0,0,2023,0.0,0.003770720912143588,-0.003770720912143588,urbana
26124432,ESCOLA DE REFERENCIA EM ENSINO MEDIO APOLONIO SALES,Recife,0,0,2023,0.2,0.01064184121787548,0.18935815878212453,urbana
26124440,ESCOLA DE REFERENCIA EM ENSINO MEDIO ASSIS CHATEAUBRIAND,Recife,0,0,2023,0.4,0.13074907660484314,0.2692509233951569,urbana
26124475,ESCOLA DE REFERENCIA EM ENSINO FUNDAMENTAL E MEDIO BRIGADEIRO EDUARDO GOMES,Recife,0,0,2023,0.0,0.01141978707164526,-0.01141978707164526,urbana
26124580,ESCOLA DE REFERENCIA EM ENSINO MEDIO ELEANOR ROOSEVELT,Recife,0,0,2023,0.0,0.049487318843603134,-0.049487318843603134,urbana
26124602,ESCOLA DE REFERENCIA EM ENSINO MEDIO ENGENHEIRO LAURO DINIZ,Recife,0,0,2023,0.2,0.004512739833444357,0.19548726016655565,urbana
26124645,ESCOLA DE REFERENCIA EM ENSINO FUNDAMENTAL E MEDIO JORNALISTA COSTA PORTO,Recife,0,0,2023,0.0,0.12373717129230499,-0.12373717129230499,urbana
26124653,ESCOLA DE REFERENCIA EM ENSINO MEDIO LAGOA ENCANTADA,Recife,0,0,2023,0.0,0.003252320224419236,-0.003252320224419236,urbana
26124670,ESCOLA DE REFERENCIA EM ENSINO FUNDAMENTAL E MEDIO MARECHAL EURICO GASPAR DUTRA,Recife,0,0,2023,0.0,0.09886834025382996,-0.09886834025382996,urbana
26124696,ESCOLA DE REFERENCIA EM ENSINO MEDIO MARIA RITA DA SILVA LESSA,Recife,0,0,2023,0.0,0.17803391814231873,-0.17803391814231873,urbana
26124785,ESCOLA DE REFERENCIA EM ENSINO MEDIO DOM SEBASTIAO LEME,Recife,0,0,2023,1.7,1.4115016460418701,0.28849835395812984,urbana
26124920,ESCOLA DE REFERENCIA EM ENSINO FUNDAMENTAL E MEDIO SAO FRANCISCO DE ASSIS,Recife,0,0,2023,0.0,0.5442155003547668,-0.5442155003547668,urbana
26125013,ESCOLA DE REFERENCIA EM ENSINO FUNDAMENTAL E ENSINO MEDIO GERCINO DE PONTES,Recife,0,0,2023,0.0,0.05619961768388748,-0.05619961768388748,urbana
26125048,ESCOLA TECNICA ESTADUAL JOAO BEZERRA,Recife,0,0,2023,0.0,0.003252320224419236,-0.003252320224419236,urbana
26125250,ESCOLA DE REFERENCIA EM ENSINO MEDIO PROFESSOR FERNANDO MOTA,Recife,0,0,2023,0.0,0.003504812950268388,-0.003504812950268388,urbana
26125358,ESCOLA DE REFERENCIA EM ENSINO FUNDAMENTAL E MEDIO MONTE VERDE,Recife,0,0,2023,0.0,0.02328241802752018,-0.02328241802752018,urbana
26125641,ESCOLA DE REFERENCIA EM ENSINO MEDIO JOSE VILELA,Recife,0,0,2023,0.0,0.21401447057724,-0.21401447057724,urbana
26125650,ESCOLA DE REFERENCIA EM ENSINO FUNDAMENTAL E MEDIO LIONS DE PARNAMIRIM,Recife,0,0,2023,0.0,0.09674427658319473,-0.09674427658319473,urbana
26125757,ESCOLA DE REFERENCIA EM ENSINO MEDIO PROFESSOR CANDIDO DUARTE,Recife,0,0,2023,0.4,0.0035086493007838726,0.39649135069921615,urbana
26125781,ESCOLA DE REFERENCIA EM ENSINO MEDIO SILVA JARDIM,Recife,0,0,2023,1.4,0.015814078971743584,1.3841859210282563,urbana
26125943,ESCOLA DE REFERENCIA EM ENSINO FUNDAMENTAL E MEDIO MONSENHOR MANOEL MARQUES,Recife,0,0,2023,0.0,0.7283627390861511,-0.7283627390861511,urbana
26125978,ESCOLA DE REFERENCIA EM ENSINO MEDIO ALVARO LINS,Recife,0,0,2023,2.4,0.11167626827955246,2.2883237317204475,urbana
26126010,ESCOLA DE REFERENCIA EM ENSINO FUNDAMENTAL E MEDIO CAIO PEREIRA,Recife,0,0,2023,3.2,1.5201771259307861,1.679822874069214,urbana
26126044,ESCOLA DE REFERENCIA EM ENSINO MEDIO CLOTILDE DE OLIVEIRA,Recife,0,0,2023,0.2,0.21523550152778625,-0.015235501527786244,urbana
26126052,ESCOLA DE REFERENCIA EM ENSINO FUNDAMENTAL CORONEL OTHON,Recife,0,0,2023,23.7,0.009539416991174221,23.690460583008825,urbana
26126079,ESCOLA DE REFERENCIA EM ENSINO MEDIO AGEU MAGALHAES,Recife,0,0,2023,0.0,0.00771524989977479,-0.00771524989977479,urbana
26126109,ESCOLA DE REFERENCIA EM ENSINO MEDIO PADRE MACHADO,Recife,0,0,2023,0.3,0.016365166753530502,0.2836348332464695,urbana
26126125,ESCOLA TECNICA ESTADUAL DOM BOSCO - RECIFE,Recife,0,0,2023,0.0,0.003252320224419236,-0.003252320224419236,urbana
26126133,ESCOLA DE REFERENCIA EM ENSINO MEDIO DOM VITAL,Recife,0,0,2023,1.8,0.09855292737483978,1.7014470726251603,urbana
26126141,ESCOLA DE REFERENCIA EM ENSINO FUNDAMENTAL E MEDIO DONA MARIA TERESA CORREA,Recife,0,0,2023,0.0,2.125837802886963,-2.125837802886963,urbana
26126150,ESCOLA ERUNDINA NEGREIROS DE ARAUJO,Recife,0,0,2023,0.0,0.1691005527973175,-0.1691005527973175,urbana
26126206,ESCOLA DE REFERENCIA EM ENSINO FUNDAMENTAL E MEDIO GILBERTO FREYRE,Recife,0,0,2023,0.0,0.034182317554950714,-0.034182317554950714,urbana
26126290,ESCOLA MARIA AMALIA,Recife,0,0,2023,0.2,0.26684823632240295,-0.06684823632240294,urbana
26126443,ESCOLA DE REFERENCIA EM ENSINO FUNDAMENTAL E MEDIO NOSSA SENHORA DE FATIMA,Recife,0,0,2023,0.0,0.033428940922021866,-0.033428940922021866,urbana
26126605,ESCOLA TOME GIBSON,Recife,0,0,2023,0.0,0.009959094226360321,-0.009959094226360321,urbana
26126613,ESCOLA DE REFERENCIA EM ENSINO MEDIO ROSA DE MAGALHAES MELO,Recife,0,0,2023,0.4,0.017148200422525406,0.3828517995774746,urbana
26126621,ESCOLA DE REFERENCIA EM ENSINO MEDIO ROTARY DE NOVA DESCOBERTA,Recife,0,0,2023,0.0,0.06531260907649994,-0.06531260907649994,urbana
26127300,ESCOLA DE REFERENCIA EM ENSINO MEDIO DIARIO DE PERNAMBUCO,Recife,0,0,2023,0.0,0.009662729687988758,-0.009662729687988758,urbana
26127334,ESCOLA DE REFERENCIA EM ENSINO MEDIO JORNALISTA TRAJANO CHACON,Recife,0,0,2023,0.0,0.013625102117657661,-0.013625102117657661,urbana
26127415,ESCOLA DE REFERENCIA EM ENSINO MEDIO OLINTO VICTOR,Recife,0,0,2023,0.0,0.009972830303013325,-0.009972830303013325,urbana
26127423,ESCOLA DE REFERENCIA EM ENSINO FUNDAMENTAL PINTOR LAURO VILLARES,Recife,0,0,2023,0.0,1.2085742950439453,-1.2085742950439453,urbana
26127431,ESCOLA DE REFERENCIA EM ENSINO FUNDAMENTAL E MEDIO PROFESSOR LEAL DE BARROS,Recife,0,0,2023,0.6,0.01304120197892189,0.5869587980210781,urbana
26127474,ESCOLA PADRE DEHON,Recife,0,0,2023,0.0,0.03737463057041168,-0.03737463057041168,urbana
26127512,ESCOLA DE REFERENCIA EM ENSINO FUNDAMENTAL E MEDIO SENADOR NOVAES FILHO,Recife,0,0,2023,0.0,0.12233901768922806,-0.12233901768922806,urbana
26127571,ESCOLA DE REFERENCIA EM ENSINO FUNDAMENTAL E MEDIO BARROS CARVALHO,Recife,0,0,2023,0.0,0.010509277693927288,-0.010509277693927288,urbana
26127636,ESCOLA DE REFERENCIA EM ENSINO FUNDAMENTAL E MEDIO EDUCADOR PAULO FREIRE,Recife,0,0,2023,9.9,0.1578875333070755,9.742112466692925,urbana
26127695,ESCOLA DE REFERENCIA EM ENSINO FUNDAMENTAL E MEDIO JOAQUIM XAVIER DE BRITO,Recife,0,0,2023,0.0,0.015467292629182339,-0.015467292629182339,urbana
26127741,ESCOLA DE REFERENCIA EM ENSINO MEDIO PROFESSORA HELENA PUGO,Recife,0,0,2023,1.5,0.009531029500067234,1.4904689704999328,urbana
26128101,ESCOLA DE REFERENCIA EM ENSINO MEDIO DE BEBERIBE,Recife,0,0,2023,0.0,0.0035086493007838726,-0.0035086493007838726,urbana
26128179,ESCOLA DOUTOR FRANCISCO PESSOA DE QUEIROZ,Recife,0,0,2023,0.0,0.18785369396209717,-0.18785369396209717,urbana
26128195,ESCOLA DE REFERENCIA EM ENSINO FUNDAMENTAL E MEDIO JARBAS PERNAMBUCANO,Recife,0,0,2023,0.0,0.08566269278526306,-0.08566269278526306,urbana
26128403,ESCOLA DE REFERENCIA EM ENSINO MEDIO PADRE NERCIO RODRIGUES,Recife,0,0,2023,0.0,0.006581463851034641,-0.006581463851034641,urbana
26128420,ESCOLA DE REFERENCIA EM ENSINO MEDIO PEDRO CELSO,Recife,0,0,2023,0.0,0.03144323080778122,-0.03144323080778122,urbana
26128497,ESCOLA TECNICA ESTADUAL PROFESSOR ALFREDO FREYRE,Recife,0,0,2023,0.0,0.00379854254424572,-0.00379854254424572,urbana
26128527,ESCOLA ROTARY DO ALTO DO PASCOAL,Recife,0,0,2023,0.0,2.7934539318084717,-2.7934539318084717,urbana
26128586,ESCOLA SAO JUDAS TADEU,Recife,0,0,2023,0.9,0.2218075841665268,0.6781924158334732,urbana
26128594,ESCOLA DE REFERENCIA EM ENSINO FUNDAMENTAL E MEDIO SAO MIGUEL,Recife,0,0,2023,0.0,1.0247653722763062,-1.0247653722763062,urbana
26128721,ESCOLA DE REFERENCIA EM ENSINO MEDIO PROFESSOR MARDONIO DE ANDRADE LIMA COELHO,Recife,0,0,2023,0.0,0.009855469688773155,-0.009855469688773155,urbana
26129086,ESCOLA DE REFERENCIA EM ENSINO MEDIO CONDE CORREA DE ARAUJO,São Lourenço da Mata,0,0,2023,0.0,0.010291507467627525,-0.010291507467627525,urbana
26129094,ESCOLA DE REFERENCIA EM ENSINO MEDIO CONDE PEREIRA CARNEIRO,São Lourenço da Mata,0,0,2023,0.0,0.0041965339332818985,-0.0041965339332818985,urbana
26129124,ESCOLA DONA LEONOR PORTO,São Lourenço da Mata,0,0,2023,2.6,0.5273447632789612,2.072655236721039,urbana
26129388,ESCOLA DE REFERENCIA EM ENSINO MEDIO PROFESSOR AGAMENOM MAGALHAES,São Lourenço da Mata,0,0,2023,3.8,0.050945181399583817,3.749054818600416,urbana
26129566,ESCOLA 10 DE AGOSTO,São Lourenço da Mata,0,0,2023,0.0,0.04509737342596054,-0.04509737342596054,urbana
26129817,ESCOLA DE REFERENCIA EM ENSINO MEDIO DESEMBARGADOR ANTONIO DA SILVA GUIMARAES,Cabo de Santo Agostinho,0,0,2023,1.8,0.003252320224419236,1.7967476797755808,urbana
26129868,ESCOLA TECNICA ESTADUAL EPITACIO PESSOA,Cabo de Santo Agostinho,0,0,2023,0.0,0.0035086493007838726,-0.0035086493007838726,urbana
26129922,ESCOLA DE REFERENCIA EM ENSINO MEDIO LUISA GUERRA,Cabo de Santo Agostinho,0,0,2023,0.0,0.004604668356478214,-0.004604668356478214,urbana
26130114,ESCOLA DE REFERENCIA EM ENSINO MEDIO PASTOR JOSE FLORENCIO RODRIGUES,Cabo de Santo Agostinho,0,0,2023,0.0,0.013266454450786114,-0.013266454450786114,urbana
26130149,ESCOLA DE REFERENCIA EM ENSINO MEDIO EMIDIO CAVALCANTI DE ALBUQUERQUE,Cabo de Santo Agostinho,0,0,2023,0.3,0.021145489066839218,0.27885451093316077,urbana
26130203,ESCOLA DE REFERENCIA EM ENSINO MEDIO SENADOR FRANCISCO PESSOA DE QUEIROZ,Cabo de Santo Agostinho,0,0,2023,0.0,0.012873596511781216,-0.012873596511781216,urbana
26130319,ESCOLA PROFESSOR NATANAEL BARBOSA MEDRADO,Cabo de Santo Agostinho,0,0,2023,0.0,0.016448743641376495,-0.016448743641376495,urbana
26130386,ESCOLA DE REFERENCIA EM ENSINO MEDIO JOSE RODRIGUES DE CARVALHO,Cabo de Santo Agostinho,0,0,2023,0.0,0.04819215089082718,-0.04819215089082718,urbana
26130521,ESCOLA DE REFERENCIA EM ENSINO MEDIO ZUMBI DOS PALMARES,Cabo de Santo Agostinho,0,0,2023,0.0,0.012666938826441765,-0.012666938826441765,urbana
26130947,ESCOLA DOMINGOS DE ALBUQUERQUE,Ipojuca,0,0,2023,0.0,0.0957912877202034,-0.0957912877202034,urbana
26131528,ESCOLA DE REFERENCIA EM ENSINO MEDIO ALBERTINA DA COSTA SOARES,Ipojuca,1,0,2023,1.9,0.12980026006698608,1.7701997399330138,rural
26131668,ESCOLA ANIBAL CARDOSO,Ipojuca,0,0,2023,0.0,0.013356298208236694,-0.013356298208236694,urbana
26131684,ESCOLA DE REFERENCIA EM ENSINO MEDIO FREI OTTO,Ipojuca,0,0,2023,0.0,0.0038019518833607435,-0.0038019518833607435,urbana
26131692,ESCOLA DE REFERENCIA EM ENSINO MEDIO JOSE MARIO ALVES DA SILVA,Ipojuca,0,0,2023,0.0,0.010810879059135914,-0.010810879059135914,urbana
26132001,ESCOLA DE REFERENCIA EM ENSINO MEDIO ARQUIPELAGO FERNANDO DE NORONHA,Fernando de Noronha,0,0,2023,0.0,0.010802557691931725,-0.010802557691931725,urbana
26132230,ESCOLA DE APLICACAO PROFESSORA IVONITA ALVES GUERRA,Garanhuns,0,0,2023,0.0,0.0015541459433734417,-0.0015541459433734417,urbana
26132735,ESCOLA DE REFERENCIA EM ENSINO MEDIO SOLIDONIO PEREIRA DE CARVALHO,Quixaba,0,0,2023,0.0,0.4978199303150177,-0.4978199303150177,urbana
26133920,ESCOLA DE REFERENCIA EM ENSINO MEDIO PADRE ANTONIO BARBOSA JUNIOR,Jurema,0,0,2023,0.0,0.24162207543849945,-0.24162207543849945,urbana
26133949,ESCOLA DE REFERENCIA EM ENSINO MEDIO PROFESSORA CARLOTA BRECKENFELD,Tabira,0,0,2023,0.0,0.013688966631889343,-0.013688966631889343,urbana
26133974,ESCOLA DE REFERENCIA EM ENSINO FUNDAMENTAL E MEDIO PEDRO SANTOS ESTIMA,Flores,0,0,2023,0.0,0.13419312238693237,-0.13419312238693237,urbana
26133985,ESCOLA DE REFERENCIA EM ENSINO MEDIO REGINA PACIS,Santa Cruz da Baixa Verde,0,0,2023,0.0,0.08248584717512131,-0.08248584717512131,urbana
26134085,ESCOLA DE REFERENCIA EM ENSINO MEDIO ALFREDO DE CARVALHO,Triunfo,0,0,2023,0.0,0.01804405450820923,-0.01804405450820923,urbana
26134213,ESCOLA TECNICA ESTADUAL MARIA EMILIA CANTARELLI,Belém do São Francisco,0,0,2023,0.0,0.17442737519741058,-0.17442737519741058,urbana
26135400,ESCOLA ESTADUAL PROFESSORA MARIZA JOSE BARBOSA DA SILVA,Passira,1,0,2023,0.0,0.04613115265965462,-0.04613115265965462,rural
26135555,ESCOLA DE REFERENCIA EM ENSINO MEDIO ESCRITOR PAULO CAVALCANTI,Olinda,0,0,2023,0.0,0.008650424890220165,-0.008650424890220165,urbana
26136455,ESCOLA DE REFERENCIA EM ENSINO MEDIO MARECHAL FLORIANO PEIXOTO,Olinda,0,0,2023,0.0,0.0076916092075407505,-0.0076916092075407505,urbana
26136460,ESCOLA DE REFERENCIA EM ENSINO MEDIO SANTA ANA,Olinda,0,0,2023,0.0,0.008217265829443932,-0.008217265829443932,urbana
26136489,ESCOLA DE REFERENCIA EM ENSINO MEDIO ESCRITOR JOSE DE ALENCAR,Paulista,0,0,2023,0.0,0.016569655388593674,-0.016569655388593674,urbana
26137149,ESCOLA DE REFERENCIA EM ENSINO FUNDAMENTAL E MEDIO STELA MARIA DOS SANTOS PINTO BARROS,Abreu e Lima,0,0,2023,0.0,0.0239839106798172,-0.0239839106798172,urbana
26138875,ANEXO I DO COLEGIO DA POLICIA MILITAR PETROLINA,Petrolina,0,0,2023,0.0,5.658908776240423e-05,-5.658908776240423e-05,urbana
26139081,ESCOLA DE REFERENCIA EM ENSINO MEDIO JOAO RODRIGUES LEITE,Carnaubeira da Penha,1,0,2023,0.0,0.03496341407299042,-0.03496341407299042,rural
26139120,ESCOLA DE REFERENCIA EM ENSINO MEDIO HONORIO BERNARDES DA SILVA,Belém do São Francisco,1,0,2023,0.0,0.018862679600715637,-0.018862679600715637,rural
26140144,ESCOLA DE REFERENCIA EM ENSINO MEDIO PAU BRASIL,Santa Maria da Boa Vista,1,0,2023,0.0,0.4593540132045746,-0.4593540132045746,rural
26140179,ESCOLA DE REFERENCIA EM ENSINO FUNDAMENTAL ENEIDE COELHO PAIXAO CAVALCANTI,Petrolina,0,0,2023,4.3,0.20625202357769012,4.09374797642231,urbana
26145677,ESCOLA DE REFERENCIA EM ENSINO MEDIO JUSTA BARBOSA DE SALES,Vertente do Lério,0,0,2023,0.0,0.057561229914426804,-0.057561229914426804,urbana
26146967,ESCOLA BEM-TE-VI,Orocó,1,1,2023,0.0,0.2063775360584259,-0.2063775360584259,diferenciada
26147190,ESCOLA ESTADUAL ORORUBA,Pesqueira,1,1,2023,28.1,18.518861770629883,9.581138229370119,diferenciada
26148021,ESCOLA DE REFERENCIA EM ENSINO MEDIO GREGORIO BEZERRA,Panelas,0,0,2023,0.3,0.04835330694913864,0.25164669305086135,urbana
26148447,ESCOLA DE REFERENCIA EM ENSINO MEDIO DOUTOR ADILSON BEZERRA DE SOUZA,Santa Cruz do Capibaribe,0,0,2023,0.0,0.020283857360482216,-0.020283857360482216,urbana
26149907,ESCOLA DE REFERENCIA EM ENSINO FUNDAMENTAL E MEDIO JUAZEIRO,Tacaratu,1,1,2023,0.0,1.2257676124572754,-1.2257676124572754,diferenciada
26153742,ESCOLA ESTADUAL MADRE IVA BEZERRA DE ARAUJO,Cabo de Santo Agostinho,0,0,2023,0.0,0.017131086438894272,-0.017131086438894272,urbana
26154358,ESCOLA DE REFERENCIA EM ENSINO FUNDAMENTAL E ENSINO MEDIO ICO MANDANTES,Petrolândia,1,0,2023,0.0,0.017061658203601837,-0.017061658203601837,rural
26154803,ESCOLA DE REFERENCIA EM ENSINO MEDIO ELVIRA GRANJA DE SOUZA,Santa Cruz,0,0,2023,4.5,1.6266194581985474,2.8733805418014526,urbana
26155435,ESCOLA JOAQUIM ROSENO DOS SANTOS,Floresta,1,1,2023,12.7,14.630242347717285,-1.9302423477172859,diferenciada
26155559,ESCOLA DE REFERENCIA EM ENSINO MEDIO DOM HELDER CAMARA,Lagoa Grande,1,0,2023,3.1,0.015791945159435272,3.084208054840565,rural
26155567,ESCOLA PROFESSORA JOSEFINA GOMES ARAUJO,Lagoa Grande,1,0,2023,0.6,0.25266340374946594,0.34733659625053404,rural
26165112,ESCOLA SANTA SOFIA,Camaragibe,0,0,2023,0.0,0.019306864589452744,-0.019306864589452744,urbana
26165783,ESCOLA DE REFERENCIA EM ENSINO MEDIO NOSSA SENHORA DA PENHA,Gameleira,0,0,2023,0.0,0.06902012974023819,-0.06902012974023819,urbana
26167158,ESCOLA PROFESSORA GALTEMIR LINS,Palmares,0,0,2023,0.0,0.5290274620056152,-0.5290274620056152,urbana
26169029,ESCOLA DE REFERENCIA EM ENSINO MEDIO RAIMUNDO DE CASTRO FERREIRA,Santa Filomena,0,0,2023,1.3,0.2582811117172241,1.041718888282776,urbana
26169193,ESCOLA ESTADUAL TEOTONIO CORREIA DA SILVA,Sirinhaém,1,0,2023,0.0,0.06438972800970078,-0.06438972800970078,rural
26169223,ESCOLA ESTADUAL DOUTOR CAETANO MONTEIRO,Rio Formoso,1,0,2023,0.7,0.034132301807403564,0.6658676981925964,rural
26169975,ESCOLA JOSE ANTONIO FAGUNDES,Paudalho,1,0,2023,7.7,0.4228149950504303,7.27718500494957,rural
26171198,ESCOLA DE REFERENCIA EM ENSINO FUNDAMENTAL E MEDIO PROFESSORA MARIA EUGENIA LOPES GOMES,Cabo de Santo Agostinho,0,0,2023,0.0,0.01597723737359047,-0.01597723737359047,urbana
26172712,ESCOLA DE REFERENCIA EM ENSINO MEDIO GINASIO PERNAMBUCANO - AURORA,Recife,0,0,2023,0.0,0.003770720912143588,-0.003770720912143588,urbana
26174464,ESCOLA DE REFERENCIA EM ENSINO MEDIO HENRIQUE JUSTINO DE MELO,Jucati,0,0,2023,0.0,0.09921222925186157,-0.09921222925186157,urbana
26175509,ESCOLA ESTADUAL QUILOMBOLA PROFESSORA ROSA DORALINA MENDES,Salgueiro,1,1,2023,0.0,2.5453429222106934,-2.5453429222106934,diferenciada
26175533,ESCOLA TECNICA ESTADUAL PEDRO MUNIZ FALCAO,Araripina,0,0,2023,0.0,0.03240083530545235,-0.03240083530545235,urbana
26176203,ESCOLA TECNICA ESTADUAL PROFESSOR PAULO FREIRE,Carnaíba,0,0,2023,0.0,0.038199540227651596,-0.038199540227651596,urbana
26176211,ESCOLA TECNICA ESTADUAL MARIA JOSE VASCONCELOS,Bezerros,0,0,2023,0.4,0.020145228132605553,0.37985477186739447,urbana
26176220,ESCOLA TECNICA ESTADUAL CELIA DE SOUZA LEAO ARRAES DE ALENCAR,Bonito,0,0,2023,0.0,0.1496240496635437,-0.1496240496635437,urbana
26176238,ESCOLA TECNICA ESTADUAL PROFESSOR LUCILO AVILA PESSOA,Recife,0,0,2023,0.0,0.00407456886023283,-0.00407456886023283,urbana
26176246,ESCOLA TECNICA ESTADUAL ALCIDES DO NASCIMENTO LINS,Camaragibe,0,0,2023,0.0,0.003990402910858393,-0.003990402910858393,urbana
26176254,ESCOLA TECNICA ESTADUAL JOSE NIVALDO PEREIRA RAMOS,Santa Cruz do Capibaribe,0,0,2023,0.0,0.004222552292048931,-0.004222552292048931,urbana
26176262,ESCOLA TECNICA ESTADUAL PROFESSORA CELIA SIQUEIRA,São José do Egito,0,0,2023,0.0,0.01384773850440979,-0.01384773850440979,urbana
26176882,ESCOLA TECNICA ESTADUAL PROFESSOR JOSE LUIZ DE MENDONCA,Gravatá,0,0,2023,0.0,0.004509597551077604,-0.004509597551077604,urbana
26177013,ESCOLA DE REFERENCIA EM ENSINO MEDIO DE BEZERROS,Bezerros,0,0,2023,0.0,0.01699966751039028,-0.01699966751039028,urbana
26177927,ESCOLA MALAQUIAS MENDES DA SILVA,Petrolina,1,0,2023,0.0,0.01955161802470684,-0.01955161802470684,rural
26178028,ESCOLA DE REFERENCIA EM ENSINO MEDIO DE IPOJUCA,Ipojuca,0,0,2023,0.0,0.004234121646732092,-0.004234121646732092,urbana
26178079,ESCOLA ESTADUAL FERNANDO SOARES LYRA,Cabo de Santo Agostinho,0,0,2023,2.7,0.07287601381540298,2.627123986184597,urbana
26178087,ESCOLA DE REFERENCIA EM ENSINO MEDIO CABO DE SANTO AGOSTINHO,Cabo de Santo Agostinho,0,0,2023,1.6,0.0076916092075407505,1.5923083907924593,urbana
26178095,ESCOLA DE REFERENCIA EM ENSINO MEDIO CLEMENTINO COELHO,Petrolina,0,0,2023,0.2,0.0028151492588222027,0.1971848507411778,urbana
26178176,ESCOLA DE REFERENCIA EM ENSINO MEDIO DE TIMBAUBA PROFESSOR ANTONIO JOSE BARBOZA DOS SANTOS,Timbaúba,0,0,2023,0.0,0.0035086493007838726,-0.0035086493007838726,urbana
26178192,ESCOLA DE REFERENCIA EM ENSINO MEDIO PROFESSOR ADAUTO CARVALHO,Serra Talhada,0,0,2023,0.0,0.05920594185590744,-0.05920594185590744,urbana
26178222,ESCOLA DE REFERENCIA EM ENSINO MEDIO DOS PALMARES DOM ACACIO RODRIGUES ALVES,Palmares,0,0,2023,0.7,0.004946914967149496,0.6950530850328505,urbana
26178230,ESCOLA TECNICA ESTADUAL CICERO DIAS,Recife,0,0,2023,0.0,0.0035086493007838726,-0.0035086493007838726,urbana
26178435,ESCOLA DE REFERENCIA EM ENSINO MEDIO MARIA VIEIRA MULITERNO,Abreu e Lima,0,0,2023,0.0,0.003252320224419236,-0.003252320224419236,urbana
26178656,ESCOLA DE REFERENCIA EM ENSINO MEDIO DE PANELAS,Panelas,1,0,2023,0.0,0.005205022636801004,-0.005205022636801004,rural
26178699,ESCOLA DE REFERENCIA EM ENSINO MEDIO DE ARCOVERDE,Arcoverde,0,0,2023,0.0,0.050295475870370865,-0.050295475870370865,urbana
26179474,ESCOLA DE REFERENCIA EM ENSINO MEDIO JOSIAS INOJOSA DE OLIVEIRA,Araripina,0,0,2023,0.5,0.019064700230956078,0.4809352997690439,urbana
26179610,ESCOLA DE REFERENCIA EM ENSINO MEDIO NOBREGA,Recife,0,0,2023,0.0,0.0035086493007838726,-0.0035086493007838726,urbana
26179806,ESCOLA DE REFERENCIA EM ENSINO MEDIO DE SALGUEIRO,Salgueiro,0,0,2023,0.3,0.035596463829278946,0.26440353617072104,urbana
26179857,ESCOLA TECNICA ESTADUAL PORTO DIGITAL,Recife,0,0,2023,0.0,0.04901573807001114,-0.04901573807001114,urbana
26179873,ESCOLA DE REFERENCIA EM ENSINO MEDIO DE BELO JARDIM,Belo Jardim,1,0,2023,0.0,0.22874785959720612,-0.22874785959720612,rural
26179997,ESCOLA DE REFERENCIA EM ENSINO MEDIO PROFESSORA EDITE MATOS,Santa Maria da Boa Vista,0,0,2023,0.0,0.006398742087185383,-0.006398742087185383,urbana
26181282,ESCOLA TECNICA ESTADUAL JOSE ALENCAR GOMES DA SILVA,Paulista,0,0,2023,0.0,0.0035086493007838726,-0.0035086493007838726,urbana
26181320,ESCOLA ESTADUAL DR MIGUEL ARRAES DE ALENCAR,Sirinhaém,0,0,2023,0.0,0.061094291508197784,-0.061094291508197784,urbana
26181649,ESCOLA DE REFERENCIA EM ENSINO MEDIO QUILOMBOLA VEREADORA ALZIRA TENORIO DO AMARAL,Custódia,1,1,2023,0.0,0.5346943736076355,-0.5346943736076355,diferenciada
26181975,ESCOLA DE REFERENCIA EM ENSINO MEDIO DJALMA MACEDO GOMES,Santa Filomena,1,0,2023,6.4,2.3417766094207764,4.058223390579224,rural
26182084,ESCOLA ESTADUAL JOSE RODRIGUES DE BARROS - MESTRE ZUZA,São José da Coroa Grande,1,0,2023,0.0,0.09989134967327118,-0.09989134967327118,rural
26182092,ESCOLA ESTADUAL ESCRITOR MAXIMIANO ACCIOLY CAMPOS,Sirinhaém,0,0,2023,0.0,0.029229963198304176,-0.029229963198304176,urbana
26182106,ESCOLA TECNICA ESTADUAL ANTONIO DOURADO CAVALCANTI,Lajedo,0,0,2023,0.0,0.033561788499355316,-0.033561788499355316,urbana
26183021,ESCOLA TECNICA ESTADUAL MIGUEL BATISTA,Recife,0,0,2023,0.0,0.004192048218101263,-0.004192048218101263,urbana
26183030,ESCOLA ESTADUAL DE MATRIZ DA LUZ,São Lourenço da Mata,1,0,2023,4.3,0.34531572461128235,3.9546842753887175,rural
26184699,ESCOLA ESTADUAL COLETTE CATTA,Cabo de Santo Agostinho,1,0,2023,0.0,0.07405993342399597,-0.07405993342399597,rural
26185059,ESCOLA DE REFERENCIA EM ENSINO MEDIO GENIFA FELISBELA NOBRE,Ipubi,0,0,2023,0.0,0.07507655024528503,-0.07507655024528503,urbana
26185113,ESCOLA TECNICA ESTADUAL PEDRO LEAO LEAL,São José do Belmonte,0,0,2023,0.0,0.040585197508335114,-0.040585197508335114,urbana
26185660,ESCOLA TECNICA ESTADUAL GOVERNADOR EDUARDO CAMPOS - SAO BENTO DO UNA - GARANHUNS,São Bento do Una,0,0,2023,0.0,0.008710495196282864,-0.008710495196282864,urbana
26185725,ESCOLA ESTADUAL LUIZ GOMES DINIZ,Bodocó,1,0,2023,4.5,0.7851276993751526,3.7148723006248474,rural
26185741,ESCOLA TECNICA ESTADUAL PROFESSOR FRANCISCO JONAS FEITOSA COSTA,Arcoverde,0,0,2023,0.0,0.01555654127150774,-0.01555654127150774,urbana
26185750,ESCOLA TECNICA ESTADUAL JORNALISTA CYL GALLINDO,Buíque,0,0,2023,0.0,0.01953328400850296,-0.01953328400850296,urbana
26185768,ESCOLA TECNICA ESTADUAL LUIZ ALVES LACERDA,Cabo de Santo Agostinho,0,0,2023,0.0,0.0033940314315259457,-0.0033940314315259457,urbana
26185806,ESCOLA TECNICA ESTADUAL GOVERNADOR EDUARDO CAMPOS,São Lourenço da Mata,0,0,2023,0.0,0.003956128843128681,-0.003956128843128681,urbana
26185938,ESCOLA TECNICA ESTADUAL EDSON MORORO MOURA,Belo Jardim,0,0,2023,0.0,0.00830972008407116,-0.00830972008407116,urbana
26185946,ESCOLA TECNICA ESTADUAL ADVOGADO JOSE DAVI GIL RODRIGUES,Jaboatão dos Guararapes,0,0,2023,0.0,0.0035086493007838726,-0.0035086493007838726,urbana
26186004,ESCOLA TECNICA ESTADUAL SENADOR WILSON CAMPOS,Paudalho,1,0,2023,0.0,0.0013677270617336035,-0.0013677270617336035,rural
26186241,ESCOLA DE REFERENCIA EM ENSINO MEDIO PROFESSOR JORDAO EMERENCIANO,Recife,0,0,2023,0.0,0.012841547839343548,-0.012841547839343548,urbana
26186411,ESCOLA ESTADUAL INDIGENA JOSEFA ALICE DA CONCEICAO,Itacuruba,1,1,2023,13.2,6.1249871253967285,7.075012874603271,diferenciada
26186446,ESCOLA ESTADUAL INDIGENA QUITERIA MARIA DE JESUS,Jatobá,1,1,2023,1.8,16.35252571105957,-14.55252571105957,diferenciada
26187051,ESCOLA TECNICA ESTADUAL MINISTRO FERNANDO LYRA,Caruaru,0,0,2023,0.0,0.004969314206391573,-0.004969314206391573,urbana
26187566,ESCOLA ESTADUAL CLAUDIO RODRIGUES GALINDO,Afrânio,1,0,2023,0.0,0.05387849360704422,-0.05387849360704422,rural
26187825,ESCOLA TECNICA ESTADUAL JURANDIR BEZERRA LINS,Igarassu,0,0,2023,0.0,0.003770720912143588,-0.003770720912143588,urbana
26187965,ESCOLA TECNICA ESTADUAL PROFESSORA MARIA WILZA BARROS DE MIRANDA,Petrolina,0,0,2023,0.0,0.002586051821708679,-0.002586051821708679,urbana
26187973,ESCOLA DE REFERENCIA EM ENSINO MEDIO PROFESSORA EVANIRA DE SOUZA DIAS,Petrolina,0,0,2023,0.0,0.002589346142485738,-0.002589346142485738,urbana
26188295,ESCOLA DE REFERENCIA EM ENSINO MEDIO POMPEIA CAMPOS,Recife,0,0,2023,0.0,0.003770720912143588,-0.003770720912143588,urbana
26188538,ESCOLA TECNICA ESTADUAL ARIANO VILAR SUASSUNA - GARANHUNS,Garanhuns,0,0,2023,0.0,0.004117587581276894,-0.004117587581276894,urbana
26188554,ESCOLA TECNICA ESTADUAL FRANCISCO DE MATOS SOBRINHO,Bom Conselho,0,0,2023,0.0,0.004222552292048931,-0.004222552292048931,urbana
26188643,ESCOLA ESTADUAL INDIGENA ANANIAS DE SENA,Carnaubeira da Penha,1,1,2023,2.5,6.144052505493164,-3.644052505493164,diferenciada
26189526,ESCOLA ESTADUAL INDIGENA LUIZ PEREIRA LEAL,Itacuruba,1,1,2023,1.3,13.418827056884766,-12.118827056884765,diferenciada
26189585,ESCOLA TECNICA ESTADUAL PASTOR ISAAC MARTINS RODRIGUES,Abreu e Lima,0,0,2023,0.0,0.0035086493007838726,-0.0035086493007838726,urbana
26190028,ESCOLA ESTADUAL PAULO DANTAS FILHO,Buíque,1,0,2023,2.7,0.08945564925670624,2.610544350743294,rural
26190737,ESCOLA TECNICA ESTADUAL CHICO SCIENCE,Olinda,0,0,2023,0.0,0.007294927723705769,-0.007294927723705769,urbana
26191229,ESCOLA TECNICA ESTADUAL PROFESSORA MARIA AMELIA DE FREITAS ARAUJO,Cabrobó,0,0,2023,0.0,0.021825917065143585,-0.021825917065143585,urbana
26191261,ESCOLA TECNICA ESTADUAL MARIA FERREIRA MARTINS,Itaíba,0,0,2023,1.2,0.1471567302942276,1.0528432697057724,urbana
26213800,ESCOLA MANOEL MESSIAS BARBOSA,Petrolina,1,0,2023,0.0,0.1363065242767334,-0.1363065242767334,rural
26305615,ESCOLA DE REFERENCIA EM ENSINO MEDIO CARLOS SOARES DA SILVA,Salgadinho,0,0,2023,0.0,0.029581183567643166,-0.029581183567643166,urbana
26366614,ESCOLA DE REFERENCIA EM ENSINO MEDIO JOSE DO PATROCINIO MOTA,São Bento do Una,0,0,2023,0.0,0.04373679682612419,-0.04373679682612419,urbana
26408643,ESCOLA DE REFERENCIA EM ENSINO MEDIO PROFESSORA BENEDITA DE MORAIS GUERRA,Macaparana,0,0,2023,0.0,0.015930404886603355,-0.015930404886603355,urbana
26419823,ESCOLA DE REFERENCIA EM ENSINO MEDIO TERESINHA DE SOUZA LIRA,Floresta,1,0,2023,0.0,0.25564470887184143,-0.25564470887184143,rural
26419831,ESCOLA ESTADUAL JOSE FERREIRA DA SILVA,Floresta,1,1,2023,2.2,8.78327465057373,-6.58327465057373,diferenciada
26426714,ESCOLA INDIGENA CAPITAO DENA,Cabrobó,1,1,2023,3.1,4.244036674499512,-1.1440366744995116,diferenciada
26525720,ESCOLA TECNICA ESTADUAL MARIA EDUARDA RAMOS DE BARROS,Carpina,0,0,2023,0.0,0.0033980142325162888,-0.0033980142325162888,urbana
26525780,ESCOLA DE REFERENCIA EM ENSINO MEDIO GOVERNADOR MIGUEL ARRAES DE ALENCAR,Granito,0,0,2023,0.0,0.34941864013671875,-0.34941864013671875,urbana
26525798,ESCOLA TECNICA ESTADUAL ADERICO ALVES DE VASCONCELOS,Goiana,0,0,2023,0.0,0.0035086493007838726,-0.0035086493007838726,urbana
26525801,ESCOLA TECNICA ESTADUAL JOSE HUMBERTO DE MOURA CAVALCANTI,Limoeiro,0,0,2023,0.0,0.018672630190849304,-0.018672630190849304,urbana
26525810,ESCOLA TECNICA ESTADUAL MIGUEL ARRAES DE ALENCAR,Timbaúba,0,0,2023,0.0,0.003770720912143588,-0.003770720912143588,urbana
26525828,ESCOLA TECNICA ESTADUAL MAXIMIANO ACCIOLY CAMPOS,Jaboatão dos Guararapes,0,0,2023,0.2,0.003770720912143588,0.19622927908785642,urbana
26525836,ESCOLA TECNICA ESTADUAL ANTONIO ARRUDA DE FARIAS,Surubim,0,0,2023,0.0,0.004379528108984232,-0.004379528108984232,urbana
26525852,ESCOLA DE REFERENCIA EM ENSINO MEDIO PROFESSOR DENIVAL JOSE RODRIGUES DE MELO,Itaquitinga,0,0,2023,0.0,0.02047419734299183,-0.02047419734299183,urbana
26525933,ESCOLA TECNICA ESTADUAL ARLINDO FERREIRA DOS SANTOS,Sertânia,0,0,2023,0.0,0.0247847568243742,-0.0247847568243742,urbana
26540720,ESCOLA DE REFERENCIA EM ENSINO MEDIO PROFESSORA IRENE MARIA RAMOS COELHO,Afrânio,0,0,2023,0.0,0.023560132831335068,-0.023560132831335068,urbana
