transicao,CO_ENTIDADE,NO_ENTIDADE,NO_MUNICIPIO,taxa_real,taxa_prev,mat_t1,alunos_real,alunos_prev,residuo_alunos
2022-2023,26106582,ESCOLA GENERAL ABREU E LIMA,Abreu e Lima,0.0,0.6439600586891174,384.0,0.0,2.472806625366211,-2.472806625366211
2022-2023,26106612,ESCOLA MARECHAL COSTA E SILVA,Abreu e Lima,0.0,0.2247181534767151,215.0,0.0,0.4831440299749374,-0.4831440299749374
2022-2023,26106698,ESCOLA ORFANATO ESTRELA DE BETHEL,Abreu e Lima,0.0,0.24697166681289673,220.0,0.0,0.5433376669883728,-0.5433376669883728
2022-2023,26106701,ESCOLA DE REFERENCIA EM ENSINO FUNDAMENTAL E MEDIO PASTOR AMARO DE SENA,Abreu e Lima,0.0,0.3257814347743988,138.0,0.0,0.44957837998867034,-0.44957837998867034
2022-2023,26106728,ESCOLA DE REFERENCIA EM ENSINO FUNDAMENTAL E ENSINO MEDIO POLIVALENTE DE ABREU E LIMA,Abreu e Lima,0.0,1.2858210802078247,276.0,0.0,3.5488661813735964,-3.5488661813735964
2022-2023,26106957,ESCOLA DE REFERENCIA EM ENSINO MEDIO LUIZ RODOLFO DE ARAUJO JUNIOR,Abreu e Lima,0.0,0.21521155536174774,193.0,0.0,0.41535830184817313,-0.41535830184817313
2022-2023,26107074,ESCOLA DE REFERENCIA EM ENSINO FUNDAMENTAL E MEDIO PROFESSORA AZINETE RAMOS CARNEIRO,Abreu e Lima,0.0,0.41766124963760376,100.0,0.0,0.4176612496376037,-0.4176612496376037
2022-2023,26107082,ESCOLA PROFESSORA ISAURA DE FRANCA,Abreu e Lima,0.0,0.3157361149787903,217.0,0.0,0.6851473695039749,-0.6851473695039749
2022-2023,26137149,ESCOLA DE REFERENCIA EM ENSINO FUNDAMENTAL E MEDIO STELA MARIA DOS SANTOS PINTO BARROS,Abreu e Lima,0.0,0.2247181534767151,256.0,0.0,0.5752784729003906,-0.5752784729003906
2022-2023,26178435,ESCOLA DE REFERENCIA EM ENSINO MEDIO MARIA VIEIRA MULITERNO,Abreu e Lima,0.0,0.21521155536174774,372.0,0.0,0.8005869859457015,-0.8005869859457015
2022-2023,26189585,ESCOLA TECNICA ESTADUAL PASTOR ISAAC MARTINS RODRIGUES,Abreu e Lima,0.0,0.21521155536174774,478.0,0.0,1.0287112346291543,-1.0287112346291543
2022-2023,26014564,ESCOLA DE REFERENCIA EM ENSINO MEDIO NORMAL ESTADUAL PROFESSORA IONE DE GOES BARROS,Afogados da Ingazeira,0.0,0.3905818462371826,516.0,0.0,2.0154023265838625,-2.0154023265838625
2022-2023,26014572,ESCOLA CONEGO JOAO LEITE GONCALVES DE ANDRADE,Afogados da Ingazeira,2.1,0.5801945924758911,519.0,10.899000000000001,3.011209934949875,7.887790065050126
2022-2023,26014670,ESCOLA DE REFERENCIA EM ENSINO MEDIO MONSENHOR ANTONIO DE PADUA SANTOS,Afogados da Ingazeira,0.0,0.9016650319099426,308.0,0.0,2.7771282982826233,-2.7771282982826233
2022-2023,26030950,ESCOLA ANTONIO CAVALCANTI FILHO,Afrânio,0.0,0.3191629648208618,498.0,0.0,1.589431564807892,-1.589431564807892
2022-2023,26187566,ESCOLA ESTADUAL CLAUDIO RODRIGUES GALINDO,Afrânio,0.0,0.22814498841762543,81.0,0.0,0.1847974406182766,-0.1847974406182766
2022-2023,26540720,ESCOLA DE REFERENCIA EM ENSINO MEDIO PROFESSORA IRENE MARIA RAMOS COELHO,Afrânio,0.0,0.21863839030265808,300.0,0.0,0.6559151709079742,-0.6559151709079742
2022-2023,26081849,ESCOLA DE REFERENCIA EM ENSINO MEDIO PROFESSOR JOSE CONSTANTINO,Agrestina,0.0,0.2922905683517456,675.0,0.0,1.9729613363742828,-1.9729613363742828
2022-2023,26096030,ESCOLA DE REFERENCIA EM ENSINO MEDIO JOAO VICENTE DE QUEIROZ,Água Preta,0.0,0.2173476219177246,551.0,0.0,1.1975853967666625,-1.1975853967666625
2022-2023,26096358,ESCOLA DE REFERENCIA EM ENSINO MEDIO JOAO VICENTE DE QUEIROZ - USINA,Água Preta,0.0,0.5363278388977051,166.0,0.0,0.8903042125701904,-0.8903042125701904
2022-2023,26044412,ESCOLA JOAO RODRIGUES CARDOSO,Águas Belas,2.5,0.5185717940330505,1375.0,34.375,7.130362167954445,27.244637832045555
2022-2023,26044447,ESCOLA ESTADUAL INDIGENA FULNI-O MARECHAL RONDON,Águas Belas,20.1,8.077969551086426,131.0,26.331000000000003,10.582140111923216,15.748859888076787
2022-2023,26044862,ESCOLA DE REFERENCIA EM ENSINO MEDIO CORONEL NICOLAU SIQUEIRA,Águas Belas,0.0,0.3561614453792572,282.0,0.0,1.0043752759695053,-1.0043752759695053
2022-2023,26049562,ESCOLA DE REFERENCIA EM ENSINO MEDIO GONCALO ANTUNES BEZERRA,Alagoinha,0.0,0.7730857729911804,468.0,0.0,3.6180414175987243,-3.6180414175987243
2022-2023,26086905,ESCOLA DE REFERENCIA EM ENSINO MEDIO JOAQUINA LIRA,Aliança,0.0,0.2827492654323578,599.0,0.0,1.6936680999398233,-1.6936680999398233
2022-2023,26087022,ESCOLA CEL LUIZ IGNACIO PESSOA DE MELO,Aliança,0.0,0.2790364623069763,135.0,0.0,0.37669922411441803,-0.37669922411441803
2022-2023,26087030,ESCOLA DOM BOSCO,Aliança,0.5,0.4632096588611603,460.0,2.3000000000000003,2.1307644307613374,0.1692355692386629
2022-2023,26082020,ESCOLA DE REFERENCIA EM ENSINO MEDIO JOSE LINS DE FIGUEIREDO,Altinho,1.6,0.6851633191108704,205.0,3.2800000000000002,1.4045848041772842,1.875415195822716
2022-2023,26082179,ESCOLA DE REFERENCIA EM ENSINO MEDIO PROFESSOR FRANCISCO JOAQUIM DE BARROS CORREIA,Altinho,0.0,0.29011112451553345,541.0,0.0,1.569501183629036,-1.569501183629036
2022-2023,26097117,ESCOLA DE REFERENCIA EM ENSINO MEDIO ANTONIO ALVES DE ARAUJO,Amaraji,0.0,0.20399373769760132,403.0,0.0,0.8220947629213333,-0.8220947629213333
2022-2023,26097249,ESCOLA DOM LUIZ DE BRITO,Amaraji,0.0,0.49965187907218933,235.0,0.0,1.174181915819645,-1.174181915819645
2022-2023,26071924,ESCOLA DE REFERENCIA EM ENSINO MEDIO AZARIAS SALGADO,Angelim,0.0,0.7061030864715576,345.0,0.0,2.436055648326874,-2.436055648326874
2022-2023,26105837,ESCOLA DE REFERENCIA EM ENSINO MEDIO MARIA GAYAO PESSOA GUERRA,Araçoiaba,0.0,0.2402740865945816,792.0,0.0,1.9029707658290862,-1.9029707658290862
2022-2023,26000024,ESCOLA DE REFERENCIA EM ENSINO MEDIO LUIZ GONZAGA DUARTE,Araripina,9.4,0.3801165819168091,489.0,45.966,1.8587700855731966,44.1072299144268
2022-2023,26000636,ESCOLA DE REFERENCIA EM ENSINO MEDIO MANOEL RIBEIRO DAMASCENO,Araripina,0.0,0.724852442741394,171.0,0.0,1.2394976770877837,-1.2394976770877837
2022-2023,26000741,ESCOLA DE REFERENCIA EM ENSINO MEDIO PADRE LUIZ GONZAGA,Araripina,0.0,0.37060999870300293,525.0,0.0,1.9457024931907654,-1.9457024931907654
2022-2023,26000792,ESCOLA PROFESSOR MANOEL BONIFACIO COSTA,Araripina,6.7,3.0057826042175293,456.0,30.552000000000003,13.706368675231934,16.84563132476807
2022-2023,26001225,ESCOLA SAO JOAO BATISTA - ARARIPINA,Araripina,9.9,4.0108842849731445,94.0,9.306000000000001,3.770231227874756,5.535768772125245
2022-2023,26001594,ESCOLA MOISES BOM DE OLIVEIRA,Araripina,0.0,0.25106462836265564,141.0,0.0,0.3540011259913444,-0.3540011259913444
2022-2023,26001624,ESCOLA DE REFERENCIA EM ENSINO MEDIO ANIZIO RODRIGUES COELHO,Araripina,0.0,0.37060999870300293,240.0,0.0,0.889463996887207,-0.889463996887207
2022-2023,26001896,ESCOLA VITALINA MARIA DE JESUS,Araripina,4.2,0.37060999870300293,116.0,4.872,0.4299075984954834,4.4420924015045165
2022-2023,26175533,ESCOLA TECNICA ESTADUAL PEDRO MUNIZ FALCAO,Araripina,0.5,0.3671831488609314,444.0,2.22,1.6302931809425354,0.5897068190574648
2022-2023,26179474,ESCOLA DE REFERENCIA EM ENSINO MEDIO JOSIAS INOJOSA DE OLIVEIRA,Araripina,0.0,0.4582010507583618,402.0,0.0,1.8419682240486146,-1.8419682240486146
2022-2023,26024675,ESCOLA DE REFERENCIA EM ENSINO MEDIO SENADOR VITORINO FREIRE,Arcoverde,0.0,0.639369547367096,401.0,0.0,2.563871884942055,-2.563871884942055
2022-2023,26024730,ESCOLA DE REFERENCIA EM ENSINO MEDIO CARLOS RIOS,Arcoverde,0.0,0.6971539258956909,437.0,0.0,3.0465626561641694,-3.0465626561641694
2022-2023,26024764,ESCOLA JORNALISTA EDSON REGIS,Arcoverde,0.0,1.956419587135315,203.0,0.0,3.9715317618846893,-3.9715317618846893
2022-2023,26024780,ESCOLA LIONS ANTONIO MORENO,Arcoverde,0.0,1.0399879217147827,218.0,0.0,2.2671736693382263,-2.2671736693382263
2022-2023,26024802,ESCOLA DE REFERENCIA EM ENSINO FUNDAMENTAL E MEDIO MONSENHOR JOSE KEHRLE,Arcoverde,0.0,0.7057492136955261,276.0,0.0,1.9478678297996521,-1.9478678297996521
2022-2023,26178699,ESCOLA DE REFERENCIA EM ENSINO MEDIO DE ARCOVERDE,Arcoverde,0.0,0.7383909225463867,704.0,0.0,5.198272094726563,-5.198272094726563
2022-2023,26185741,ESCOLA TECNICA ESTADUAL PROFESSOR FRANCISCO JONAS FEITOSA COSTA,Arcoverde,0.0,0.6313372850418091,470.0,0.0,2.967285239696503,-2.967285239696503
2022-2023,26082861,ESCOLA DE REFERENCIA EM ENSINO MEDIO LEOBALDO SOARES DA SILVA,Barra de Guabiraba,0.0,0.2741539478302002,325.0,0.0,0.8910003304481506,-0.8910003304481506
2022-2023,26097257,ESCOLA DE REFERENCIA EM ENSINO MEDIO DOUTOR ANTHENOR GUIMARAES,Barreiros,0.0,0.21521155536174774,590.0,0.0,1.2697481766343117,-1.2697481766343117
2022-2023,26097354,ESCOLA DE REFERENCIA EM ENSINO FUNDAMENTAL E MEDIO CRISTIANO BARBOSA E SILVA,Barreiros,1.2,3.597461700439453,168.0,2.016,6.043735656738281,-4.027735656738281
2022-2023,26097370,ESCOLA HELIO SANTIAGO RAMOS,Barreiros,0.0,1.8023910522460938,274.0,0.0,4.9385514831542965,-4.9385514831542965
2022-2023,26097591,ESCOLA DE REFERENCIA EM ENSINO MEDIO PROFESSOR JOAQUIM AUGUSTO DE NORONHA FILHO,Barreiros,0.8,0.43090006709098816,403.0,3.224,1.7365272703766823,1.487472729623318
2022-2023,26097710,ESCOLA TECNICA ESTADUAL CENTRAL DE BARREIROS,Barreiros,0.4,0.18962618708610535,244.0,0.976,0.462687896490097,0.513312103509903
2022-2023,26097982,ESCOLA DE REFERENCIA EM ENSINO MEDIO PRESIDENTE TANCREDO NEVES,Belém de Maria,0.0,0.21863839030265808,429.0,0.0,0.9379586943984031,-0.9379586943984031
2022-2023,26038935,ESCOLA DE REFERENCIA EM ENSINO MEDIO MONSENHOR JOAO PIRES,Belém do São Francisco,3.4,3.4433865547180176,154.0,5.236000000000001,5.302815294265748,-0.06681529426574695
2022-2023,26039702,ESCOLA DE REFERENCIA EM ENSINO MEDIO TERCINA RORIZ,Belém do São Francisco,0.0,0.24048639833927155,210.0,0.0,0.5050214365124702,-0.5050214365124702
2022-2023,26039770,ESCOLA DE REFERENCIA EM ENSINO FUNDAMENTAL E ENSINO MEDIO DOUTOR ALIPIO LUSTOSA,Belém do São Francisco,2.6,0.20344345271587372,42.0,1.092,0.08544625014066697,1.006553749859333
2022-2023,26040220,ESCOLA CELESTINO NUNES,Belém do São Francisco,0.0,8.70571517944336,48.0,0.0,4.178743286132812,-4.178743286132812
2022-2023,26134213,ESCOLA TECNICA ESTADUAL MARIA EMILIA CANTARELLI,Belém do São Francisco,1.3,0.7561458945274353,164.0,2.132,1.2400792670249938,0.8919207329750063
2022-2023,26139120,ESCOLA ESTADUAL HONORIO BERNARDES DA SILVA,Belém do São Francisco,0.0,0.02713342197239399,59.0,0.0,0.016008718963712455,-0.016008718963712455
2022-2023,26050048,ESCOLA DE REFERENCIA EM ENSINO MEDIO BENTO AMERICO,Belo Jardim,0.7,1.9072036743164062,154.0,1.0779999999999998,2.9370936584472656,-1.8590936584472657
2022-2023,26050064,ESCOLA FREI CASSIANO COMACCHIO,Belo Jardim,11.1,5.723715782165527,669.0,74.259,38.29165858268738,35.96734141731262
2022-2023,26050102,ESCOLA DE REFERENCIA EM ENSINO MEDIO JOAO MONTEIRO DE MELO,Belo Jardim,0.0,0.19653382897377014,244.0,0.0,0.4795425426959991,-0.4795425426959991
2022-2023,26050137,ESCOLA MINISTRO MARCOS DE BARROS FREIRE,Belo Jardim,0.7,3.668551445007324,163.0,1.1409999999999998,5.979738855361939,-4.838738855361939
2022-2023,26050200,ESCOLA DE REFERENCIA EM ENSINO MEDIO PROFESSORA MARIA GALVAO,Belo Jardim,0.9,3.181842565536499,235.0,2.115,7.477330029010773,-5.3623300290107725
2022-2023,26179873,ESCOLA DE REFERENCIA EM ENSINO MEDIO DE BELO JARDIM,Belo Jardim,0.8,0.7994109988212585,410.0,3.2800000000000002,3.27758509516716,0.0024149048328401257
2022-2023,26185938,ESCOLA TECNICA ESTADUAL EDSON MORORO MOURA,Belo Jardim,0.0,0.21521155536174774,488.0,0.0,1.050232390165329,-1.050232390165329
2022-2023,26025876,ESCOLA DE REFERENCIA EM ENSINO MEDIO OSMAR DE SOUZA FERRAZ,Betânia,0.0,0.5499383807182312,450.0,0.0,2.4747227132320404,-2.4747227132320404
2022-2023,26051176,ESCOLA DE REFERENCIA EM ENSINO FUNDAMENTAL E ENSINO MEDIO EURICO QUEIROZ,Bezerros,3.7,2.142916202545166,296.0,10.952000000000002,6.3430319595336915,4.60896804046631
2022-2023,26051737,ESCOLA DE REFERENCIA EM ENSINO MEDIO PROFESSORA MARIA ANA,Bezerros,1.8,0.42431747913360596,405.0,7.290000000000001,1.7184857904911042,5.571514209508897
2022-2023,26051761,ESCOLA DE REFERENCIA EM ENSINO MEDIO CONEGO ALEXANDRE CAVALCANTI,Bezerros,4.8,0.7799601554870605,379.0,18.192,2.9560489892959594,15.23595101070404
2022-2023,26176211,ESCOLA TECNICA ESTADUAL MARIA JOSE VASCONCELOS,Bezerros,0.0,0.27775347232818604,487.0,0.0,1.352659410238266,-1.352659410238266
2022-2023,26177013,ESCOLA DE REFERENCIA EM ENSINO MEDIO DE BEZERROS,Bezerros,0.0,0.20923519134521484,410.0,0.0,0.8578642845153808,-0.8578642845153808
2022-2023,26001900,ESCOLA JOAO CARLOS LOCIO DE ALMEIDA,Bodocó,1.9,0.9236961007118225,508.0,9.652,4.6923761916160585,4.959623808383941
2022-2023,26001942,ESCOLA DE REFERENCIA EM ENSINO MEDIO ARTUR BARROS CAVALCANTI,Bodocó,0.0,0.4847146272659302,223.0,0.0,1.0809136188030242,-1.0809136188030242
2022-2023,26185725,ESCOLA ESTADUAL LUIZ GOMES DINIZ,Bodocó,2.8,0.9256751537322998,218.0,6.103999999999999,2.0179718351364135,4.086028164863586
2022-2023,26072149,ESCOLA DE REFERENCIA EM ENSINO MEDIO CORONEL JOSE ABILIO,Bom Conselho,0.0,1.4819713830947876,400.0,0.0,5.92788553237915,-5.92788553237915
2022-2023,26072254,ESCOLA DE REFERENCIA EM ENSINO MEDIO FREI CAETANO DE MESSINA,Bom Conselho,0.0,0.4253993630409241,589.0,0.0,2.505602248311043,-2.505602248311043
2022-2023,26188554,ESCOLA TECNICA ESTADUAL FRANCISCO DE MATOS SOBRINHO,Bom Conselho,0.0,0.1811646968126297,456.0,0.0,0.8261110174655915,-0.8261110174655915
2022-2023,26067137,ESCOLA DE REFERENCIA EM ENSINO MEDIO DOUTOR MOTA SILVEIRA,Bom Jardim,0.0,0.19359393417835236,388.0,0.0,0.7511444646120071,-0.7511444646120071
2022-2023,26067382,ESCOLA DE REFERENCIA EM ENSINO MEDIO JUSTULINO FERREIRA GOMES,Bom Jardim,0.0,0.19359393417835236,345.0,0.0,0.6678990729153157,-0.6678990729153157
2022-2023,26067552,ESCOLA DE REFERENCIA EM ENSINO MEDIO RAIMUNDO HONORIO,Bom Jardim,0.0,0.2827492654323578,334.0,0.0,0.944382546544075,-0.944382546544075
2022-2023,26083159,ESCOLA DE REFERENCIA EM ENSINO MEDIO DOUTOR ALEXANDRINO DA ROCHA,Bonito,0.2,0.2922905683517456,470.0,0.9400000000000001,1.3737656712532045,-0.4337656712532044
2022-2023,26083493,ESCOLA PE JOSE AUGUSTO,Bonito,1.6,0.31460410356521606,777.0,12.432,2.4444738847017287,9.987526115298271
2022-2023,26176220,ESCOLA TECNICA ESTADUAL CELIA DE SOUZA LEAO ARRAES DE ALENCAR,Bonito,1.9,0.27775347232818604,451.0,8.568999999999999,1.252668160200119,7.31633183979988
2022-2023,26073102,ESCOLA DE REFERENCIA EM ENSINO MEDIO PROFESSORA ISMENIA LEMOS WANDERLEY,Brejão,2.0,2.00319766998291,362.0,7.24,7.251575565338134,-0.011575565338134197
2022-2023,26015315,ESCOLA DE REFERENCIA ENSINO MEDIO JOSE SEVERINO DE ARAUJO,Brejinho,0.4,1.7086575031280518,258.0,1.032,4.408336358070373,-3.3763363580703727
2022-2023,26052083,ESCOLA DE REFERENCIA EM ENSINO MEDIO ANDRE CORDEIRO,Brejo da Madre de Deus,4.0,4.124635219573975,1122.0,44.88,46.278407163619995,-1.3984071636199928
2022-2023,26087375,ESCOLA DE REFERENCIA EM ENSINO MEDIO JAIME COELHO,Buenos Aires,0.0,0.2741539478302002,455.0,0.0,1.2474004626274109,-1.2474004626274109
2022-2023,26045656,ESCOLA DE REFERENCIA EM ENSINO MEDIO SAO FELIX DE CANTALICE,Buíque,0.0,0.41108837723731995,419.0,0.0,1.7224603006243706,-1.7224603006243706
2022-2023,26045745,ESCOLA DE REFERENCIA EM ENSINO MEDIO DUQUE DE CAXIAS,Buíque,0.0,0.2922905683517456,549.0,0.0,1.6046752202510834,-1.6046752202510834
2022-2023,26045753,ESCOLA ESTADUAL INDIGENA KAPINAWA,Buíque,0.0,11.241458892822266,27.0,0.0,3.0351939010620117,-3.0351939010620117
2022-2023,26046040,ESCOLA DE REFERENCIA EM ENSINO FUNDAMENTAL E MEDIO VIGARIO JOAO INACIO,Buíque,0.0,0.37816715240478516,186.0,0.0,0.7033909034729003,-0.7033909034729003
2022-2023,26046210,ESCOLA ESTADUAL INDIGENA BARAO DO RIO BRANCO,Buíque,3.3,10.3417387008667,151.0,4.9830000000000005,15.616025438308716,-10.633025438308715
2022-2023,26185750,ESCOLA TECNICA ESTADUAL JORNALISTA CYL GALLINDO,Buíque,0.0,0.27775347232818604,495.0,0.0,1.3748796880245209,-1.3748796880245209
2022-2023,26190028,ESCOLA ESTADUAL PAULO DANTAS FILHO,Buíque,0.0,1.659930944442749,379.0,0.0,6.291138279438019,-6.291138279438019
2022-2023,26129817,ESCOLA DE REFERENCIA EM ENSINO MEDIO DESEMBARGADOR ANTONIO DA SILVA GUIMARAES,Cabo de Santo Agostinho,0.0,1.3036755323410034,423.0,0.0,5.514547501802444,-5.514547501802444
2022-2023,26129868,ESCOLA TECNICA ESTADUAL EPITACIO PESSOA,Cabo de Santo Agostinho,0.0,0.1811646968126297,478.0,0.0,0.86596725076437,-0.86596725076437
2022-2023,26129922,ESCOLA DE REFERENCIA EM ENSINO MEDIO LUISA GUERRA,Cabo de Santo Agostinho,0.0,0.1897600144147873,393.0,0.0,0.745756856650114,-0.745756856650114
2022-2023,26130114,ESCOLA DE REFERENCIA EM ENSINO MEDIO PASTOR JOSE FLORENCIO RODRIGUES,Cabo de Santo Agostinho,0.0,0.1811646968126297,546.0,0.0,0.9891592445969583,-0.9891592445969583
2022-2023,26130149,ESCOLA DE REFERENCIA EM ENSINO MEDIO EMIDIO CAVALCANTI DE ALBUQUERQUE,Cabo de Santo Agostinho,0.5,1.2950801849365234,484.0,2.42,6.268188095092773,-3.848188095092773
2022-2023,26130203,ESCOLA DE REFERENCIA EM ENSINO MEDIO SENADOR FRANCISCO PESSOA DE QUEIROZ,Cabo de Santo Agostinho,0.0,0.24285075068473816,378.0,0.0,0.9179758375883103,-0.9179758375883103
2022-2023,26130319,ESCOLA PROFESSOR NATANAEL BARBOSA MEDRADO,Cabo de Santo Agostinho,0.2,0.2531735599040985,563.0,1.1260000000000001,1.4253671422600747,-0.29936714226007455
2022-2023,26130386,ESCOLA DE REFERENCIA EM ENSINO MEDIO JOSE RODRIGUES DE CARVALHO,Cabo de Santo Agostinho,0.0,0.3449481427669525,931.0,0.0,3.211467209160328,-3.211467209160328
2022-2023,26130521,ESCOLA DE REFERENCIA EM ENSINO MEDIO ZUMBI DOS PALMARES,Cabo de Santo Agostinho,0.0,0.27920815348625183,332.0,0.0,0.9269710695743562,-0.9269710695743562
2022-2023,26153742,ESCOLA ESTADUAL MADRE IVA BEZERRA DE ARAUJO,Cabo de Santo Agostinho,0.0,0.2930404245853424,1131.0,0.0,3.3142872020602225,-3.3142872020602225
2022-2023,26171198,ESCOLA DE REFERENCIA EM ENSINO FUNDAMENTAL E MEDIO PROFESSORA MARIA EUGENIA LOPES GOMES,Cabo de Santo Agostinho,0.0,0.21951662003993988,144.0,0.0,0.31610393285751337,-0.31610393285751337
2022-2023,26178079,ESCOLA ESTADUAL FERNANDO SOARES LYRA,Cabo de Santo Agostinho,0.1,0.8069537878036499,744.0,0.744,6.003736181259155,-5.259736181259155
2022-2023,26178087,ESCOLA DE REFERENCIA EM ENSINO MEDIO CABO DE SANTO AGOSTINHO,Cabo de Santo Agostinho,0.0,0.1811646968126297,550.0,0.0,0.9964058324694635,-0.9964058324694635
2022-2023,26184699,ESCOLA ESTADUAL COLETTE CATTA,Cabo de Santo Agostinho,0.0,0.44115498661994934,99.0,0.0,0.4367434367537498,-0.4367434367537498
2022-2023,26185768,ESCOLA TECNICA ESTADUAL LUIZ ALVES LACERDA,Cabo de Santo Agostinho,0.0,0.1811646968126297,490.0,0.0,0.8877070143818856,-0.8877070143818856
2022-2023,26031272,ESCOLA DE REFERENCIA EM ENSINO MEDIO JOSE CALDAS CAVALCANTI,Cabrobó,0.0,0.18940898776054382,503.0,0.0,0.9527272084355355,-0.9527272084355355
2022-2023,26031469,ESCOLA INDIGENA JOAO ALBERTO MACIEL,Cabrobó,0.0,2.488715648651123,78.0,0.0,1.941198205947876,-1.941198205947876
2022-2023,26031892,ESCOLA ESTADUAL INDIGENA MILITAO PRIMO DOS SANTOS,Cabrobó,5.0,6.544285774230957,40.0,2.0,2.6177143096923827,-0.6177143096923827
2022-2023,26031914,ESCOLA DE REFERENCIA EM ENSINO MEDIO SENADOR PAULO GUERRA,Cabrobó,0.0,0.2922905683517456,282.0,0.0,0.8242594027519227,-0.8242594027519227
2022-2023,26032082,ESCOLA MINISTRO MARCOS FREIRE,Cabrobó,0.0,2.9049670696258545,359.0,0.0,10.428831779956818,-10.428831779956818
2022-2023,26032090,ESCOLA INDIGENA ACILON CIRIACO DA LUZ,Cabrobó,10.0,13.663965225219727,34.0,3.4000000000000004,4.645748176574707,-1.2457481765747067
2022-2023,26191229,ESCOLA TECNICA ESTADUAL PROFESSORA MARIA AMELIA DE FREITAS ARAUJO,Cabrobó,0.0,0.8035048842430115,251.0,0.0,2.016797259449959,-2.016797259449959
2022-2023,26426714,ESCOLA INDIGENA CAPITAO DENA,Cabrobó,7.3,11.253288269042969,109.0,7.957,12.266084213256836,-4.309084213256836
2022-2023,26052776,ESCOLA DE REFERENCIA EM ENSINO MEDIO CORSINA BRAGA,Cachoeirinha,2.9,2.993401050567627,383.0,11.107,11.464726023674011,-0.35772602367401163
2022-2023,26052792,ESCOLA DE REFERENCIA EM ENSINO FUNDAMENTAL E MEDIO PRESIDENTE KENNEDY,Cachoeirinha,0.5,3.372211456298828,338.0,1.69,11.398074722290039,-9.70807472229004
2022-2023,26073498,ESCOLA DE REFERENCIA EM ENSINO MEDIO LUIZ PEREIRA JUNIOR,Caetés,0.1,0.2922905683517456,1044.0,1.044,3.051513533592224,-2.007513533592224
2022-2023,26074079,ESCOLA DE REFERENCIA EM ENSINO MEDIO AUGUSTA CORDEIRO DE MELO,Calçado,3.6,0.41951674222946167,338.0,12.168000000000001,1.4179665887355803,10.75003341126442
2022-2023,26015625,ESCOLA DE REFERENCIA EM ENSINO MEDIO ANTONIO GOMES DE LIMA,Calumbi,0.7,0.5287753939628601,284.0,1.9879999999999998,1.5017221188545227,0.4862778811454771
2022-2023,26107546,ESCOLA DE REFERENCIA EM ENSINO FUNDAMENTAL E MEDIO ANTONIO CORREIA DE ARAUJO,Camaragibe,0.0,0.31973347067832947,167.0,0.0,0.5339548960328102,-0.5339548960328102
2022-2023,26107562,ESCOLA DE REFERENCIA EM ENSINO FUNDAMENTAL E MEDIO CONSELHEIRO SAMUEL MAC DOWELL,Camaragibe,0.0,0.1814405918121338,296.0,0.0,0.537064151763916,-0.537064151763916
2022-2023,26107570,ESCOLA DE REFERENCIA EM ENSINO FUNDAMENTAL E ENSINO MEDIO DEPUTADO OSCAR CARNEIRO,Camaragibe,0.0,0.23676112294197083,21.0,0.0,0.049719835817813876,-0.049719835817813876
2022-2023,26107597,ESCOLA DE REFERENCIA EM ENSINO FUNDAMENTAL E ENSINO MEDIO FRANCISCO DE PAULA CORREA DE ARAUJO,Camaragibe,0.0,0.9432207942008972,342.0,0.0,3.2258151161670687,-3.2258151161670687
2022-2023,26107600,ESCOLA FREI CANECA,Camaragibe,2.9,0.7582398056983948,947.0,27.462999999999997,7.180530959963798,20.282469040036197
2022-2023,26107651,ESCOLA MARIA DA CONCEICAO DO REGO B LACERDA,Camaragibe,0.0,0.19034859538078308,401.0,0.0,0.7632978674769402,-0.7632978674769402
2022-2023,26107678,ESCOLA MINISTRO JARBAS PASSARINHO,Camaragibe,2.9,1.3208496570587158,679.0,19.691,8.96856917142868,10.72243082857132
2022-2023,26107937,ESCOLA DE REFERENCIA EM ENSINO MEDIO PROFESSOR ANTONIO CARNEIRO LEAO,Camaragibe,0.0,0.1814405918121338,373.0,0.0,0.6767734074592591,-0.6767734074592591
2022-2023,26107945,ESCOLA DE REFERENCIA EM ENSINO MEDIO PROFESSOR CARLOS FREDERICO DO REGO MACIEL,Camaragibe,0.0,0.7791323661804199,464.0,0.0,3.6151741790771483,-3.6151741790771483
2022-2023,26107961,ESCOLA PROFESSOR NELSON CHAVES,Camaragibe,0.0,0.5988861322402954,287.0,0.0,1.7188031995296478,-1.7188031995296478
2022-2023,26107996,ESCOLA VALE DAS PEDREIRAS,Camaragibe,0.0,0.14165526628494263,132.0,0.0,0.1869849514961243,-0.1869849514961243
2022-2023,26108038,ESCOLA DE REFERENCIA EM ENSINO MEDIO TITO PEREIRA DE OLIVEIRA,Camaragibe,0.0,0.49029576778411865,459.0,0.0,2.2504575741291046,-2.2504575741291046
2022-2023,26108046,ESCOLA MAJOR LELIO,Camaragibe,0.0,1.1052134037017822,214.0,0.0,2.365156683921814,-2.365156683921814
2022-2023,26165112,ESCOLA SANTA SOFIA,Camaragibe,0.0,0.19674435257911682,312.0,0.0,0.6138423800468444,-0.6138423800468444
2022-2023,26176246,ESCOLA TECNICA ESTADUAL ALCIDES DO NASCIMENTO LINS,Camaragibe,0.0,0.1814405918121338,462.0,0.0,0.8382555341720581,-0.8382555341720581
2022-2023,26413817,ESCOLA DE REFERENCIA EM ENSINO FUNDAMENTAL E MEDIO TORQUATO DE CASTRO,Camaragibe,0.0,0.6147563457489014,39.0,0.0,0.23975497484207153,-0.23975497484207153
2022-2023,26083639,ESCOLA DE REFERENCIA EM ENSINO MEDIO QUINTINO BOCAIUVA,Camocim de São Félix,0.0,0.22814498841762543,373.0,0.0,0.8509808067977429,-0.8509808067977429
2022-2023,26087715,ESCOLA DE REFERENCIA EM ENSINO MEDIO PEDRO TAVARES,Camutanga,0.0,0.48698675632476807,293.0,0.0,1.4268711960315705,-1.4268711960315705
2022-2023,26074311,ESCOLA DE REFERENCIA EM ENSINO MEDIO JERONIMO GUEIROS,Canhotinho,0.0,1.0537075996398926,273.0,0.0,2.8766217470169066,-2.8766217470169066
2022-2023,26074362,ESCOLA PE ANTONIO CALLOU DE ALENCAR,Canhotinho,0.0,0.21699145436286926,446.0,0.0,0.9677818864583969,-0.9677818864583969
2022-2023,26053608,ESCOLA DE REFERENCIA EM ENSINO MEDIO NOSSA SENHORA DO PERPETUO SOCORRO,Capoeiras,0.0,1.0852335691452026,595.0,0.0,6.457139736413956,-6.457139736413956
2022-2023,26016010,ESCOLA JOAO GOMES DOS REIS,Carnaíba,9.1,4.281663417816162,201.0,18.291,8.606143469810487,9.684856530189514
2022-2023,26016028,ESCOLA DE REFERENCIA EM ENSINO MEDIO JOAQUIM MENDES DA SILVA,Carnaíba,0.0,0.4548890292644501,387.0,0.0,1.7604205432534217,-1.7604205432534217
2022-2023,26176203,ESCOLA TECNICA ESTADUAL PROFESSOR PAULO FREIRE,Carnaíba,0.0,0.38515809178352356,386.0,0.0,1.486710234284401,-1.486710234284401
2022-2023,26040280,ESCOLA DE REFERENCIA EM ENSINO MEDIO PROFESSOR AURELIANO GONCALVES DOS SANTOS,Carnaubeira da Penha,0.0,0.29650694131851196,156.0,0.0,0.46255082845687867,-0.46255082845687867
2022-2023,26040310,ESCOLA BOM JESUS DOS AFLITOS,Carnaubeira da Penha,6.2,1.3952383995056152,48.0,2.976,0.6697144317626953,2.3062855682373047
2022-2023,26040387,ESCOLA JOAO LIMA,Carnaubeira da Penha,7.5,3.2120630741119385,54.0,4.05,1.7345140600204467,2.315485939979553
2022-2023,26040468,ESCOLA OLHO DAGUA DO PADRE,Carnaubeira da Penha,6.5,5.810577392578125,31.0,2.015,1.8012789916992187,0.21372100830078145
2022-2023,26040522,ESCOLA SAGRADA FAMILIA,Carnaubeira da Penha,20.0,12.765664100646973,33.0,6.6000000000000005,4.212669153213501,2.387330846786499
2022-2023,26040530,ESCOLA ESTADUAL INDIGENA TIA AMELIA CAXIADO,Carnaubeira da Penha,7.3,7.736460208892822,41.0,2.993,3.171948685646057,-0.17894868564605693
2022-2023,26040581,ESCOLA GOV ESTACIO COIMBRA,Carnaubeira da Penha,14.0,22.975025177001953,59.0,8.260000000000002,13.555264854431153,-5.295264854431151
2022-2023,26040646,ESCOLA EMILIANO QUIRINO DE SA,Carnaubeira da Penha,0.0,2.7494888305664062,52.0,0.0,1.4297341918945312,-1.4297341918945312
2022-2023,26040824,ESCOLA ESTADUAL INDIGENA ESPECIOSA BENIGNA DE BARROS,Carnaubeira da Penha,7.4,13.28538990020752,184.0,13.616000000000001,24.445117416381837,-10.829117416381836
2022-2023,26139081,ESCOLA DE REFERENCIA EM ENSINO MEDIO JOAO RODRIGUES LEITE,Carnaubeira da Penha,0.0,0.5004229545593262,76.0,0.0,0.38032144546508784,-0.38032144546508784
2022-2023,26188643,ESCOLA ESTADUAL INDIGENA ANANIAS DE SENA,Carnaubeira da Penha,8.7,9.325315475463867,24.0,2.088,2.238075714111328,-0.15007571411132803
2022-2023,26087880,ESCOLA DE REFERENCIA EM ENSINO FUNDAMENTAL E MEDIO DEPUTADO JOAO TEOBALDO DE AZEVEDO,Carpina,0.0,1.1388894319534302,98.0,0.0,1.1161116433143616,-1.1161116433143616
2022-2023,26087910,ESCOLA DE REFERENCIA EM ENSINO MEDIO JOAO CAVALCANTI PETRIBU,Carpina,0.0,0.21407140791416168,635.0,0.0,1.3593534402549268,-1.3593534402549268
2022-2023,26087928,ESCOLA DE REFERENCIA EM ENSINO MEDIO JOSE DE LIMA JUNIOR,Carpina,0.0,0.2900294065475464,416.0,0.0,1.206522331237793,-1.206522331237793
2022-2023,26088053,ESCOLA LIONS CLUBE DE CARPINA,Carpina,0.0,0.7374725937843323,27.0,0.0,0.1991176003217697,-0.1991176003217697
2022-2023,26088134,ESCOLA SAO JOSE,Carpina,2.0,0.44663095474243164,256.0,5.12,1.143375244140625,3.9766247558593752
2022-2023,26088258,ESCOLA ALUISIO GERMANO,Carpina,0.0,0.22399836778640747,332.0,0.0,0.7436745810508728,-0.7436745810508728
2022-2023,26088282,ESCOLA DE REFERENCIA EM ENSINO MEDIO JOAQUIM OLAVO,Carpina,0.0,0.17293724417686462,521.0,0.0,0.9010030421614647,-0.9010030421614647
2022-2023,26525720,ESCOLA TECNICA ESTADUAL MARIA EDUARDA RAMOS DE BARROS,Carpina,0.0,0.18940898776054382,487.0,0.0,0.9224217703938484,-0.9224217703938484
2022-2023,26053845,ESCOLA TECNICA ESTADUAL DE CARUARU NELSON BARBALHO,Caruaru,0.7,0.21521155536174774,445.0,3.1149999999999998,0.9576914213597775,2.1573085786402224
2022-2023,26053853,ESCOLA DE REFERENCIA EM ENSINO MEDIO NICANOR SOUTO MAIOR,Caruaru,0.8,2.1196041107177734,352.0,2.816,7.461006469726563,-4.645006469726563
2022-2023,26054019,ESCOLA DE REFERENCIA EM ENSINO FUNDAMENTAL E MEDIO ANTONIA CAVALCANTI DE ALBUQUERQUE,Caruaru,2.1,7.044808864593506,224.0,4.704000000000001,15.780371856689454,-11.076371856689454
2022-2023,26054027,ESCOLA DE REFERENCIA EM ENSINO MEDIO ARNALDO ASSUNCAO,Caruaru,0.0,0.21521155536174774,367.0,0.0,0.7898264081776142,-0.7898264081776142
2022-2023,26054043,ESCOLA DE REFERENCIA EM ENSINO MEDIO DOM MIGUEL DE LIMA VALVERDE,Caruaru,0.2,0.5022454857826233,455.0,0.91,2.285216960310936,-1.3752169603109357
2022-2023,26054060,ESCOLA DOM VITAL - CARUARU,Caruaru,0.0,0.2247181534767151,463.0,0.0,1.0404450505971907,-1.0404450505971907
2022-2023,26054094,ESCOLA DE REFERENCIA EM ENSINO MEDIO FELISBERTO CARVALHO,Caruaru,0.0,1.9573228359222412,410.0,0.0,8.02502362728119,-8.02502362728119
2022-2023,26054140,ESCOLA DE REFERENCIA EM ENSINO MEDIO MARIA AUXILIADORA LIBERATO,Caruaru,0.0,0.2247181534767151,520.0,0.0,1.1685343980789185,-1.1685343980789185
2022-2023,26054809,ESCOLA DE REFERENCIA EM ENSINO MEDIO PADRE ZACARIAS TAVARES,Caruaru,0.0,0.21521155536174774,600.0,0.0,1.2912693321704865,-1.2912693321704865
2022-2023,26054825,ESCOLA PROFESSORA JESUINA PEREIRA REGO,Caruaru,0.0,3.371163845062256,714.0,0.0,24.070109853744505,-24.070109853744505
2022-2023,26054850,ESCOLA DE REFERENCIA EM ENSINO MEDIO PROFESSOR MARIO SETTE,Caruaru,0.9,1.276985764503479,528.0,4.752000000000001,6.742484836578369,-1.9904848365783687
2022-2023,26054876,ESCOLA DE REFERENCIA EM ENSINO MEDIO PROFESSOR VICENTE MONTEIRO,Caruaru,0.0,0.27538231015205383,313.0,0.0,0.8619466307759285,-0.8619466307759285
2022-2023,26054884,ESCOLA DE REFERENCIA EM ENSINO MEDIO PROFESSORA ADELIA LEAL FERREIRA,Caruaru,0.0,0.2247181534767151,209.0,0.0,0.4696609407663345,-0.4696609407663345
2022-2023,26054914,ESCOLA DE REFERENCIA EM ENSINO MEDIO PROFESSORA ELISETE LOPES DE LIMA PIRES,Caruaru,0.0,0.2247181534767151,1257.0,0.0,2.8247071892023086,-2.8247071892023086
2022-2023,26054949,ESCOLA PROFESSORA ROSILDA MACIEL VIEIRA,Caruaru,11.0,4.4396185874938965,66.0,7.26,2.9301482677459716,4.329851732254028
2022-2023,26054965,ESCOLA PROFESSOR JOSE BIONE DE ARAUJO,Caruaru,1.9,2.1200222969055176,532.0,10.108,11.278518619537353,-1.1705186195373525
2022-2023,26055040,ESCOLA SANTO AMARO,Caruaru,4.1,3.9580178260803223,547.0,22.426999999999996,21.65035750865936,0.7766424913406347
2022-2023,26055082,ESCOLA DE REFERENCIA EM ENSINO MEDIO PROFESSOR LISBOA,Caruaru,0.0,0.35931655764579773,564.0,0.0,2.0265453851222994,-2.0265453851222994
2022-2023,26055210,ESCOLA JOSE CARLOS FLORENCIO,Caruaru,0.0,0.8680046200752258,689.0,0.0,5.980551832318306,-5.980551832318306
2022-2023,26055473,ESCOLA PAULINA MONTEIRO,Caruaru,11.2,4.770105838775635,323.0,36.175999999999995,15.4074418592453,20.768558140754696
2022-2023,26187051,ESCOLA TECNICA ESTADUAL MINISTRO FERNANDO LYRA,Caruaru,0.0,0.21521155536174774,455.0,0.0,0.9792125768959522,-0.9792125768959522
2022-2023,26065568,ESCOLA DE REFERENCIA EM ENSINO MEDIO JOAO XXIII,Casinhas,0.0,0.22814498841762543,371.0,0.0,0.8464179070293903,-0.8464179070293903
2022-2023,26098210,ESCOLA ATHAYDE ACCIOLY LINS,Catende,3.6,1.9161771535873413,224.0,8.064,4.292236824035644,3.771763175964356
2022-2023,26098270,ESCOLA DE REFERENCIA EM ENSINO MEDIO COSTA AZEVEDO - CATENDE,Catende,0.0,0.3561614453792572,161.0,0.0,0.5734199270606041,-0.5734199270606041
2022-2023,26098415,ESCOLA DE REFERENCIA EM ENSINO FUNDAMENTAL E MEDIO SOFIA FEIJO SAMPAIO,Catende,0.0,0.2173476219177246,217.0,0.0,0.47164433956146234,-0.47164433956146234
2022-2023,26098482,ESCOLA DE REFERENCIA EM ENSINO MEDIO MENDO SAMPAIO,Catende,0.0,0.39589959383010864,480.0,0.0,1.9003180503845214,-1.9003180503845214
2022-2023,26098504,ESCOLA TOBIAS BARRETO,Catende,0.0,1.3030835390090942,44.0,0.0,0.5733567571640015,-0.5733567571640015
2022-2023,26009315,ESCOLA DE REFERENCIA EM ENSINO MEDIO PROFESSOR MANOEL JOAQUIM LEITE,Cedro,0.4,1.0659315586090088,314.0,1.256,3.3470250940322877,-2.091025094032288
2022-2023,26009323,ESCOLA DE REFERENCIA EM ENSINO FUNDAMENTAL E MEDIO VALDICLEIWTSON DA SILVA MENEZES,Cedro,12.4,0.7427619099617004,108.0,13.392,0.8021828627586365,12.589817137241363
2022-2023,26093030,ESCOLA DE REFERENCIA EM ENSINO MEDIO PRESIDENTE COSTA E SILVA,Chã de Alegria,0.0,0.3561614453792572,492.0,0.0,1.7523143112659454,-1.7523143112659454
2022-2023,26093219,ESCOLA DE REFERENCIA EM ENSINO MEDIO JOAO BATISTA DE VASCONCELOS - CHA GRANDE,Chã Grande,2.1,0.2827492654323578,525.0,11.025,1.4844336435198784,9.540566356480122
2022-2023,26088410,ESCOLA DE REFERENCIA EM ENSINO MEDIO ANTONIO CORREIA DE OLIVEIRA ANDRADE,Condado,0.0,0.48070740699768066,414.0,0.0,1.9901286649703982,-1.9901286649703982
2022-2023,26088533,ESCOLA JULIO CORREIA DE OLIVEIRA,Condado,0.0,0.4036787450313568,490.0,0.0,1.978025850653648,-1.978025850653648
2022-2023,26074907,ESCOLA DE REFERENCIA EM ENSINO MEDIO AUGUSTO LUCIO DA SILVA,Correntes,0.0,0.21863839030265808,296.0,0.0,0.6471696352958679,-0.6471696352958679
2022-2023,26074923,ESCOLA PROFESSORA CLARICE GODOY,Correntes,0.0,0.26901185512542725,235.0,0.0,0.632177859544754,-0.632177859544754
2022-2023,26098822,ESCOLA DE REFERENCIA EM ENSINO MEDIO PROFESSORA ABIGAIL GUERRA,Cortês,0.0,0.2402740865945816,426.0,0.0,1.0235676088929175,-1.0235676088929175
2022-2023,26067803,ESCOLA DE REFERENCIA EM ENSINO MEDIO MANOEL GONCALVES DE LIMA,Cumaru,0.5,0.22814498841762543,449.0,2.245,1.0243709979951383,1.2206290020048618
2022-2023,26084040,ESCOLA EZEQUIEL BERTINO DE ALMEIDA,Cupira,0.0,1.360957384109497,399.0,0.0,5.430219962596894,-5.430219962596894
2022-2023,26084201,ESCOLA DE REFERENCIA EM ENSINO MEDIO PROFESSORA MARIA DE LOURDES TEMPORAL,Cupira,0.3,0.1897600144147873,337.0,1.0110000000000001,0.6394912485778331,0.371508751422167
2022-2023,26025981,ESCOLA GENERAL JOAQUIM INACIO,Custódia,4.3,2.6505706310272217,559.0,24.037,14.81668982744217,9.220310172557829
2022-2023,26026627,ESCOLA DE REFERENCIA EM ENSINO MEDIO JOSE PEREIRA BURGOS,Custódia,0.0,0.7574293613433838,655.0,0.0,4.961162316799164,-4.961162316799164
2022-2023,26181649,ESCOLA DE REFERENCIA EM ENSINO MEDIO QUILOMBOLA VEREADORA ALZIRA TENORIO DO AMARAL,Custódia,0.0,0.7832260131835938,185.0,0.0,1.4489681243896484,-1.4489681243896484
2022-2023,26033089,ESCOLA NOSSA SENHORA DAS GRACAS - DORMENTES,Dormentes,0.0,0.31460726261138916,162.0,0.0,0.5096637654304504,-0.5096637654304504
2022-2023,26033356,ESCOLA DE REFERENCIA EM ENSINO MEDIO SENADOR NILO COELHO,Dormentes,0.0,0.4551408886909485,509.0,0.0,2.316667123436928,-2.316667123436928
2022-2023,26098920,ESCOLA TECNICA ESTADUAL LUIZ DIAS LINS,Escada,0.0,0.23040077090263367,357.0,0.0,0.8225307521224021,-0.8225307521224021
2022-2023,26099322,ESCOLA DE REFERENCIA EM ENSINO MEDIO PROFESSOR ERALDO CAMPOS,Escada,0.0,0.2922905683517456,343.0,0.0,1.0025566494464875,-1.0025566494464875
2022-2023,26099365,ESCOLA DOUTOR FERNANDO CAMPELO,Escada,0.0,-0.00257864804007113,552.0,0.0,-0.014234137181192636,0.014234137181192636
2022-2023,26099489,ESCOLA DE REFERENCIA EM ENSINO MEDIO MONSENHOR JOAO RODRIGUES DE CARVALHO,Escada,0.0,0.18940898776054382,597.0,0.0,1.1307716569304467,-1.1307716569304467
2022-2023,26099497,ESCOLA DE REFERENCIA EM ENSINO MEDIO VIGARIO PEDROSA,Escada,0.0,0.2922905683517456,337.0,0.0,0.9850192153453827,-0.9850192153453827
2022-2023,26003066,ESCOLA DE REFERENCIA EM ENSINO MEDIO BARAO DE EXU,Exu,0.0,0.4934634864330292,421.0,0.0,2.0774812778830527,-2.0774812778830527
2022-2023,26003210,ESCOLA SAO VICENTE DE PAULA - EXU,Exu,9.5,4.887935638427734,856.0,81.32000000000001,41.84072906494141,39.4792709350586
2022-2023,26003821,ESCOLA NELSON ARAUJO,Exu,0.0,5.5422282218933105,166.0,0.0,9.200098848342895,-9.200098848342895
2022-2023,26068427,ESCOLA DE REFERENCIA EM ENSINO MEDIO PROFESSORA MARILENE CHAVES DE SANTANA,Feira Nova,0.0,0.19359393417835236,357.0,0.0,0.6911303450167179,-0.6911303450167179
2022-2023,26068508,ESCOLA DE REFERENCIA EM ENSINO MEDIO ANTONIO INACIO,Feira Nova,0.0,0.2661217153072357,368.0,0.0,0.9793279123306275,-0.9793279123306275
2022-2023,26132001,ESCOLA DE REFERENCIA EM ENSINO FUNDAMENTAL E ENSINO MEDIO ARQUIPELAGO FERNANDO DE NORONHA,Fernando de Noronha,0.0,0.7132365703582764,74.0,0.0,0.5277950620651245,-0.5277950620651245
2022-2023,26088606,ESCOLA DE REFERENCIA EM ENSINO MEDIO EMILIANO PEREIRA BORGES,Ferreiros,0.0,0.5292801260948181,318.0,0.0,1.6831108009815217,-1.6831108009815217
2022-2023,26016540,ESCOLA DE REFERENCIA EM ENSINO MEDIO AIRES GAMA,Flores,1.8,1.2279691696166992,288.0,5.184000000000001,3.536551208496094,1.647448791503907
2022-2023,26016729,ESCOLA DE REFERENCIA EM ENSINO FUNDAMENTAL E ENSINO MEDIO DARIO GOMES DE LIMA,Flores,0.7,0.6025903224945068,161.0,1.1269999999999998,0.9701704192161561,0.15682958078384368
2022-2023,26133974,ESCOLA PEDRO SANTOS ESTIMA,Flores,0.4,0.9262998700141907,305.0,1.22,2.8252146035432815,-1.6052146035432815
2022-2023,26040948,ESCOLA DE REFERENCIA EM ENSINO MEDIO CAPITAO NESTOR VALGUEIRO DE CARVALHO,Floresta,0.0,0.2247181534767151,298.0,0.0,0.6696600973606109,-0.6696600973606109
2022-2023,26040956,ESCOLA TECNICA ESTADUAL DEPUTADO AFONSO FERRAZ,Floresta,0.0,0.308997243642807,194.0,0.0,0.5994546526670456,-0.5994546526670456
2022-2023,26040972,ESCOLA JULIO DE MELLO,Floresta,0.0,0.22814498841762543,272.0,0.0,0.6205543684959411,-0.6205543684959411
2022-2023,26041200,ESCOLA DE REFERENCIA EM ENSINO FUNDAMENTAL E MEDIO TRES MARIAS,Floresta,6.7,1.945259690284729,133.0,8.911000000000001,2.5871953880786895,6.323804611921312
2022-2023,26041529,ESCOLA MENINO JESUS,Floresta,1.5,13.817951202392578,104.0,1.56,14.370669250488282,-12.810669250488282
2022-2023,26155435,ESCOLA JOAQUIM ROSENO DOS SANTOS,Floresta,26.5,8.366277694702148,87.0,23.055,7.2786615943908695,15.776338405609131
2022-2023,26419823,ESCOLA ESTADUAL TERESINHA DE SOUZA LIRA,Floresta,0.0,0.28652817010879517,69.0,0.0,0.19770443737506865,-0.19770443737506865
2022-2023,26419831,ESCOLA ESTADUAL JOSE FERREIRA DA SILVA,Floresta,32.5,12.501485824584961,46.0,14.950000000000001,5.750683479309082,9.19931652069092
2022-2023,26063522,ESCOLA TEOFILO SEVERINO DE ARRUDA,Frei Miguelinho,0.5,0.35542842745780945,253.0,1.2650000000000001,0.899233921468258,0.36576607853174214
2022-2023,26063530,ESCOLA DE REFERENCIA EM ENSINO MEDIO SAO JOSE,Frei Miguelinho,0.0,0.1788739711046219,289.0,0.0,0.5169457764923572,-0.5169457764923572
2022-2023,26099853,ESCOLA DE REFERENCIA EM ENSINO MEDIO DOUTOR JAIME MONTEIRO,Gameleira,0.7,0.22814498841762543,309.0,2.163,0.7049680142104626,1.4580319857895372
2022-2023,26165783,ESCOLA ESTADUAL NOSSA SENHORA DA PENHA,Gameleira,0.0,0.5097150802612305,288.0,0.0,1.4679794311523438,-1.4679794311523438
2022-2023,26075385,ESCOLA DE REFERENCIA EM ENSINO MEDIO FRANCISCO MADEIROS,Garanhuns,6.8,2.538663387298584,532.0,36.176,13.505689220428467,22.670310779571537
2022-2023,26075687,ESCOLA DE REFERENCIA EM ENSINO MEDIO DOM JOAO DA MATA AMARAL,Garanhuns,3.8,1.5490944385528564,738.0,28.044,11.432316956520081,16.61168304347992
2022-2023,26075733,ESCOLA DUQUE DE CAXIAS,Garanhuns,0.0,1.2239909172058105,232.0,0.0,2.8396589279174806,-2.8396589279174806
2022-2023,26075768,ESCOLA DE REFERENCIA EM ENSINO MEDIO HENRIQUE DIAS,Garanhuns,0.0,0.18940898776054382,265.0,0.0,0.5019338175654411,-0.5019338175654411
2022-2023,26075903,ESCOLA DE REFERENCIA EM ENSINO MEDIO PROFESSOR JERONIMO GUEIROS,Garanhuns,0.0,0.18940898776054382,363.0,0.0,0.6875546255707741,-0.6875546255707741
2022-2023,26075911,ESCOLA PROFESSORA ELISA COELHO,Garanhuns,0.0,0.19525068998336792,431.0,0.0,0.8415304738283158,-0.8415304738283158
2022-2023,26075920,ESCOLA PROFESSORA ELVIRA VIANA,Garanhuns,0.0,0.7128909826278687,223.0,0.0,1.5897468912601471,-1.5897468912601471
2022-2023,26075970,ESCOLA SAO CRISTOVAO,Garanhuns,0.0,0.6166175603866577,101.0,0.0,0.6227837359905243,-0.6227837359905243
2022-2023,26075997,ESCOLA SENADOR ADERBAL JUREMA - GARANHUNS,Garanhuns,0.0,0.20962783694267273,280.0,0.0,0.5869579434394836,-0.5869579434394836
2022-2023,26076047,ESCOLA SIMOA GOMES,Garanhuns,0.5,0.9415363073348999,427.0,2.1350000000000002,4.020360032320022,-1.8853600323200221
2022-2023,26076250,ESCOLA DE REFERENCIA EM ENSINO MEDIO VIRGEM DO SOCORRO,Garanhuns,0.0,0.287934809923172,194.0,0.0,0.5585935312509537,-0.5585935312509537
2022-2023,26076357,ESCOLA INSTITUTO PRESBITERIANO DE HELIOPOLIS,Garanhuns,0.0,0.2288864552974701,305.0,0.0,0.6981036886572838,-0.6981036886572838
2022-2023,26132230,ESCOLA DE APLICACAO PROFESSORA IVONITA ALVES GUERRA,Garanhuns,0.0,0.18297792971134186,226.0,0.0,0.4135301211476326,-0.4135301211476326
2022-2023,26188538,ESCOLA TECNICA ESTADUAL ARIANO VILAR SUASSUNA - GARANHUNS,Garanhuns,0.0,0.17293724417686462,478.0,0.0,0.826640027165413,-0.826640027165413
2022-2023,26093570,ESCOLA DE REFERENCIA EM ENSINO MEDIO PROFESSOR BARROS GUIMARAES,Glória do Goitá,0.0,0.2922905683517456,362.0,0.0,1.0580918574333191,-1.0580918574333191
2022-2023,26093600,ESCOLA PAROQUIAL DE MENORES,Glória do Goitá,0.3,0.3268800377845764,594.0,1.782,1.941667424440384,-0.15966742444038395
2022-2023,26088851,ESCOLA DE REFERENCIA EM ENSINO MEDIO AUGUSTO GONDIM,Goiana,0.0,0.18940898776054382,526.0,0.0,0.9962912756204605,-0.9962912756204605
2022-2023,26088886,ESCOLA DE REFERENCIA EM ENSINO MEDIO DOUTOR JOAO ALFREDO,Goiana,0.0,0.20168492197990417,497.0,0.0,1.0023740622401236,-1.0023740622401236
2022-2023,26088894,ESCOLA DE REFERENCIA EM ENSINO MEDIO BENIGNO PESSOA DE ARAUJO,Goiana,0.0,0.2922905683517456,434.0,0.0,1.268541066646576,-1.268541066646576
2022-2023,26089238,ESCOLA CEL JOSE PINTO DE ABREU,Goiana,0.0,0.21437248587608337,153.0,0.0,0.32798990339040757,-0.32798990339040757
2022-2023,26089424,ESCOLA DE REFERENCIA EM ENSINO MEDIO FREI CAMPO MAYOR,Goiana,0.0,0.2922905683517456,527.0,0.0,1.5403712952136994,-1.5403712952136994
2022-2023,26525798,ESCOLA TECNICA ESTADUAL ADERICO ALVES DE VASCONCELOS,Goiana,0.0,0.18940898776054382,478.0,0.0,0.9053749614953995,-0.9053749614953995
2022-2023,26525780,ESCOLA DE REFERENCIA EM ENSINO MEDIO GOVERNADOR MIGUEL ARRAES DE ALENCAR,Granito,0.0,1.4435652494430542,253.0,0.0,3.652220081090927,-3.652220081090927
2022-2023,26056550,ESCOLA AARAO LINS DE ANDRADE,Gravatá,2.3,0.2392432987689972,547.0,12.581,1.3086608442664145,11.272339155733585
2022-2023,26056577,ESCOLA DE REFERENCIA EM ENSINO MEDIO PROFESSOR ANTONIO FARIAS,Gravatá,0.0,0.21521155536174774,748.0,0.0,1.609782434105873,-1.609782434105873
2022-2023,26056623,ESCOLA DE REFERENCIA EM ENSINO MEDIO CLETO CAMPELO,Gravatá,0.0,0.32823240756988525,273.0,0.0,0.8960744726657868,-0.8960744726657868
2022-2023,26056658,ESCOLA DE REFERENCIA EM ENSINO MEDIO DEVALDO BORGES,Gravatá,0.0,0.24048639833927155,475.0,0.0,1.1423103921115398,-1.1423103921115398
2022-2023,26176882,ESCOLA TECNICA ESTADUAL PROFESSOR JOSE LUIZ DE MENDONCA,Gravatá,0.0,0.3187258243560791,472.0,0.0,1.5043858909606933,-1.5043858909606933
2022-2023,26076780,ESCOLA DE REFERENCIA EM ENSINO MEDIO FRANCISCO PEREIRA DA COSTA,Iati,0.0,0.37181931734085083,671.0,0.0,2.494907619357109,-2.494907619357109
2022-2023,26026902,ESCOLA APOLONIO ALVES DA SILVA,Ibimirim,0.0,1.123559594154358,78.0,0.0,0.8763764834403991,-0.8763764834403991
2022-2023,26027186,ESCOLA INDIGENA PEDRO FERREIRA DE QUEIROZ,Ibimirim,12.3,15.879465103149414,65.0,7.995000000000001,10.32165231704712,-2.3266523170471185
2022-2023,26027615,ESCOLA IRACEMA MOURA DE MORAES VERAS,Ibimirim,0.0,0.8497515320777893,288.0,0.0,2.447284412384033,-2.447284412384033
2022-2023,26027828,ESCOLA DE REFERENCIA EM ENSINO MEDIO PEDRO BEZERRA DE MELO,Ibimirim,0.0,0.6479648351669312,526.0,0.0,3.408295032978058,-3.408295032978058
2022-2023,26027836,ESCOLA DE REFERENCIA EM ENSINO FUNDAMENTAL INOCENCIO CORREIA LIMA,Ibimirim,0.0,1.095700979232788,112.0,0.0,1.2271850967407225,-1.2271850967407225
2022-2023,26084317,ESCOLA DE REFERENCIA EM ENSINO MEDIO MANOEL MOREIRA DA COSTA,Ibirajuba,0.0,0.2402740865945816,233.0,0.0,0.5598386217653751,-0.5598386217653751
2022-2023,26105195,ESCOLA DE REFERENCIA EM ENSINO MEDIO BRASILINO JOSE DE CARVALHO,Igarassu,0.0,0.1748511642217636,302.0,0.0,0.5280505159497261,-0.5280505159497261
2022-2023,26105250,ESCOLA DE REFERENCIA EM ENSINO MEDIO EURICO PFISTERER,Igarassu,0.0,0.1811646968126297,420.0,0.0,0.7608917266130448,-0.7608917266130448
2022-2023,26105314,ESCOLA DE REFERENCIA EM ENSINO MEDIO JOAO PESSOA GUERRA,Igarassu,0.0,0.7345680594444275,1037.0,0.0,7.617470776438713,-7.617470776438713
2022-2023,26105519,ESCOLA DE REFERENCIA EM ENSINO MEDIO SANTOS COSME E DAMIAO,Igarassu,0.0,0.21040046215057373,918.0,0.0,1.9314762425422667,-1.9314762425422667
2022-2023,26105888,ESCOLA DE REFERENCIA EM ENSINO FUNDAMENTAL E MEDIO NOVA CRUZ,Igarassu,0.0,0.645798921585083,179.0,0.0,1.1559800696372986,-1.1559800696372986
2022-2023,26187825,ESCOLA TECNICA ESTADUAL JURANDIR BEZERRA LINS,Igarassu,0.0,0.1811646968126297,480.0,0.0,0.8695905447006226,-0.8695905447006226
2022-2023,26017598,ESCOLA ESTADUAL JOAQUIM ALVES DE FREITAS,Iguaracy,0.0,1.0222158432006836,151.0,0.0,1.5435459232330322,-1.5435459232330322
2022-2023,26017750,ESCOLA DE REFERENCIA EM ENSINO MEDIO PROFESSORA ROSETE BEZERRA DE SOUZA,Iguaracy,0.0,0.5116077661514282,289.0,0.0,1.4785464441776275,-1.4785464441776275
2022-2023,26027917,ESCOLA DE REFERENCIA EM ENSINO MEDIO ANTONIO GUILHERME DIAS LIMA,Inajá,0.0,0.5499383807182312,516.0,0.0,2.837682044506073,-2.837682044506073
2022-2023,26028409,ESCOLA MARIA GILDETE ARAUJO,Inajá,29.4,9.392988204956055,52.0,15.287999999999998,4.884353866577149,10.40364613342285
2022-2023,26028506,ESCOLA ESTADUAL INDIGENA AIMBERE,Inajá,23.8,6.384011268615723,134.0,31.892000000000003,8.554575099945069,23.337424900054934
2022-2023,26028573,ESCOLA DE REFERENCIA EM ENSINO FUNDAMENTAL JOEL PEDRO DA SILVA,Inajá,0.0,0.5004086494445801,96.0,0.0,0.48039230346679684,-0.48039230346679684
2022-2023,26018020,ESCOLA DE REFERENCIA EM ENSINO MEDIO ARISTAQUE JOSE DE VERAS,Ingazeira,5.4,1.263907790184021,170.0,9.180000000000001,2.148643243312836,7.031356756687165
2022-2023,26130947,ESCOLA DOMINGOS DE ALBUQUERQUE,Ipojuca,0.0,0.23250903189182281,929.0,0.0,2.160008906275034,-2.160008906275034
2022-2023,26131528,ESCOLA DE REFERENCIA EM ENSINO MEDIO ALBERTINA DA COSTA SOARES,Ipojuca,0.0,0.21377450227737427,534.0,0.0,1.1415558421611787,-1.1415558421611787
2022-2023,26131668,ESCOLA ANIBAL CARDOSO,Ipojuca,0.0,0.20682263374328613,796.0,0.0,1.6463081645965576,-1.6463081645965576
2022-2023,26131684,ESCOLA DE REFERENCIA EM ENSINO MEDIO FREI OTTO,Ipojuca,0.3,0.6897597908973694,500.0,1.5,3.448798954486847,-1.948798954486847
2022-2023,26131692,ESCOLA DE REFERENCIA EM ENSINO MEDIO JOSE MARIO ALVES DA SILVA,Ipojuca,0.0,0.1929580420255661,351.0,0.0,0.677282727509737,-0.677282727509737
2022-2023,26178028,ESCOLA DE REFERENCIA EM ENSINO MEDIO DE IPOJUCA,Ipojuca,0.0,0.1811646968126297,476.0,0.0,0.8623439568281174,-0.8623439568281174
2022-2023,26004488,ESCOLA NOSSA SENHORA DO SOCORRO,Ipubi,21.7,0.490191787481308,23.0,4.991,0.11274411112070085,4.878255888879298
2022-2023,26004518,ESCOLA DE REFERENCIA EM ENSINO MEDIO ARAO PEIXOTO DE ALENCAR,Ipubi,0.0,0.37060999870300293,489.0,0.0,1.8122828936576842,-1.8122828936576842
2022-2023,26004593,ESCOLA DE REFERENCIA EM ENSINO MEDIO JOAQUIM EUGENIO SILVA,Ipubi,0.6,0.40547293424606323,396.0,2.376,1.6056728196144106,0.7703271803855893
2022-2023,26185059,ESCOLA DE REFERENCIA EM ENSINO MEDIO GENIFA FELISBELA NOBRE,Ipubi,0.0,0.35598453879356384,337.0,0.0,1.19966789573431,-1.19966789573431
2022-2023,26041910,ESCOLA DE REFERENCIA EM ENSINO MEDIO PROFESSORA MARIA DE MENEZES GUIMARAES,Itacuruba,0.0,0.21071955561637878,166.0,0.0,0.3497944623231888,-0.3497944623231888
2022-2023,26186411,ESCOLA ESTADUAL INDIGENA JOSEFA ALICE DA CONCEICAO,Itacuruba,7.9,12.551252365112305,42.0,3.318,5.2715259933471685,-1.9535259933471685
2022-2023,26189526,ESCOLA ESTADUAL INDIGENA LUIZ PEREIRA LEAL,Itacuruba,1.8,19.398164749145508,114.0,2.052,22.11390781402588,-20.06190781402588
2022-2023,26047187,ESCOLA DE REFERENCIA EM ENSINO MEDIO PEDRO DE ALCANTARA RAMOS,Itaíba,2.1,0.2922905683517456,355.0,7.455,1.037631517648697,6.4173684823513035
2022-2023,26047365,ESCOLA FREI JOAO PEREIRA DE SOUZA,Itaíba,0.0,0.4531993865966797,203.0,0.0,0.9199947547912598,-0.9199947547912598
2022-2023,26191261,ESCOLA TECNICA ESTADUAL MARIA FERREIRA MARTINS,Itaíba,1.3,1.240070104598999,322.0,4.186,3.9930257368087765,0.19297426319122346
2022-2023,26106060,ESCOLA DE REFERENCIA EM ENSINO MEDIO ALBERTO AUGUSTO DE MORAIS PRADINES,Ilha de Itamaracá,0.0,0.1811646968126297,322.0,0.0,0.5833503237366676,-0.5833503237366676
2022-2023,26106159,ESCOLA SENADOR PAULO PESSOA GUERRA,Ilha de Itamaracá,0.4,0.20682263374328613,260.0,1.04,0.537738847732544,0.502261152267456
2022-2023,26089505,ESCOLA DE REFERENCIA EM ENSINO MEDIO FREI ORLANDO,Itambé,0.8,0.2931537330150604,529.0,4.232,1.5507832476496697,2.6812167523503305
2022-2023,26089530,ESCOLA ARRUDA CAMARA,Itambé,0.0,0.6471084952354431,612.0,0.0,3.9603039908409117,-3.9603039908409117
2022-2023,26018314,ESCOLA DE REFERENCIA EM ENSINO MEDIO TERESA TORRES,Itapetim,6.7,2.7658979892730713,398.0,26.666,11.008273997306823,15.657726002693177
2022-2023,26106337,ESCOLA PROFESSORA GERCINA FERNANDES RODRIGUES,Itapissuma,0.0,0.2685086131095886,230.0,0.0,0.6175698101520538,-0.6175698101520538
2022-2023,26106353,ESCOLA DE REFERENCIA EM ENSINO FUNDAMENTAL E ENSINO MEDIO SENADOR JOSE ERMIRIO DE MORAES,Itapissuma,0.0,0.19385866820812225,252.0,0.0,0.4885238438844681,-0.4885238438844681
2022-2023,26106388,ESCOLA DE REFERENCIA EM ENSINO MEDIO EURIDICE CADAVAL,Itapissuma,0.0,0.6278179883956909,458.0,0.0,2.8754063868522644,-2.8754063868522644
2022-2023,26089947,ESCOLA SEVERINO GOUVEIA DE LIMA,Itaquitinga,7.7,0.8906335830688477,301.0,23.177,2.680807085037231,20.49619291496277
2022-2023,26525852,ESCOLA DE REFERENCIA EM ENSINO MEDIO PROFESSOR DENIVAL JOSE RODRIGUES DE MELO,Itaquitinga,0.0,0.3840280771255493,241.0,0.0,0.9255076658725738,-0.9255076658725738
2022-2023,26108801,ESCOLA DE REFERENCIA EM ENSINO MEDIO FREI ROMEU PEREA,Jaboatão dos Guararapes,0.6,0.5574101209640503,186.0,1.116,1.0367828249931335,0.07921717500686665
2022-2023,26108925,ESCOLA DE REFERENCIA EM ENSINO MEDIO NESTOR GOMES DE MOURA,Jaboatão dos Guararapes,2.3,0.30324187874794006,526.0,12.097999999999999,1.5950522822141646,10.502947717785835
2022-2023,26108984,ESCOLA DE REFERENCIA EM ENSINO MEDIO POETA MAURO MOTA,Jaboatão dos Guararapes,0.0,0.1811646968126297,372.0,0.0,0.6739326721429825,-0.6739326721429825
2022-2023,26109042,ESCOLA DE REFERENCIA EM ENSINO MEDIO RODOLFO AURELIANO,Jaboatão dos Guararapes,0.0,0.1811646968126297,534.0,0.0,0.9674194809794426,-0.9674194809794426
2022-2023,26109107,ESCOLA DE REFERENCIA EM ENSINO MEDIO SIMON BOLIVAR,Jaboatão dos Guararapes,0.0,0.3516717553138733,360.0,0.0,1.266018319129944,-1.266018319129944
2022-2023,26109115,ESCOLA SOUZA BRANDAO,Jaboatão dos Guararapes,2.5,0.29006844758987427,506.0,12.65,1.4677463448047638,11.182253655195236
2022-2023,26109360,ESCOLA DE REFERENCIA EM ENSINO MEDIO BERNARDO VIEIRA,Jaboatão dos Guararapes,6.1,0.6871106624603271,698.0,42.577999999999996,4.796032423973084,37.781967576026915
2022-2023,26109441,ESCOLA DE REFERENCIA EM ENSINO MEDIO DESPORTISTA RUBEM RODRIGUES MOREIRA,Jaboatão dos Guararapes,0.0,0.1811646968126297,424.0,0.0,0.7681383144855499,-0.7681383144855499
2022-2023,26109468,ESCOLA DE REFERENCIA EM ENSINO MEDIO VILA RICA,Jaboatão dos Guararapes,0.0,0.1811646968126297,302.0,0.0,0.5471173843741417,-0.5471173843741417
2022-2023,26109506,ESCOLA HENRIQUETA DE OLIVEIRA,Jaboatão dos Guararapes,0.0,4.625489711761475,408.0,0.0,18.871998023986816,-18.871998023986816
2022-2023,26110016,ESCOLA DE REFERENCIA EM ENSINO MEDIO FREI JABOATAO,Jaboatão dos Guararapes,0.0,0.17566600441932678,162.0,0.0,0.2845789271593094,-0.2845789271593094
2022-2023,26110148,ESCOLA ALFREDO TENORIO,Jaboatão dos Guararapes,0.0,0.9088800549507141,94.0,0.0,0.8543472516536712,-0.8543472516536712
2022-2023,26110199,ESCOLA DE REFERENCIA EM ENSINO MEDIO MURILO BRAGA,Jaboatão dos Guararapes,0.0,0.14158841967582703,301.0,0.0,0.4261811432242394,-0.4261811432242394
2022-2023,26110229,ESCOLA DE REFERENCIA EM ENSINO FUNDAMENTAL E MEDIO ODETE ANTUNES,Jaboatão dos Guararapes,0.0,4.3625054359436035,209.0,0.0,9.11763636112213,-9.11763636112213
2022-2023,26110237,ESCOLA DE REFERENCIA EM ENSINO MEDIO SENADOR PETRONIO PORTELA,Jaboatão dos Guararapes,0.2,0.1710980087518692,455.0,0.91,0.7784959398210048,0.13150406017899519
2022-2023,26110245,ESCOLA DE REFERENCIA EM ENSINO MEDIO SENADOR ADERBAL JUREMA,Jaboatão dos Guararapes,5.3,0.18172775208950043,382.0,20.246,0.6942000129818916,19.551799987018107
2022-2023,26110270,ESCOLA DE REFERENCIA EM ENSINO MEDIO PROFESSOR MOACYR DE ALBUQUERQUE,Jaboatão dos Guararapes,0.0,1.0602174997329712,508.0,0.0,5.385904898643494,-5.385904898643494
2022-2023,26110849,ESCOLA ALTO DOS GUARARAPES,Jaboatão dos Guararapes,0.0,0.20682263374328613,706.0,0.0,1.4601677942276001,-1.4601677942276001
2022-2023,26110857,ESCOLA ALZIRA DA FONSECA BREUEL,Jaboatão dos Guararapes,0.0,0.5915164351463318,1164.0,0.0,6.885251305103302,-6.885251305103302
2022-2023,26110881,ESCOLA DE REFERENCIA EM ENSINO MEDIO AUGUSTO SEVERO,Jaboatão dos Guararapes,0.0,0.1811646968126297,560.0,0.0,1.0145223021507264,-1.0145223021507264
2022-2023,26110970,ESCOLA DE REFERENCIA EM ENSINO MEDIO EDMUR ARLINDO DE OLIVEIRA,Jaboatão dos Guararapes,0.0,5.024016857147217,297.0,0.0,14.921330065727235,-14.921330065727235
2022-2023,26110997,ESCOLA DE REFERENCIA EM ENSINO MEDIO EDSON MOURY FERNANDES,Jaboatão dos Guararapes,0.0,0.2879146635532379,473.0,0.0,1.3618363586068154,-1.3618363586068154
2022-2023,26111012,ESCOLA DE REFERENCIA EM ENSINO MEDIO FELIPE CAMARAO,Jaboatão dos Guararapes,0.4,0.1811646968126297,314.0,1.256,0.5688571479916573,0.6871428520083427
2022-2023,26111020,ESCOLA DE REFERENCIA EM ENSINO MEDIO HUMBERTO LINS BARRADAS,Jaboatão dos Guararapes,0.0,0.31717801094055176,395.0,0.0,1.2528531432151795,-1.2528531432151795
2022-2023,26111071,ESCOLA JOSE GLICERIO,Jaboatão dos Guararapes,0.0,0.06899425387382507,547.0,0.0,0.3773985686898232,-0.3773985686898232
2022-2023,26111195,ESCOLA PEDRO BARROS FILHO,Jaboatão dos Guararapes,0.0,0.2365460991859436,690.0,0.0,1.6321680843830109,-1.6321680843830109
2022-2023,26111209,ESCOLA DE REFERENCIA EM ENSINO MEDIO PROFESSOR BENEDITO CUNHA MELO,Jaboatão dos Guararapes,0.0,0.1811646968126297,487.0,0.0,0.8822720734775067,-0.8822720734775067
2022-2023,26111225,ESCOLA DE REFERENCIA EM ENSINO MEDIO PROFESSOR EPITACIO ANDRE DIAS,Jaboatão dos Guararapes,0.0,0.1811646968126297,592.0,0.0,1.0724950051307678,-1.0724950051307678
2022-2023,26111241,ESCOLA DE REFERENCIA EM ENSINO MEDIO DESEMBARGADOR JOSE NEVES FILHO,Jaboatão dos Guararapes,0.0,1.9789122343063354,256.0,0.0,5.066015319824219,-5.066015319824219
2022-2023,26111268,ESCOLA JOAO PAULO I,Jaboatão dos Guararapes,0.0,0.31979188323020935,577.0,0.0,1.845199166238308,-1.845199166238308
2022-2023,26111284,ESCOLA VILA JOAO DE DEUS,Jaboatão dos Guararapes,5.9,5.472169876098633,585.0,34.515,32.012193775177,2.502806224822997
2022-2023,26111314,ESCOLA DE REFERENCIA EM ENSINO MEDIO SATURNINO DE BRITO,Jaboatão dos Guararapes,0.0,0.1811646968126297,360.0,0.0,0.652192908525467,-0.652192908525467
2022-2023,26111349,ESCOLA DE REFERENCIA EM ENSINO FUNDAMENTAL E MEDIO SUPERVISORA MIRIAM SEIXAS,Jaboatão dos Guararapes,0.0,0.2008214294910431,395.0,0.0,0.7932446464896202,-0.7932446464896202
2022-2023,26111357,ESCOLA ZEQUINHA BARRETO,Jaboatão dos Guararapes,3.3,0.882256269454956,737.0,24.321,6.502228705883026,17.818771294116974
2022-2023,26111403,ESCOLA DE REFERENCIA EM ENSINO MEDIO ADELAIDE PESSOA CAMARA,Jaboatão dos Guararapes,0.9,0.3758329153060913,468.0,4.212000000000001,1.7588980436325075,2.453101956367493
2022-2023,26111411,ESCOLA AMOR DIVINO,Jaboatão dos Guararapes,0.0,1.1301292181015015,554.0,0.0,6.260915868282318,-6.260915868282318
2022-2023,26185946,ESCOLA TECNICA ESTADUAL ADVOGADO JOSE DAVI GIL RODRIGUES,Jaboatão dos Guararapes,0.0,0.1811646968126297,490.0,0.0,0.8877070143818856,-0.8877070143818856
2022-2023,26525828,ESCOLA TECNICA ESTADUAL MAXIMIANO ACCIOLY CAMPOS,Jaboatão dos Guararapes,0.0,0.1897600144147873,482.0,0.0,0.9146432694792747,-0.9146432694792747
2022-2023,26100940,ESCOLA DE REFERENCIA EM ENSINO MEDIO MIGUEL PELLEGRINO,Jaqueira,0.0,0.5032888650894165,373.0,0.0,1.8772674667835236,-1.8772674667835236
2022-2023,26057743,ESCOLA DE REFERENCIA EM ENSINO MEDIO JOSE LOPES DE SIQUEIRA,Jataúba,0.2,0.2402740865945816,452.0,0.904,1.0860388714075089,-0.18203887140750885
2022-2023,26042053,ESCOLA DE REFERENCIA EM ENSINO MEDIO DE ITAPARICA,Jatobá,0.0,0.1814405918121338,311.0,0.0,0.5642802405357361,-0.5642802405357361
2022-2023,26042096,ESCOLA ESTADUAL INDIGENA JOSE LUCIANO,Jatobá,39.1,24.010150909423828,48.0,18.768,11.524872436523438,7.243127563476563
2022-2023,26042479,ESCOLA PANKARARUS,Jatobá,13.0,17.90049934387207,80.0,10.4,14.320399475097656,-3.920399475097655
2022-2023,26042525,ESCOLA NOSSA SENHORA APARECIDA - JATOBA,Jatobá,0.0,0.4346517026424408,100.0,0.0,0.4346517026424408,-0.4346517026424408
2022-2023,26186446,ESCOLA ESTADUAL INDIGENA QUITERIA MARIA DE JESUS,Jatobá,30.9,14.821125984191895,55.0,16.995,8.151619291305542,8.84338070869446
2022-2023,26068729,ESCOLA DE REFERENCIA EM ENSINO MEDIO JARINA MAIA,João Alfredo,0.0,0.22814498841762543,574.0,0.0,1.30955223351717,-1.30955223351717
2022-2023,26068877,ESCOLA DE REFERENCIA EM ENSINO MEDIO NOSSA SENHORA AUXILIADORA,João Alfredo,1.8,0.21863839030265808,347.0,6.246,0.7586752143502234,5.487324785649777
2022-2023,26100525,ESCOLA DE REFERENCIA EM ENSINO MEDIO GOVERNADOR EDUARDO CAMPOS,Joaquim Nabuco,0.0,0.22814498841762543,449.0,0.0,1.0243709979951383,-1.0243709979951383
2022-2023,26174464,ESCOLA DE REFERENCIA EM ENSINO MEDIO HENRIQUE JUSTINO DE MELO,Jucati,0.0,0.30456650257110596,493.0,0.0,1.5015128576755523,-1.5015128576755523
2022-2023,26077825,ESCOLA DE REFERENCIA EM ENSINO MEDIO SEBASTIAO TIAGO DE OLIVEIRA,Jupi,0.4,0.22814498841762543,574.0,2.2960000000000003,1.30955223351717,0.9864477664828302
2022-2023,26133920,ESCOLA DE REFERENCIA EM ENSINO MEDIO PADRE ANTONIO BARBOSA JUNIOR,Jurema,0.0,0.3578546643257141,456.0,0.0,1.6318172693252564,-1.6318172693252564
2022-2023,26090058,ESCOLA DE REFERENCIA EM ENSINO MEDIO DOUTOR FRANCISCO SIQUEIRA C DA CUNHA,Lagoa do Carro,0.0,0.22814498841762543,477.0,0.0,1.0882515947520734,-1.0882515947520734
2022-2023,26090309,ESCOLA DE REFERENCIA EM ENSINO MEDIO TRISTAO FERREIRA BESSA,Lagoa de Itaenga,0.1,0.2402740865945816,718.0,0.718,1.725167941749096,-1.007167941749096
2022-2023,26078562,ESCOLA DE REFERENCIA EM ENSINO MEDIO ABILIO MONTEIRO,Lagoa do Ouro,0.0,0.3277020752429962,469.0,0.0,1.5369227328896524,-1.5369227328896524
2022-2023,26084791,ESCOLA DE REFERENCIA EM ENSINO MEDIO PROFESSOR MANOEL EDMUNDO,Lagoa dos Gatos,0.0,0.4976247549057007,405.0,0.0,2.0153802573680877,-2.0153802573680877
2022-2023,26037726,ESCOLA DE REFERENCIA EM ENSINO FUNDAMENTAL E MEDIO ANTONIO DE AMORIM COELHO,Lagoa Grande,7.2,2.775343894958496,393.0,28.296000000000003,10.907101507186889,17.388898492813112
2022-2023,26155559,ESCOLA DE REFERENCIA EM ENSINO MEDIO DOM HELDER CAMARA,Lagoa Grande,0.0,0.2173476219177246,471.0,0.0,1.023707299232483,-1.023707299232483
2022-2023,26155567,ESCOLA PROFESSORA JOSEFINA GOMES ARAUJO,Lagoa Grande,0.6,2.5548083782196045,190.0,1.1400000000000001,4.854135918617248,-3.7141359186172482
2022-2023,26078805,ESCOLA DE REFERENCIA EM ENSINO MEDIO DEOLINDA AMARAL,Lajedo,1.3,0.5914633274078369,437.0,5.681000000000001,2.5846947407722474,3.0963052592277536
2022-2023,26078872,ESCOLA JORNALISTA MANUEL AMARAL,Lajedo,1.2,0.20432373881340027,671.0,8.052,1.3710122874379158,6.680987712562084
2022-2023,26182106,ESCOLA TECNICA ESTADUAL ANTONIO DOURADO CAVALCANTI,Lajedo,0.0,0.20432373881340027,320.0,0.0,0.6538359642028808,-0.6538359642028808
2022-2023,26069210,ESCOLA DE REFERENCIA EM ENSINO MEDIO PROFESSORA JANDIRA DE ANDRADE LIMA,Limoeiro,0.0,0.2402740865945816,447.0,0.0,1.0740251670777796,-1.0740251670777796
2022-2023,26069288,ESCOLA DE REFERENCIA EM ENSINO MEDIO AUSTRO COSTA,Limoeiro,0.0,0.24918203055858612,384.0,0.0,0.9568589973449708,-0.9568589973449708
2022-2023,26069318,ESCOLA DE REFERENCIA EM ENSINO MEDIO DOUTOR SEBASTIAO DE VASCONCELOS GALVAO,Limoeiro,0.0,0.1814405918121338,483.0,0.0,0.8763580584526062,-0.8763580584526062
2022-2023,26069555,ESCOLA SERAFICO RICARDO,Limoeiro,9.7,3.5883424282073975,238.0,23.086,8.540254979133605,14.545745020866393
2022-2023,26069652,ESCOLA DE REFERENCIA EM ENSINO FUNDAMENTAL GINASIO ARTHUR CORREIA DE OLIVEIRA,Limoeiro,0.0,1.7053028345108032,25.0,0.0,0.42632570862770086,-0.42632570862770086
2022-2023,26525801,ESCOLA TECNICA ESTADUAL JOSE HUMBERTO DE MOURA CAVALCANTI,Limoeiro,0.0,0.20432373881340027,458.0,0.0,0.9358027237653732,-0.9358027237653732
2022-2023,26090406,ESCOLA DE REFERENCIA EM ENSINO MEDIO CREUSA DE FREITAS CAVALCANTI,Macaparana,0.5,0.2741539478302002,423.0,2.115,1.1596711993217468,0.9553288006782534
2022-2023,26090759,ESCOLA BRIGADEIRO EDUARDO GOMES,Macaparana,1.2,0.8051402568817139,94.0,1.1280000000000001,0.756831841468811,0.3711681585311891
2022-2023,26090767,ESCOLA ANTONIO COUTINHO,Macaparana,0.0,0.318058580160141,94.0,0.0,0.29897506535053253,-0.29897506535053253
2022-2023,26408643,ESCOLA DE REFERENCIA EM ENSINO MEDIO PROFESSORA BENEDITA DE MORAIS GUERRA,Macaparana,0.0,0.1811646968126297,393.0,0.0,0.7119772584736348,-0.7119772584736348
2022-2023,26070090,ESCOLA DE REFERENCIA EM ENSINO MEDIO SEVERINO DE ANDRADE GUERRA,Machados,0.0,0.19359393417835236,514.0,0.0,0.9950728216767312,-0.9950728216767312
2022-2023,26029243,ESCOLA DE REFERENCIA EM ENSINO MEDIO CORONEL MANOEL DE SOUZA NETO,Manari,0.0,0.5499383807182312,786.0,0.0,4.322515672445298,-4.322515672445298
2022-2023,26100614,ESCOLA DE REFERENCIA EM ENSINO MEDIO FABIO DA SILVEIRA BARROS,Maraial,4.1,0.5760031342506409,289.0,11.848999999999998,1.664649057984352,10.184350942015646
2022-2023,26009390,ESCOLA DE REFERENCIA EM ENSINO MEDIO FRANCISCO PIRES,Mirandiba,0.0,0.4111245572566986,436.0,0.0,1.7925030696392061,-1.7925030696392061
2022-2023,26009617,ESCOLA FRANCISCO ALVES DE CARVALHO,Mirandiba,0.0,0.5499383807182312,109.0,0.0,0.599432834982872,-0.599432834982872
2022-2023,26111853,ESCOLA ARTUR MENDONCA,Moreno,0.0,1.1175854206085205,683.0,0.0,7.633108422756195,-7.633108422756195
2022-2023,26111870,ESCOLA DE REFERENCIA EM ENSINO MEDIO CARDEAL DOM JAIME CAMARA,Moreno,1.7,0.8110993504524231,255.0,4.335,2.068303343653679,2.266696656346321
2022-2023,26111926,ESCOLA DE REFERENCIA EM ENSINO MEDIO MARIA DO CEU BANDEIRA,Moreno,0.0,0.2402740865945816,303.0,0.0,0.7280304823815822,-0.7280304823815822
2022-2023,26112108,ESCOLA DE REFERENCIA EM ENSINO MEDIO SOFRONIO PORTELA,Moreno,0.0,1.066243052482605,313.0,0.0,3.3373407542705533,-3.3373407542705533
2022-2023,26090864,ESCOLA DOM CARLOS COELHO - NAZARE,Nazaré da Mata,0.2,0.3595000207424164,358.0,0.716,1.2870100742578507,-0.5710100742578508
2022-2023,26090902,ESCOLA DE REFERENCIA EM ENSINO MEDIO DON VIEIRA,Nazaré da Mata,0.0,0.17992720007896423,466.0,0.0,0.8384607523679733,-0.8384607523679733
2022-2023,26090910,ESCOLA DE REFERENCIA EM ENSINO MEDIO MACIEL MONTEIRO,Nazaré da Mata,0.0,0.2173476219177246,335.0,0.0,0.7281145334243774,-0.7281145334243774
2022-2023,26090970,ESCOLA DE APLICACAO PROFESSOR CHAVES,Nazaré da Mata,0.0,0.19270819425582886,322.0,0.0,0.6205203855037689,-0.6205203855037689
2022-2023,26112701,ESCOLA DE REFERENCIA EM ENSINO MEDIO DE OLINDA,Olinda,0.0,0.1814405918121338,318.0,0.0,0.5769810819625855,-0.5769810819625855
2022-2023,26113198,ESCOLA ANTONIO SOUTO FILHO,Olinda,0.0,0.42534565925598145,172.0,0.0,0.7315945339202882,-0.7315945339202882
2022-2023,26113210,ESCOLA ARGENTINA CASTELLO BRANCO,Olinda,0.0,0.30249395966529846,412.0,0.0,1.2462751138210297,-1.2462751138210297
2022-2023,26113236,ESCOLA DE REFERENCIA EM ENSINO MEDIO AUREA DE MOURA CAVALCANTI,Olinda,0.0,0.308889776468277,377.0,0.0,1.1645144572854043,-1.1645144572854043
2022-2023,26113279,ESCOLA CEL VALERIANO EUGENIO DE MELO,Olinda,0.0,1.2706754207611084,206.0,0.0,2.617591366767883,-2.617591366767883
2022-2023,26113325,ESCOLA DE REFERENCIA EM ENSINO FUNDAMENTAL E MEDIO CLIDIO DE LIMA NIGRO,Olinda,0.0,0.22087857127189636,119.0,0.0,0.2628454998135567,-0.2628454998135567
2022-2023,26113333,ESCOLA CONEGO JONAS TAURINO,Olinda,0.0,0.22176766395568848,259.0,0.0,0.5743782496452332,-0.5743782496452332
2022-2023,26113392,ESCOLA DE REFERENCIA EM ENSINO MEDIO DESEMBARGADOR RENATO FONSECA,Olinda,0.0,0.18783634901046753,301.0,0.0,0.5653874105215072,-0.5653874105215072
2022-2023,26113449,ESCOLA DE REFERENCIA EM ENSINO FUNDAMENTAL DOM PEDRO BANDEIRA DE MELO,Olinda,0.0,2.311603546142578,14.0,0.0,0.32362449645996094,-0.32362449645996094
2022-2023,26113538,ESCOLA DE REFERENCIA EM ENSINO MEDIO GUEDES ALCOFORADO,Olinda,0.0,0.27456629276275635,397.0,0.0,1.0900281822681428,-1.0900281822681428
2022-2023,26113562,ESCOLA DE REFERENCIA EM ENSINO FUNDAMENTAL E MEDIO JERONIMO DE ALBUQUERQUE,Olinda,0.9,0.9293270707130432,125.0,1.1250000000000002,1.161658838391304,-0.036658838391303794
2022-2023,26113635,ESCOLA DE REFERENCIA EM ENSINO FUNDAMENTAL E MEDIO MARIA EMILIA ROMEIRO ESTELITA,Olinda,0.0,0.11373215168714523,167.0,0.0,0.18993269331753254,-0.18993269331753254
2022-2023,26113660,ESCOLA MARECHAL MASCARENHAS DE MORAES,Olinda,0.7,0.5394551157951355,161.0,1.1269999999999998,0.8685227364301682,0.2584772635698316
2022-2023,26113724,ESCOLA MONSENHOR ARRUDA CAMARA,Olinda,0.0,0.18783634901046753,102.0,0.0,0.19159307599067688,-0.19159307599067688
2022-2023,26113783,ESCOLA DE REFERENCIA EM ENSINO MEDIO PADRE FRANCISCO CARNEIRO,Olinda,0.0,0.1814405918121338,755.0,0.0,1.36987646818161,-1.36987646818161
2022-2023,26113805,ESCOLA DE REFERENCIA EM ENSINO MEDIO PINTOR MANOEL BANDEIRA,Olinda,0.0,0.1814405918121338,299.0,0.0,0.54250736951828,-0.54250736951828
2022-2023,26113813,ESCOLA DE REFERENCIA EM ENSINO FUNDAMENTAL E MEDIO COMPOSITOR ANTONIO MARIA,Olinda,0.0,0.440990149974823,188.0,0.0,0.8290614819526672,-0.8290614819526672
2022-2023,26113830,ESCOLA DE REFERENCIA EM ENSINO FUNDAMENTAL PROFESSOR CANDIDO PESSOA,Olinda,0.0,0.4329673647880554,222.0,0.0,0.961187549829483,-0.961187549829483
2022-2023,26113856,ESCOLA DE REFERENCIA EM ENSINO MEDIO PROFESSOR ESTEVAO PINTO,Olinda,0.0,0.23346081376075745,342.0,0.0,0.7984359830617904,-0.7984359830617904
2022-2023,26113872,ESCOLA PROFESSORA DEANA CLARK XAVIER,Olinda,0.0,0.20432373881340027,206.0,0.0,0.42090690195560454,-0.42090690195560454
2022-2023,26113880,ESCOLA PROFESSORA INES BORBA,Olinda,1.0,6.099423885345459,194.0,1.94,11.83288233757019,-9.89288233757019
2022-2023,26113929,ESCOLA RAIMUNDO DINIZ,Olinda,0.0,0.5389601588249207,572.0,0.0,3.082852108478546,-3.082852108478546
2022-2023,26113953,ESCOLA DE REFERENCIA EM ENSINO FUNDAMENTAL E ENSINO MEDIO COSTA AZEVEDO,Olinda,0.0,4.024173736572266,324.0,0.0,13.03832290649414,-13.03832290649414
2022-2023,26114496,ESCOLA DE REFERENCIA EM ENSINO MEDIO CAPITAO LUIZ REIS,Olinda,0.5,0.20432373881340027,197.0,0.985,0.40251776546239854,0.5824822345376015
2022-2023,26114607,ESCOLA JOAO MATOS GUIMARAES,Olinda,0.0,0.030503779649734497,227.0,0.0,0.06924357980489732,-0.06924357980489732
2022-2023,26114720,ESCOLA DE REFERENCIA EM ENSINO MEDIO PROFESSOR ERNESTO SILVA,Olinda,0.0,0.1814405918121338,338.0,0.0,0.6132692003250122,-0.6132692003250122
2022-2023,26114852,ESCOLA DE REFERENCIA EM ENSINO FUNDAMENTAL SIGISMUNDO GONCALVES,Olinda,0.0,0.31973347067832947,61.0,0.0,0.19503741711378098,-0.19503741711378098
2022-2023,26114860,ESCOLA DE REFERENCIA EM ENSINO FUNDAMENTAL E MEDIO TABAJARA,Olinda,0.0,0.4031248092651367,286.0,0.0,1.152936954498291,-1.152936954498291
2022-2023,26115085,ESCOLA THEMISTOCLES DE ANDRADE,Olinda,0.0,3.5859837532043457,13.0,0.0,0.46617788791656495,-0.46617788791656495
2022-2023,26135555,ESCOLA DE REFERENCIA EM ENSINO MEDIO ESCRITOR PAULO CAVALCANTI,Olinda,0.0,0.7055384516716003,148.0,0.0,1.0441969084739686,-1.0441969084739686
2022-2023,26136455,ESCOLA DE REFERENCIA EM ENSINO MEDIO MARECHAL FLORIANO PEIXOTO,Olinda,0.0,0.1814405918121338,325.0,0.0,0.5896819233894348,-0.5896819233894348
2022-2023,26136460,ESCOLA DE REFERENCIA EM ENSINO MEDIO SANTA ANA,Olinda,0.0,0.5343056917190552,682.0,0.0,3.643964817523956,-3.643964817523956
2022-2023,26150131,ESCOLA DE REFERENCIA EM ENSINO FUNDAMENTAL PROFESSOR PAULO FREIRE,Olinda,0.0,0.35055452585220337,13.0,0.0,0.04557208836078644,-0.04557208836078644
2022-2023,26190737,ESCOLA TECNICA ESTADUAL CHICO SCIENCE,Olinda,0.0,0.1814405918121338,488.0,0.0,0.8854300880432129,-0.8854300880432129
2022-2023,26070260,ESCOLA DE REFERENCIA EM ENSINO MEDIO ABILIO DE SOUZA BARBOSA,Orobó,0.0,0.21863839030265808,478.0,0.0,1.0450915056467056,-1.0450915056467056
2022-2023,26070456,ESCOLA DE REFERENCIA EM ENSINO MEDIO PROFESSORA RITA MARIA DA CONCEICAO,Orobó,0.0,0.21863839030265808,311.0,0.0,0.6799653938412666,-0.6799653938412666
2022-2023,26070618,ESCOLA PROFESSOR ANTONIO PEDRO DE AGUIAR,Orobó,0.0,0.13863343000411987,128.0,0.0,0.17745079040527345,-0.17745079040527345
2022-2023,26033364,ESCOLA DE REFERENCIA EM ENSINO MEDIO JACOB ANTONIO DE OLIVEIRA,Orocó,0.0,0.30456650257110596,332.0,0.0,1.0111607885360718,-1.0111607885360718
2022-2023,26146967,ESCOLA BEM-TE-VI,Orocó,0.0,3.373086929321289,361.0,0.0,12.176843814849853,-12.176843814849853
2022-2023,26005107,ESCOLA DE REFERENCIA EM ENSINO MEDIO SAO SEBASTIAO - OURICURI,Ouricuri,4.1,0.5995747447013855,277.0,11.357,1.6608220428228377,9.696177957177161
2022-2023,26005115,ESCOLA DE REFERENCIA EM ENSINO MEDIO FERNANDO BEZERRA,Ouricuri,0.0,0.44533368945121765,375.0,0.0,1.6700013354420662,-1.6700013354420662
2022-2023,26006138,ESCOLA DOM IDILIO JOSE SOARES,Ouricuri,0.8,0.44385987520217896,824.0,6.5920000000000005,3.6574053716659547,2.934594628334046
2022-2023,26006499,ESCOLA PROFESSOR TELESFORO SIQUEIRA,Ouricuri,0.0,0.5323194861412048,577.0,0.0,3.071483435034752,-3.071483435034752
2022-2023,26101084,ESCOLA DE REFERENCIA EM ENSINO MEDIO MONSENHOR ABILIO AMERICO GALVAO,Palmares,0.0,0.1814405918121338,303.0,0.0,0.5497649931907654,-0.5497649931907654
2022-2023,26101203,ESCOLA DE REFERENCIA EM ENSINO MEDIO DOUTOR PEDRO AFONSO DE MEDEIROS,Palmares,0.0,0.24666981399059296,262.0,0.0,0.6462749126553535,-0.6462749126553535
2022-2023,26101599,ESCOLA PROFESSOR ELISEU PEREIRA DE MELO,Palmares,5.9,7.1862616539001465,70.0,4.13,5.030383157730102,-0.9003831577301025
2022-2023,26101602,ESCOLA DE REFERENCIA EM ENSINO MEDIO DA FRATERNIDADE PALMARENSE,Palmares,0.0,0.35474371910095215,112.0,0.0,0.39731296539306643,-0.39731296539306643
2022-2023,26101610,ESCOLA MAQUINISTA AMARO MONTEIRO,Palmares,0.0,0.42962345480918884,264.0,0.0,1.1342059206962585,-1.1342059206962585
2022-2023,26101653,ESCOLA TECNICA ESTADUAL DE PALMARES,Palmares,0.0,0.1814405918121338,405.0,0.0,0.7348343968391419,-0.7348343968391419
2022-2023,26167158,ESCOLA PROFESSORA GALTEMIR LINS,Palmares,4.4,1.6893885135650635,441.0,19.404000000000003,7.450203344821929,11.953796655178074
2022-2023,26178222,ESCOLA DE REFERENCIA EM ENSINO MEDIO DOS PALMARES DOM ACACIO RODRIGUES ALVES,Palmares,0.0,0.1117030456662178,435.0,0.0,0.4859082486480475,-0.4859082486480475
2022-2023,26079593,ESCOLA DE REFERENCIA EM ENSINO MEDIO REGINA PACIS - GARANHUNS,Palmeirina,2.2,0.26354289054870605,244.0,5.368,0.6430446529388428,4.724955347061157
2022-2023,26148021,ESCOLA ESTADUAL GREGORIO BEZERRA - PANELAS,Panelas,0.0,1.4714088439941406,375.0,0.0,5.517783164978027,-5.517783164978027
2022-2023,26178656,ESCOLA DE REFERENCIA EM ENSINO MEDIO DE PANELAS,Panelas,0.0,0.17992720007896423,680.0,0.0,1.2235049605369568,-1.2235049605369568
2022-2023,26079739,ESCOLA DE REFERENCIA EM ENSINO MEDIO NARCISO CORREIA,Paranatama,1.7,0.5295284390449524,489.0,8.313,2.589394066929817,5.723605933070184
2022-2023,26010151,ESCOLA DE REFERENCIA EM ENSINO MEDIO ODORICO MELO,Parnamirim,0.0,0.4387211203575134,481.0,0.0,2.1102485889196396,-2.1102485889196396
2022-2023,26010607,ESCOLA EUCLIDES DA CUNHA,Parnamirim,1.9,1.0659315586090088,425.0,8.075,4.530209124088287,3.544790875911712
2022-2023,26070782,ESCOLA DE REFERENCIA EM ENSINO MEDIO CONEGO FERNANDO PASSOS,Passira,0.5,0.3304165005683899,459.0,2.295,1.5166117376089097,0.7783882623910903
2022-2023,26070880,ESCOLA DE REFERENCIA EM ENSINO MEDIO MANOEL GUILHERME DA SILVA,Passira,0.3,0.3561614453792572,420.0,1.26,1.4958780705928802,-0.23587807059288024
2022-2023,26135400,ESCOLA ESTADUAL PROFESSORA MARIZA JOSE BARBOSA DA SILVA,Passira,0.0,0.3689424395561218,281.0,0.0,1.0367282551527022,-1.0367282551527022
2022-2023,26091259,ESCOLA DE REFERENCIA EM ENSINO MEDIO CONFEDERACAO DO EQUADOR,Paudalho,0.0,0.2402740865945816,434.0,0.0,1.0427895358204842,-1.0427895358204842
2022-2023,26091267,ESCOLA DE REFERENCIA EM ENSINO MEDIO HERCULANO BANDEIRA,Paudalho,0.0,0.32537707686424255,358.0,0.0,1.1648499351739883,-1.1648499351739883
2022-2023,26091291,ESCOLA DE REFERENCIA EM ENSINO MEDIO MONSENHOR LANDELINO BARRETO LINS,Paudalho,0.0,0.2937352955341339,150.0,0.0,0.4406029433012009,-0.4406029433012009
2022-2023,26091542,ESCOLA JOAO CAVALCANTI PETRIBU,Paudalho,0.0,0.5019482374191284,312.0,0.0,1.5660785007476807,-1.5660785007476807
2022-2023,26169975,ESCOLA JOSE ANTONIO FAGUNDES,Paudalho,0.0,0.48094919323921204,291.0,0.0,1.399562152326107,-1.399562152326107
2022-2023,26186004,ESCOLA TECNICA ESTADUAL SENADOR WILSON CAMPOS,Paudalho,0.0,0.1117030456662178,476.0,0.0,0.5317064973711968,-0.5317064973711968
2022-2023,26115883,ESCOLA DE REFERENCIA EM ENSINO MEDIO DE PAULISTA,Paulista,0.0,0.21521155536174774,883.0,0.0,1.9003180338442325,-1.9003180338442325
2022-2023,26115913,ESCOLA DE REFERENCIA EM ENSINO MEDIO DOUTOR LUIZ CABRAL DE MELO,Paulista,0.0,2.9773309230804443,245.0,0.0,7.2944607615470884,-7.2944607615470884
2022-2023,26115964,ESCOLA GOVERNADOR ERALDO GUEIROS LEITE,Paulista,0.0,0.19475392997264862,133.0,0.0,0.25902272686362265,-0.25902272686362265
2022-2023,26115972,ESCOLA HISTORIADOR PEREIRA DA COSTA,Paulista,0.0,-0.10778029263019562,17.0,0.0,-0.018322649747133254,0.018322649747133254
2022-2023,26115999,ESCOLA DE REFERENCIA EM ENSINO MEDIO JOSE MANUEL DE QUEIROZ,Paulista,0.0,0.2247181534767151,465.0,0.0,1.0449394136667252,-1.0449394136667252
2022-2023,26116014,ESCOLA DE REFERENCIA EM ENSINO MEDIO MAESTRO NELSON FERREIRA,Paulista,0.0,0.2247181534767151,208.0,0.0,0.46741375923156736,-0.46741375923156736
2022-2023,26116308,ESCOLA DE REFERENCIA EM ENSINO FUNDAMENTAL E MEDIO PRESIDENTE CASTELO BRANCO,Paulista,0.0,0.308997243642807,308.0,0.0,0.9517115104198456,-0.9517115104198456
2022-2023,26116316,ESCOLA DE REFERENCIA EM ENSINO MEDIO PROFESSORA AMARINA SIMOES,Paulista,0.0,0.6674832105636597,289.0,0.0,1.9290264785289766,-1.9290264785289766
2022-2023,26116324,ESCOLA DE REFERENCIA EM ENSINO MEDIO PROFESSOR ARNALDO CARNEIRO LEAO,Paulista,0.0,0.21521155536174774,409.0,0.0,0.8802152614295482,-0.8802152614295482
2022-2023,26116359,ESCOLA PROFESSOR JOSE BRASILEIRO VILA NOVA,Paulista,0.0,0.7817775011062622,454.0,0.0,3.5492698550224304,-3.5492698550224304
2022-2023,26116367,ESCOLA PROFESSORA GENEROSA GIL PEREZ,Paulista,0.0,0.21521155536174774,305.0,0.0,0.6563952438533306,-0.6563952438533306
2022-2023,26116383,ESCOLA PROFESSORA MARIA ALVES MACHADO,Paulista,5.4,0.22785690426826477,506.0,27.324,1.1529559355974197,26.171044064402583
2022-2023,26116391,ESCOLA PROFESSORA ZULMIRA DE PAULA ALMEIDA,Paulista,0.0,0.351992666721344,291.0,0.0,1.024298660159111,-1.024298660159111
2022-2023,26116413,ESCOLA DE REFERENCIA EM ENSINO MEDIO RADIALISTA LUIZ QUEIROGA,Paulista,0.0,0.02252580039203167,294.0,0.0,0.06622585315257311,-0.06622585315257311
2022-2023,26116634,ESCOLA DE REFERENCIA EM ENSINO FUNDAMENTAL E MEDIO PROFESSORA MARIA DO CARMO PINTO RIBEIRO,Paulista,0.0,0.6835600733757019,126.0,0.0,0.8612856924533845,-0.8612856924533845
2022-2023,26117010,ESCOLA ESTADUAL SAO JOSE,Paulista,0.0,0.5095934867858887,143.0,0.0,0.7287186861038208,-0.7287186861038208
2022-2023,26117045,ESCOLA DE REFERENCIA EM ENSINO MEDIO DANTAS BARRETO,Paulista,0.0,0.308997243642807,610.0,0.0,1.8848831862211228,-1.8848831862211228
2022-2023,26117258,ESCOLA CUSTODIO PESSOA,Paulista,0.0,0.2100927084684372,279.0,0.0,0.5861586566269397,-0.5861586566269397
2022-2023,26117274,ESCOLA MANUEL BASTOS TIGRE,Paulista,0.0,0.23883946239948273,143.0,0.0,0.3415404312312603,-0.3415404312312603
2022-2023,26117290,ESCOLA DE REFERENCIA EM ENSINO MEDIO PADRE OSMAR NOVAES,Paulista,0.0,0.21521155536174774,444.0,0.0,0.95553930580616,-0.95553930580616
2022-2023,26136489,ESCOLA DE REFERENCIA EM ENSINO MEDIO ESCRITOR JOSE DE ALENCAR,Paulista,0.0,0.21521155536174774,446.0,0.0,0.959843536913395,-0.959843536913395
2022-2023,26181282,ESCOLA TECNICA ESTADUAL JOSE ALENCAR GOMES DA SILVA,Paulista,0.0,0.30622953176498413,475.0,0.0,1.4545902758836746,-1.4545902758836746
2022-2023,26047837,ESCOLA DE REFERENCIA EM ENSINO MEDIO PROFESSOR BRASILIANO DONINO DA COSTA LIMA,Pedra,0.0,0.2922905683517456,283.0,0.0,0.82718230843544,-0.82718230843544
2022-2023,26048078,ESCOLA AMALIA CAVALCANTI DA COSTA LIMA,Pedra,0.0,2.058007001876831,366.0,0.0,7.532305626869202,-7.532305626869202
2022-2023,26058430,ESCOLA DE REFERENCIA EM ENSINO MEDIO JOSE DE ALMEIDA MACIEL,Pesqueira,0.0,0.1811646968126297,513.0,0.0,0.9293748946487904,-0.9293748946487904
2022-2023,26058758,ESCOLA SANTA RITA,Pesqueira,14.7,19.411588668823242,104.0,15.287999999999998,20.18805221557617,-4.9000522155761725
2022-2023,26058812,ESCOLA PROFESSOR ARRUDA MARINHO,Pesqueira,0.0,0.2520206868648529,311.0,0.0,0.7837843361496926,-0.7837843361496926
2022-2023,26058952,ESCOLA ELIZEU ARAUJO,Pesqueira,0.0,5.772304058074951,103.0,0.0,5.9454731798172,-5.9454731798172
2022-2023,26058960,ESCOLA DE REFERENCIA EM ENSINO MEDIO CRISTO REI,Pesqueira,0.0,0.19359393417835236,227.0,0.0,0.43945823058485983,-0.43945823058485983
2022-2023,26059088,ESCOLA DE REFERENCIA EM ENSINO MEDIO PROFESSORA MARGARIDA DE LIMA FALCAO,Pesqueira,0.0,0.1811646968126297,564.0,0.0,1.0217688900232316,-1.0217688900232316
2022-2023,26059150,ESCOLA INTERMEDIARIA MONS OLIMPIO TORRES,Pesqueira,14.0,14.874791145324707,199.0,27.860000000000003,29.600834379196165,-1.740834379196162
2022-2023,26147190,ESCOLA ESTADUAL ORORUBA,Pesqueira,27.3,21.236536026000977,89.0,24.297,18.90051706314087,5.39648293685913
2022-2023,26042037,ESCOLA DE REFERENCIA EM ENSINO MEDIO DE JATOBA,Petrolândia,0.0,1.6480183601379395,320.0,0.0,5.273658752441406,-5.273658752441406
2022-2023,26042045,ESCOLA DE REFERENCIA EM ENSINO MEDIO DELMIRO GOUVEIA-PETROLANDIA,Petrolândia,0.0,1.5088220834732056,490.0,0.0,7.393228209018707,-7.393228209018707
2022-2023,26042070,ESCOLA DE REFERENCIA EM ENSINO MEDIO MARIA CAVALCANTI NUNES,Petrolândia,0.0,0.7734723091125488,507.0,0.0,3.9215046072006223,-3.9215046072006223
2022-2023,26042169,ESCOLA LOGRADOURO,Petrolândia,14.0,26.170726776123047,43.0,6.0200000000000005,11.253412513732911,-5.233412513732911
2022-2023,26042312,ESCOLA DE REFERENCIA EM ENSINO FUNDAMENTAL E MEDIO SAO FRANCISCO,Petrolândia,0.0,1.14382004737854,57.0,0.0,0.6519774270057679,-0.6519774270057679
2022-2023,26154358,ESCOLA DE REFERENCIA EM ENSINO FUNDAMENTAL E ENSINO MEDIO ICO MANDANTES,Petrolândia,0.0,0.24172990024089813,238.0,0.0,0.5753171625733375,-0.5753171625733375
2022-2023,26033879,ESCOLA DE REFERENCIA EM ENSINO MEDIO OTACILIO NUNES DE SOUZA,Petrolina,0.0,0.18940898776054382,624.0,0.0,1.1819120836257935,-1.1819120836257935
2022-2023,26034298,ESCOLA DE REFERENCIA EM ENSINO MEDIO ANTONIO PADILHA,Petrolina,0.0,0.18940898776054382,392.0,0.0,0.7424832320213318,-0.7424832320213318
2022-2023,26034310,ESCOLA ESTADUAL DE ALTERNANCIA,Petrolina,3.9,0.4335474371910095,272.0,10.608,1.1792490291595459,9.428750970840454
2022-2023,26034328,ESCOLA DE REFERENCIA EM ENSINO FUNDAMENTAL E MEDIO DOM AVELAR BRANDAO VILELA,Petrolina,0.0,0.5078880190849304,121.0,0.0,0.6145445030927659,-0.6145445030927659
2022-2023,26034336,ESCOLA DE REFERENCIA EM ENSINO MEDIO DOM MALAN,Petrolina,0.0,0.3447970151901245,276.0,0.0,0.9516397619247436,-0.9516397619247436
2022-2023,26034344,ESCOLA DOUTOR DIEGO REGO BARROS,Petrolina,0.0,4.685801982879639,93.0,0.0,4.357795844078064,-4.357795844078064
2022-2023,26034352,ESCOLA DE REFERENCIA EM ENSINO MEDIO DOUTOR PACIFICO RODRIGUES DA LUZ,Petrolina,0.0,0.18940898776054382,431.0,0.0,0.8163527372479439,-0.8163527372479439
2022-2023,26034360,ESCOLA EDISON NOLASCO,Petrolina,0.5,5.613097190856934,335.0,1.675,18.803875589370726,-17.128875589370725
2022-2023,26034379,ESCOLA DE REFERENCIA EM ENSINO FUNDAMENTAL EDUARDO COELHO,Petrolina,0.0,0.438731849193573,27.0,0.0,0.11845759928226472,-0.11845759928226472
2022-2023,26034441,ESCOLA DE REFERENCIA EM ENSINO MEDIO MARECHAL ANTONIO ALVES FILHO,Petrolina,0.0,0.18940898776054382,273.0,0.0,0.5170865365862847,-0.5170865365862847
2022-2023,26034832,ESCOLA DE REFERENCIA EM ENSINO FUNDAMENTAL E MEDIO MONTEIRO LOBATO,Petrolina,0.0,1.3137032985687256,242.0,0.0,3.179161982536316,-3.179161982536316
2022-2023,26035049,ESCOLA DE REFERENCIA EM ENSINO MEDIO PADRE MANOEL DE PAIVA NETTO,Petrolina,0.7,1.2328433990478516,405.0,2.8349999999999995,4.993015766143799,-2.1580157661437993
2022-2023,26035073,ESCOLA POETA CARLOS DRUMOND DE ANDRADE,Petrolina,0.0,0.6540347337722778,244.0,0.0,1.595844750404358,-1.595844750404358
2022-2023,26035111,ESCOLA DE REFERENCIA EM ENSINO FUNDAMENTAL E MEDIO PROFESSOR MANOEL XAVIER PAES BARRETO,Petrolina,0.0,0.486506849527359,91.0,0.0,0.44272123306989664,-0.44272123306989664
2022-2023,26035120,ESCOLA DE REFERENCIA EM ENSINO MEDIO PROFESSORA OSA SANTANA DE CARVALHO,Petrolina,0.0,0.18940898776054382,312.0,0.0,0.5909560418128967,-0.5909560418128967
2022-2023,26035138,ESCOLA PROFESSORA WILMA WZELY CUNHA COELHO AMORIM,Petrolina,1.1,1.632778525352478,185.0,2.035,3.0206402719020846,-0.9856402719020845
2022-2023,26035146,ESCOLA PROFESSORA ADELINA ALMEIDA,Petrolina,0.4,1.1549358367919922,1114.0,4.456,12.865985221862791,-8.40998522186279
2022-2023,26035251,ESCOLA FRANCISCO XAVIER DOS SANTOS,Petrolina,0.0,0.3146386444568634,109.0,0.0,0.3429561224579811,-0.3429561224579811
2022-2023,26035316,ESCOLA DE REFERENCIA EM ENSINO MEDIO JORNALISTA JOAO FERREIRA GOMES,Petrolina,0.0,0.18940898776054382,358.0,0.0,0.6780841761827469,-0.6780841761827469
2022-2023,26035340,ESCOLA DE REFERENCIA EM ENSINO FUNDAMENTAL E MEDIO ANTONIO CASSIMIRO,Petrolina,0.0,1.213809609413147,258.0,0.0,3.131628792285919,-3.131628792285919
2022-2023,26035502,ESCOLA ANTONIO NUNES DOS SANTOS,Petrolina,0.0,1.3027276992797852,304.0,0.0,3.9602922058105468,-3.9602922058105468
2022-2023,26035553,ESCOLA ESTADUAL DE APLICACAO PROFESSORA VANDE DE SOUZA FERREIRA,Petrolina,0.0,0.21172243356704712,334.0,0.0,0.7071529281139374,-0.7071529281139374
2022-2023,26035561,ESCOLA DOM ANTONIO CAMPELO,Petrolina,2.1,1.2353564500808716,429.0,9.009,5.2996791708469395,3.709320829153061
2022-2023,26035600,ESCOLA DE REFERENCIA EM ENSINO MEDIO GERCINO COELHO,Petrolina,0.0,0.16066130995750427,344.0,0.0,0.5526749062538147,-0.5526749062538147
2022-2023,26035979,ESCOLA DE REFERENCIA EM ENSINO FUNDAMENTAL E MEDIO PADRE LUIZ CASSIANO,Petrolina,0.0,0.2041911482810974,363.0,0.0,0.7412138682603835,-0.7412138682603835
2022-2023,26036037,ESCOLA PROFESSOR SIMAO AMORIM DURANDO,Petrolina,0.0,1.3237823247909546,594.0,0.0,7.86326700925827,-7.86326700925827
2022-2023,26036045,ESCOLA DE REFERENCIA EM ENSINO MEDIO PROFESSOR HUMBERTO SOARES,Petrolina,0.0,0.5721585154533386,226.0,0.0,1.2930782449245453,-1.2930782449245453
2022-2023,26036118,ESCOLA DE REFERENCIA EM ENSINO MEDIO JESUINO ANTONIO DAVILA,Petrolina,0.3,0.3002057671546936,349.0,1.047,1.0477181273698806,-0.000718127369880639
2022-2023,26036134,ESCOLA DE REFERENCIA EM ENSINO FUNDAMENTAL E MEDIO NUCLEO DE MORADORES 11,Petrolina,0.0,0.07761628180742264,195.0,0.0,0.15135174952447414,-0.15135174952447414
2022-2023,26036169,ESCOLA MANOEL MARINHO,Petrolina,0.0,0.3600175976753235,213.0,0.0,0.766837483048439,-0.766837483048439
2022-2023,26036177,ESCOLA NUCLEO DE MORADORES - 6,Petrolina,0.0,0.3140124976634979,178.0,0.0,0.5589422458410264,-0.5589422458410264
2022-2023,26036193,ESCOLA NUCLEO DE MORADORES-7,Petrolina,0.0,0.5062682032585144,193.0,0.0,0.9770976322889329,-0.9770976322889329
2022-2023,26036207,ESCOLA ERIKA THAYNARA DA SILVA LEITE,Petrolina,0.0,0.6923154592514038,143.0,0.0,0.9900111067295074,-0.9900111067295074
2022-2023,26036215,ESCOLA NUCLEO DE MORADORES - 9,Petrolina,0.0,0.18088015913963318,176.0,0.0,0.31834908008575435,-0.31834908008575435
2022-2023,26036223,ESCOLA DE REFERENCIA EM ENSINO FUNDAMENTAL E MEDIO NOSSA SENHORA APARECIDA,Petrolina,0.0,1.8315820693969727,266.0,0.0,4.872008304595947,-4.872008304595947
2022-2023,26036266,ESCOLA SAO JOSE - PETROLINA,Petrolina,0.0,0.20085938274860382,208.0,0.0,0.41778751611709597,-0.41778751611709597
2022-2023,26138875,ANEXO I DO COLEGIO DA POLICIA MILITAR PETROLINA,Petrolina,0.0,0.7598826885223389,205.0,0.0,1.5577595114707947,-1.5577595114707947
2022-2023,26140179,ESCOLA DE REFERENCIA EM ENSINO FUNDAMENTAL ENEIDE COELHO PAIXAO CAVALCANTI,Petrolina,0.0,3.135849714279175,35.0,0.0,1.0975473999977112,-1.0975473999977112
2022-2023,26177927,ESCOLA MALAQUIAS MENDES DA SILVA,Petrolina,0.0,0.3268800377845764,379.0,0.0,1.2388753432035446,-1.2388753432035446
2022-2023,26178095,ESCOLA DE REFERENCIA EM ENSINO MEDIO CLEMENTINO COELHO,Petrolina,0.0,0.20923519134521484,756.0,0.0,1.5818180465698242,-1.5818180465698242
2022-2023,26187965,ESCOLA TECNICA ESTADUAL PROFESSORA MARIA WILZA BARROS DE MIRANDA,Petrolina,0.0,0.18940898776054382,339.0,0.0,0.6420964685082435,-0.6420964685082435
2022-2023,26187973,ESCOLA DE REFERENCIA EM ENSINO MEDIO PROFESSORA EVANIRA DE SOUZA DIAS,Petrolina,0.0,0.30753278732299805,405.0,0.0,1.245507788658142,-1.245507788658142
2022-2023,26213800,ESCOLA MANOEL MESSIAS BARBOSA,Petrolina,0.0,1.259585976600647,416.0,0.0,5.239877662658691,-5.239877662658691
2022-2023,26059789,ESCOLA DE REFERENCIA EM ENSINO MEDIO COMENDADOR MANOEL CAETANO DE BRITO,Poção,0.0,0.2525685727596283,420.0,0.0,1.0607880055904388,-1.0607880055904388
2022-2023,26093995,ESCOLA DE REFERENCIA EM ENSINO MEDIO CAPITAO MANOEL GOMES D ASSUNCAO,Pombos,0.1,0.2402740865945816,593.0,0.593,1.424825333505869,-0.831825333505869
2022-2023,26102153,ESCOLA DE REFERENCIA EM ENSINO MEDIO ELISA MARQUES DE ASSIS,Primavera,0.9,0.9492321014404297,323.0,2.9070000000000005,3.066019687652588,-0.15901968765258756
2022-2023,26102250,ESCOLA DE REFERENCIA EM ENSINO MEDIO DOUTOR FERNANDO PESSOA DE MELLO,Quipapá,0.1,1.6764650344848633,670.0,0.67,11.232315731048583,-10.562315731048583
2022-2023,26018977,ESCOLA TOME FRANCISCO DA SILVA,Quixaba,1.6,0.827085018157959,424.0,6.784,3.506840476989746,3.277159523010254
2022-2023,26132735,ESCOLA DE REFERENCIA EM ENSINO MEDIO SOLIDONIO PEREIRA DE CARVALHO,Quixaba,0.0,0.7098840475082397,200.0,0.0,1.4197680950164795,-1.4197680950164795
2022-2023,26118742,ESCOLA DE REFERENCIA EM ENSINO MEDIO SENADOR PAULO PESSOA GUERRA,Recife,0.2,0.7727435827255249,504.0,1.008,3.8946276569366454,-2.8866276569366454
2022-2023,26119730,ESCOLA DE APLICACAO DO RECIFE,Recife,0.0,0.19270819425582886,114.0,0.0,0.2196873414516449,-0.2196873414516449
2022-2023,26120100,ESCOLA DE REFERENCIA EM ENSINO FUNDAMENTAL E ENSINO MEDIO PROFESSORA INALDA SPINELLI,Recife,0.0,0.17992720007896423,215.0,0.0,0.3868434801697731,-0.3868434801697731
2022-2023,26120992,ESCOLA DE REFERENCIA EM ENSINO FUNDAMENTAL E MEDIO LICEU DE ARTES E OFICIOS,Recife,0.9,0.4427013397216797,537.0,4.833,2.37730619430542,2.45569380569458
2022-2023,26121247,ESCOLA DE REFERENCIA EM ENSINO MEDIO JOAQUIM NABUCO,Recife,0.0,0.19092285633087158,449.0,0.0,0.8572436249256135,-0.8572436249256135
2022-2023,26121310,ESCOLA DE REFERENCIA EM ENSINO MEDIO MANOEL BORBA,Recife,0.0,0.17992720007896423,619.0,0.0,1.1137493684887887,-1.1137493684887887
2022-2023,26121344,ESCOLA DE REFERENCIA EM ENSINO MEDIO LUIZ DELGADO,Recife,4.1,2.973533868789673,825.0,33.824999999999996,24.5316544175148,9.293345582485195
2022-2023,26121654,ESCOLA DE REFERENCIA EM ENSINO MEDIO OLIVEIRA LIMA,Recife,0.0,0.7727435827255249,349.0,0.0,2.696875103712082,-2.696875103712082
2022-2023,26121670,ESCOLA DE REFERENCIA EM ENSINO MEDIO POETA MANUEL BANDEIRA,Recife,0.0,0.17992720007896423,102.0,0.0,0.18352574408054353,-0.18352574408054353
2022-2023,26121751,ESCOLA TECNICA ESTADUAL GINASIO PERNAMBUCANO,Recife,0.0,0.17992720007896423,453.0,0.0,0.815070216357708,-0.815070216357708
2022-2023,26121816,ESCOLA TECNICA ESTADUAL ALMIRANTE SOARES DUTRA,Recife,0.0,0.17992720007896423,452.0,0.0,0.8132709443569184,-0.8132709443569184
2022-2023,26121859,ESCOLA DE REFERENCIA EM ENSINO MEDIO ANIBAL FERNANDES,Recife,7.3,4.33495569229126,203.0,14.818999999999999,8.799960055351258,6.019039944648741
2022-2023,26121921,ESCOLA DE REFERENCIA EM ENSINO MEDIO SIZENANDO SILVEIRA,Recife,0.3,0.17992720007896423,689.0,2.067,1.2396984085440637,0.8273015914559365
2022-2023,26121948,ESCOLA DE REFERENCIA EM ENSINO MEDIO SYLVIO RABELO,Recife,0.0,0.7903692722320557,566.0,0.0,4.473490080833435,-4.473490080833435
2022-2023,26122120,COLEGIO DA POLICIA MILITAR DE PERNAMBUCO,Recife,0.0,0.19270819425582886,361.0,0.0,0.6956765812635421,-0.6956765812635421
2022-2023,26122227,ESCOLA DE REFERENCIA EM ENSINO FUNDAMENTAL E ENSINO MEDIO GOVERNADOR BARBOSA LIMA,Recife,0.0,0.19279006123542786,287.0,0.0,0.553307475745678,-0.553307475745678
2022-2023,26122278,ESCOLA DE REFERENCIA EM ENSINO MEDIO REGUEIRA COSTA,Recife,0.0,0.17992720007896423,202.0,0.0,0.3634529441595078,-0.3634529441595078
2022-2023,26122510,ESCOLA DE REFERENCIA EM ENSINO MEDIO CLOVIS BEVILAQUA,Recife,0.0,0.17992720007896423,438.0,0.0,0.7880811363458634,-0.7880811363458634
2022-2023,26122677,ESCOLA DE REFERENCIA EM ENSINO MEDIO SANTA PAULA FRASSINETTI,Recife,0.0,0.17992720007896423,348.0,0.0,0.6261466562747956,-0.6261466562747956
2022-2023,26122685,ESCOLA TECNICA ESTADUAL PROFESSOR AGAMENON MAGALHAES - ETEPAM,Recife,0.0,0.17992720007896423,452.0,0.0,0.8132709443569184,-0.8132709443569184
2022-2023,26122839,ESCOLA DE REFERENCIA EM ENSINO MEDIO OTHON PARAISO,Recife,0.2,0.19448328018188477,367.0,0.734,0.7137536382675171,0.020246361732482843
2022-2023,26122847,ESCOLA DE REFERENCIA EM ENSINO MEDIO AMAURY DE MEDEIROS,Recife,2.2,0.17992720007896423,643.0,14.146,1.15693189650774,12.989068103492261
2022-2023,26122855,ESCOLA DEBORA FEIJO,Recife,3.4,0.29484695196151733,129.0,4.386,0.3803525680303574,4.005647431969643
2022-2023,26122960,ESCOLA DE REFERENCIA EM ENSINO MEDIO VIDAL DE NEGREIROS,Recife,0.0,0.5927735567092896,252.0,0.0,1.4937893629074095,-1.4937893629074095
2022-2023,26123258,ESCOLA DE REFERENCIA EM ENSINO MEDIO MARTINS JUNIOR,Recife,0.0,0.7727435827255249,334.0,0.0,2.5809635663032533,-2.5809635663032533
2022-2023,26123282,ESCOLA DE REFERENCIA EM ENSINO MEDIO JOAQUIM TAVORA,Recife,0.8,0.17992720007896423,372.0,2.976,0.669329184293747,2.306670815706253
2022-2023,26123479,ESCOLA DE REFERENCIA EM ENSINO MEDIO ALBERTO TORRES,Recife,0.0,0.17992720007896423,753.0,0.0,1.3548518165946006,-1.3548518165946006
2022-2023,26123517,ESCOLA DE REFERENCIA EM ENSINO MEDIO JOSE MARIANO,Recife,0.0,0.17992720007896423,603.0,0.0,1.0849610164761543,-1.0849610164761543
2022-2023,26123533,ESCOLA MONSENHOR ALVARO NEGROMONTE,Recife,0.0,0.6964359283447266,20.0,0.0,0.13928718566894532,-0.13928718566894532
2022-2023,26123576,ESCOLA DE REFERENCIA EM ENSINO MEDIO PRESIDENTE HUMBERTO CASTELO BRANCO,Recife,0.0,0.30929863452911377,614.0,0.0,1.8990936160087584,-1.8990936160087584
2022-2023,26123592,ESCOLA DE REFERENCIA EM ENSINO MEDIO PROFESSOR TRAJANO DE MENDONCA,Recife,0.0,0.17992720007896423,549.0,0.0,0.9878003284335137,-0.9878003284335137
2022-2023,26123703,ESCOLA DE REFERENCIA EM ENSINO MEDIO ANIBAL FALCAO,Recife,0.6,0.17992720007896423,733.0,4.398,1.3188663765788078,3.0791336234211917
2022-2023,26123720,ESCOLA DE REFERENCIA EM ENSINO FUNDAMENTAL E MEDIO BARAO DO BONITO,Recife,0.0,0.18162041902542114,141.0,0.0,0.2560847908258438,-0.2560847908258438
2022-2023,26123819,ESCOLA TECNICA ESTADUAL MARIANO TEIXEIRA,Recife,0.0,0.17992720007896423,458.0,0.0,0.8240665763616563,-0.8240665763616563
2022-2023,26124190,ESCOLA DE REFERENCIA EM ENSINO MEDIO SANTOS DUMONT,Recife,0.0,0.17992720007896423,753.0,0.0,1.3548518165946006,-1.3548518165946006
2022-2023,26124432,ESCOLA DE REFERENCIA EM ENSINO MEDIO APOLONIO SALES,Recife,0.0,0.17992720007896423,530.0,0.0,0.9536141604185104,-0.9536141604185104
2022-2023,26124440,ESCOLA DE REFERENCIA EM ENSINO MEDIO ASSIS CHATEAUBRIAND,Recife,1.2,0.6705126166343689,610.0,7.32,4.09012696146965,3.22987303853035
2022-2023,26124475,ESCOLA BRIGADEIRO EDUARDO GOMES - RECIFE,Recife,0.0,0.19270819425582886,339.0,0.0,0.6532807785272599,-0.6532807785272599
2022-2023,26124580,ESCOLA DE REFERENCIA EM ENSINO MEDIO ELEANOR ROOSEVELT,Recife,0.0,0.17992720007896423,534.0,0.0,0.9608112484216691,-0.9608112484216691
2022-2023,26124602,ESCOLA DE REFERENCIA EM ENSINO MEDIO ENGENHEIRO LAURO DINIZ,Recife,0.2,0.17992720007896423,388.0,0.776,0.6981175363063813,0.07788246369361873
2022-2023,26124645,ESCOLA DE REFERENCIA EM ENSINO FUNDAMENTAL E MEDIO JORNALISTA COSTA PORTO,Recife,1.5,0.02467423677444458,389.0,5.835,0.09598278105258941,5.739017218947411
2022-2023,26124653,ESCOLA DE REFERENCIA EM ENSINO MEDIO LAGOA ENCANTADA,Recife,0.0,0.2931537330150604,551.0,0.0,1.615277068912983,-1.615277068912983
2022-2023,26124670,ESCOLA DE REFERENCIA EM ENSINO FUNDAMENTAL E MEDIO MARECHAL EURICO GASPAR DUTRA,Recife,0.1,0.22183671593666077,708.0,0.708,1.5706039488315582,-0.8626039488315582
2022-2023,26124696,ESCOLA DE REFERENCIA EM ENSINO MEDIO MARIA RITA DA SILVA LESSA,Recife,1.3,0.8510243892669678,535.0,6.955000000000001,4.552980482578278,2.4020195174217234
2022-2023,26124785,ESCOLA DE REFERENCIA EM ENSINO MEDIO DOM SEBASTIAO LEME,Recife,7.3,0.8510243892669678,630.0,45.989999999999995,5.361453652381897,40.6285463476181
2022-2023,26124920,ESCOLA DE REFERENCIA EM ENSINO FUNDAMENTAL E MEDIO SAO FRANCISCO DE ASSIS,Recife,2.0,0.39589959383010864,194.0,3.88,0.7680452120304107,3.111954787969589
2022-2023,26125013,ESCOLA DE REFERENCIA EM ENSINO FUNDAMENTAL E ENSINO MEDIO GERCINO DE PONTES,Recife,0.6,0.19279006123542786,185.0,1.11,0.3566616132855415,0.7533383867144585
2022-2023,26125048,ESCOLA TECNICA ESTADUAL JOAO BEZERRA,Recife,0.0,0.17992720007896423,461.0,0.0,0.8294643923640251,-0.8294643923640251
2022-2023,26125250,ESCOLA DE REFERENCIA EM ENSINO MEDIO PROFESSOR FERNANDO MOTA,Recife,0.0,0.17992720007896423,579.0,0.0,1.041778488457203,-1.041778488457203
2022-2023,26125358,ESCOLA DE REFERENCIA EM ENSINO FUNDAMENTAL E MEDIO MONTE VERDE,Recife,0.0,0.19092285633087158,184.0,0.0,0.35129805564880373,-0.35129805564880373
2022-2023,26125641,ESCOLA DE REFERENCIA EM ENSINO MEDIO JOSE VILELA,Recife,3.5,1.685486078262329,268.0,9.38,4.517102689743043,4.862897310256958
2022-2023,26125650,ESCOLA DE REFERENCIA EM ENSINO FUNDAMENTAL E MEDIO LIONS DE PARNAMIRIM,Recife,0.0,0.7727435827255249,184.0,0.0,1.4218481922149657,-1.4218481922149657
2022-2023,26125757,ESCOLA DE REFERENCIA EM ENSINO MEDIO PROFESSOR CANDIDO DUARTE,Recife,0.0,0.29502707719802856,252.0,0.0,0.743468234539032,-0.743468234539032
2022-2023,26125781,ESCOLA DE REFERENCIA EM ENSINO MEDIO SILVA JARDIM,Recife,0.5,0.17992720007896423,366.0,1.83,0.6585335522890091,1.171466447710991
2022-2023,26125943,ESCOLA DE REFERENCIA EM ENSINO FUNDAMENTAL E MEDIO MONSENHOR MANOEL MARQUES,Recife,4.0,4.993096828460693,194.0,7.76,9.686607847213745,-1.9266078472137451
2022-2023,26125978,ESCOLA DE REFERENCIA EM ENSINO MEDIO ALVARO LINS,Recife,1.0,0.7968100905418396,558.0,5.58,4.446200305223464,1.1337996947765356
2022-2023,26126010,ESCOLA CAIO PEREIRA,Recife,7.6,3.7032241821289062,421.0,31.996,15.590573806762697,16.405426193237304
2022-2023,26126044,ESCOLA DE REFERENCIA EM ENSINO MEDIO CLOTILDE DE OLIVEIRA,Recife,2.2,0.6869030594825745,757.0,16.654,5.199856160283089,11.454143839716911
2022-2023,26126052,ESCOLA CORONEL OTHON,Recife,0.0,2.2716634273529053,91.0,0.0,2.0672137188911437,-2.0672137188911437
2022-2023,26126079,ESCOLA DE REFERENCIA EM ENSINO MEDIO AGEU MAGALHAES,Recife,0.2,0.6595169901847839,477.0,0.9540000000000001,3.1458960431814194,-2.191896043181419
2022-2023,26126109,ESCOLA DE REFERENCIA EM ENSINO MEDIO PADRE MACHADO,Recife,0.6,0.6595169901847839,320.0,1.92,2.1104543685913084,-0.1904543685913085
2022-2023,26126125,ESCOLA TECNICA ESTADUAL DOM BOSCO - RECIFE,Recife,0.0,0.17992720007896423,428.0,0.0,0.770088416337967,-0.770088416337967
2022-2023,26126133,ESCOLA DE REFERENCIA EM ENSINO MEDIO DOM VITAL,Recife,1.1,0.2931537330150604,800.0,8.8,2.3452298641204834,6.454770135879517
2022-2023,26126141,ESCOLA DONA MARIA TERESA CORREA,Recife,9.1,3.22794508934021,250.0,22.75,8.069862723350525,14.680137276649475
2022-2023,26126150,ESCOLA ERUNDINA NEGREIROS DE ARAUJO,Recife,1.8,1.567759394645691,108.0,1.9440000000000002,1.6931801462173461,0.25081985378265403
2022-2023,26126206,ESCOLA GILBERTO FREYRE,Recife,0.0,0.5171270370483398,121.0,0.0,0.6257237148284912,-0.6257237148284912
2022-2023,26126290,ESCOLA MARIA AMALIA,Recife,2.6,3.562023878097534,477.0,12.402000000000001,16.990853898525238,-4.588853898525237
2022-2023,26126443,ESCOLA DE REFERENCIA EM ENSINO FUNDAMENTAL E MEDIO NOSSA SENHORA DE FATIMA,Recife,0.0,0.6705126166343689,130.0,0.0,0.8716664016246796,-0.8716664016246796
2022-2023,26126605,ESCOLA TOME GIBSON,Recife,0.0,0.672298014163971,180.0,0.0,1.2101364254951477,-1.2101364254951477
2022-2023,26126613,ESCOLA DE REFERENCIA EM ENSINO MEDIO ROSA DE MAGALHAES MELO,Recife,0.4,0.30770981311798096,270.0,1.08,0.8308164954185486,0.24918350458145144
2022-2023,26126621,ESCOLA DE REFERENCIA EM ENSINO MEDIO ROTARY DE NOVA DESCOBERTA,Recife,0.0,2.5515241622924805,712.0,0.0,18.16685203552246,-18.16685203552246
2022-2023,26127300,ESCOLA DE REFERENCIA EM ENSINO MEDIO DIARIO DE PERNAMBUCO,Recife,0.0,0.2931537330150604,452.0,0.0,1.3250548732280731,-1.3250548732280731
2022-2023,26127334,ESCOLA DE REFERENCIA EM ENSINO MEDIO JORNALISTA TRAJANO CHACON,Recife,0.0,0.17992720007896423,852.0,0.0,1.5329797446727753,-1.5329797446727753
2022-2023,26127415,ESCOLA DE REFERENCIA EM ENSINO MEDIO OLINTO VICTOR,Recife,0.0,0.23941782116889954,345.0,0.0,0.8259914830327033,-0.8259914830327033
2022-2023,26127423,ESCOLA DE REFERENCIA EM ENSINO FUNDAMENTAL PINTOR LAURO VILLARES,Recife,0.0,8.756686210632324,7.0,0.0,0.6129680347442626,-0.6129680347442626
2022-2023,26127431,ESCOLA DE REFERENCIA EM ENSINO MEDIO PROFESSOR LEAL DE BARROS,Recife,0.0,0.17992720007896423,250.0,0.0,0.4498180001974106,-0.4498180001974106
2022-2023,26127474,ESCOLA PADRE DEHON,Recife,0.0,0.022963784635066986,367.0,0.0,0.08427708961069584,-0.08427708961069584
2022-2023,26127512,ESCOLA DE REFERENCIA EM ENSINO FUNDAMENTAL E MEDIO SENADOR NOVAES FILHO,Recife,1.4,0.30911847949028015,360.0,5.039999999999999,1.1128265261650085,3.9271734738349906
2022-2023,26127571,ESCOLA DE REFERENCIA EM ENSINO FUNDAMENTAL E MEDIO BARROS CARVALHO,Recife,0.0,0.17992720007896423,231.0,0.0,0.4156318321824074,-0.4156318321824074
2022-2023,26127695,ESCOLA DE REFERENCIA EM ENSINO FUNDAMENTAL E MEDIO JOAQUIM XAVIER DE BRITO,Recife,0.6,0.17992720007896423,204.0,1.224,0.36705148816108707,0.8569485118389129
2022-2023,26127741,ESCOLA DE REFERENCIA EM ENSINO MEDIO PROFESSORA HELENA PUGO,Recife,0.0,0.6595169901847839,616.0,0.0,4.062624659538269,-4.062624659538269
2022-2023,26128101,ESCOLA DE REFERENCIA EM ENSINO MEDIO DE BEBERIBE,Recife,0.0,0.7727435827255249,364.0,0.0,2.8127866411209106,-2.8127866411209106
2022-2023,26128179,ESCOLA DOUTOR FRANCISCO PESSOA DE QUEIROZ,Recife,1.6,1.0301746129989624,319.0,5.104,3.28625701546669,1.81774298453331
2022-2023,26128195,ESCOLA DE REFERENCIA EM ENSINO MEDIO JARBAS PERNAMBUCANO,Recife,0.0,1.0812677145004272,128.0,0.0,1.3840226745605468,-1.3840226745605468
2022-2023,26128403,ESCOLA DE REFERENCIA EM ENSINO MEDIO PADRE NERCIO RODRIGUES,Recife,0.3,0.6595169901847839,347.0,1.041,2.2885239559412,-1.2475239559412001
2022-2023,26128420,ESCOLA DE REFERENCIA EM ENSINO MEDIO PEDRO CELSO,Recife,0.0,0.19092285633087158,932.0,0.0,1.7794010210037232,-1.7794010210037232
2022-2023,26128497,ESCOLA TECNICA ESTADUAL PROFESSOR ALFREDO FREYRE,Recife,0.0,0.17992720007896423,342.0,0.0,0.6153510242700577,-0.6153510242700577
2022-2023,26128527,ESCOLA ROTARY DO ALTO DO PASCOAL,Recife,11.6,4.1344990730285645,340.0,39.44,14.057296848297119,25.382703151702877
2022-2023,26128586,ESCOLA SAO JUDAS TADEU,Recife,0.0,0.3881305754184723,327.0,0.0,1.2691869816184043,-1.2691869816184043
2022-2023,26128594,ESCOLA SAO MIGUEL,Recife,7.4,0.6531524658203125,243.0,17.982000000000003,1.5871604919433595,16.394839508056645
2022-2023,26128721,ESCOLA DE REFERENCIA EM ENSINO MEDIO PROFESSOR MARDONIO DE ANDRADE LIMA COELHO,Recife,0.0,0.18162041902542114,705.0,0.0,1.280423954129219,-1.280423954129219
2022-2023,26172712,ESCOLA DE REFERENCIA EM ENSINO MEDIO GINASIO PERNAMBUCANO - AURORA,Recife,0.0,0.17992720007896423,694.0,0.0,1.2486947685480119,-1.2486947685480119
2022-2023,26176238,ESCOLA TECNICA ESTADUAL PROFESSOR LUCILO AVILA PESSOA,Recife,0.3,0.17992720007896423,446.0,1.338,0.8024753123521805,0.5355246876478196
2022-2023,26178230,ESCOLA TECNICA ESTADUAL CICERO DIAS,Recife,0.0,0.17992720007896423,486.0,0.0,0.8744461923837662,-0.8744461923837662
2022-2023,26179610,ESCOLA DE REFERENCIA EM ENSINO MEDIO NOBREGA,Recife,0.0,0.17992720007896423,527.0,0.0,0.9482163444161416,-0.9482163444161416
2022-2023,26179857,ESCOLA TECNICA ESTADUAL PORTO DIGITAL,Recife,0.0,0.17992720007896423,308.0,0.0,0.5541757762432099,-0.5541757762432099
2022-2023,26183021,ESCOLA TECNICA ESTADUAL MIGUEL BATISTA,Recife,0.0,0.17992720007896423,479.0,0.0,0.8618512883782388,-0.8618512883782388
2022-2023,26186241,ESCOLA DE REFERENCIA EM ENSINO MEDIO PROFESSOR JORDAO EMERENCIANO,Recife,0.0,0.18162041902542114,1011.0,0.0,1.8361824363470076,-1.8361824363470076
2022-2023,26188295,ESCOLA DE REFERENCIA EM ENSINO MEDIO POMPEIA CAMPOS,Recife,0.0,0.17992720007896423,307.0,0.0,0.5523765042424202,-0.5523765042424202
2022-2023,26060124,ESCOLA DE REFERENCIA EM ENSINO MEDIO MANOEL BACELAR,Riacho das Almas,0.8,0.18940898776054382,721.0,5.768,1.365638801753521,4.402361198246479
2022-2023,26102552,ESCOLA DE REFERENCIA EM ENSINO MEDIO JOAO LOPES DE SIQUEIRA SANTOS,Ribeirão,0.0,0.1814405918121338,331.0,0.0,0.6005683588981628,-0.6005683588981628
2022-2023,26102633,ESCOLA DE REFERENCIA EM ENSINO MEDIO PADRE AMERICO NOVAIS,Ribeirão,1.6,0.3613273799419403,463.0,7.408,1.6729457691311838,5.735054230868816
2022-2023,26103052,ESCOLA DE REFERENCIA EM ENSINO FUNDAMENTAL E MEDIO JOAQUIM NABUCO,Ribeirão,0.0,0.16943901777267456,166.0,0.0,0.2812687695026398,-0.2812687695026398
2022-2023,26103370,ESCOLA DE REFERENCIA EM ENSINO MEDIO JOAQUIM SILVERIO PIMENTEL,Rio Formoso,1.3,0.8995403051376343,248.0,3.224,2.230859956741333,0.9931400432586672
2022-2023,26103745,ESCOLA DE REFERENCIA EM ENSINO MEDIO WILSON DE ANDRADE BARRETO,Rio Formoso,0.0,0.25457999110221863,327.0,0.0,0.8324765709042549,-0.8324765709042549
2022-2023,26169223,ESCOLA ESTADUAL DOUTOR CAETANO MONTEIRO,Rio Formoso,0.0,1.2233458757400513,271.0,0.0,3.315267323255539,-3.315267323255539
2022-2023,26086077,ESCOLA DE REFERENCIA DE ENSINO MEDIO JOAO PESSOA SOUTO MAIOR,Sairé,0.0,0.5190816521644592,232.0,0.0,1.2042694330215453,-1.2042694330215453
2022-2023,26305615,ESCOLA DE REFERENCIA EM ENSINO MEDIO CARLOS SOARES DA SILVA,Salgadinho,0.0,0.21863839030265808,244.0,0.0,0.5334776723384856,-0.5334776723384856
2022-2023,26011050,ESCOLA ANTONIO VIEIRA DE BARROS,Salgueiro,0.7,3.0368127822875977,157.0,1.099,4.767796068191529,-3.6687960681915284
2022-2023,26011069,ESCOLA DE REFERENCIA EM ENSINO MEDIO AURA SAMPAIO PARENTE MUNIZ,Salgueiro,0.0,0.639369547367096,699.0,0.0,4.469193136096001,-4.469193136096001
2022-2023,26011344,ESCOLA TECNICA ESTADUAL PROFESSOR URBANO GOMES DE SA,Salgueiro,0.0,0.639369547367096,267.0,0.0,1.7071166914701463,-1.7071166914701463
2022-2023,26011352,ESCOLA PROFESSORA MAURINA RODRIGUES DOS SANTOS,Salgueiro,0.0,1.175889015197754,100.0,0.0,1.175889015197754,-1.175889015197754
2022-2023,26011506,ESCOLA JOSE PEDRO PEREIRA,Salgueiro,6.6,7.158384323120117,62.0,4.0920000000000005,4.438198280334473,-0.3461982803344723
2022-2023,26011611,ESCOLA DE REFERENCIA EM ENSINO MEDIO CARLOS PENA FILHO,Salgueiro,0.0,0.6517988443374634,490.0,0.0,3.1938143372535706,-3.1938143372535706
2022-2023,26011883,ESCOLA PROFESSOR MANUEL LEITE,Salgueiro,0.0,3.448498249053955,62.0,0.0,2.138068914413452,-2.138068914413452
2022-2023,26012081,ESCOLA DE REFERENCIA EM ENSINO FUNDAMENTAL E ENSINO MEDIO AGRICOLA DE UMAS,Salgueiro,0.0,0.7323589324951172,157.0,0.0,1.149803524017334,-1.149803524017334
2022-2023,26175509,ESCOLA ESTADUAL QUILOMBOLA PROFESSORA ROSA DORALINA MENDES,Salgueiro,0.0,6.046560287475586,126.0,0.0,7.6186659622192385,-7.6186659622192385
2022-2023,26179806,ESCOLA DE REFERENCIA EM ENSINO MEDIO DE SALGUEIRO,Salgueiro,0.3,0.6479648351669312,577.0,1.731,3.738757098913193,-2.007757098913193
2022-2023,26080516,ESCOLA DE REFERENCIA EM ENSINO MEDIO MONSENHOR JOAO MARQUES,Saloá,0.0,0.1855616718530655,546.0,0.0,1.0131667283177377,-1.0131667283177377
2022-2023,26061023,ESCOLA DE REFERENCIA EM ENSINO MEDIO NOSSA SENHORA DE FATIMA,Sanharó,0.0,0.21521155536174774,442.0,0.0,0.951235074698925,-0.951235074698925
2022-2023,26061112,ESCOLA DE REFERENCIA EM ENSINO FUNDAMENTAL DOUTOR BENJAMIN CARACIOLO,Sanharó,0.0,0.9613109827041626,127.0,0.0,1.2208649480342866,-1.2208649480342866
2022-2023,26154803,ESCOLA DE REFERENCIA EM ENSINO MEDIO ELVIRA GRANJA DE SOUZA,Santa Cruz,6.3,2.2656517028808594,480.0,30.240000000000002,10.875128173828125,19.36487182617188
2022-2023,26019370,ESCOLA SANTA CRUZ,Santa Cruz da Baixa Verde,8.5,1.1700619459152222,69.0,5.865,0.8073427426815033,5.057657257318497
2022-2023,26133985,ESCOLA DE REFERENCIA EM ENSINO MEDIO REGINA PACIS,Santa Cruz da Baixa Verde,0.0,0.4934634864330292,331.0,0.0,1.6333641400933265,-1.6333641400933265
2022-2023,26063891,ESCOLA DE REFERENCIA EM ENSINO MEDIO JOSE FRANCELINO ARAGAO,Santa Cruz do Capibaribe,0.0,0.4607090651988983,456.0,0.0,2.1008333373069763,-2.1008333373069763
2022-2023,26063905,ESCOLA DE REFERENCIA EM ENSINO MEDIO LUIZ ALVES DA SILVA,Santa Cruz do Capibaribe,1.5,0.1814405918121338,275.0,4.125,0.4989616274833679,3.626038372516632
2022-2023,26063999,ESCOLA DE REFERENCIA EM ENSINO MEDIO PADRE ZUZINHA,Santa Cruz do Capibaribe,0.0,0.1814405918121338,830.0,0.0,1.5059569120407104,-1.5059569120407104
2022-2023,26064006,ESCOLA PROFESSORA MARIA LUCIA ALVES,Santa Cruz do Capibaribe,1.2,0.9472706317901611,976.0,11.712,9.245361366271974,2.466638633728026
2022-2023,26064030,ESCOLA MALAQUIAS CARDOSO ARAGAO,Santa Cruz do Capibaribe,0.0,0.4172466993331909,59.0,0.0,0.24617555260658266,-0.24617555260658266
2022-2023,26148447,ESCOLA DE REFERENCIA EM ENSINO MEDIO DOUTOR ADILSON BEZERRA DE SOUZA,Santa Cruz do Capibaribe,0.0,0.31530579924583435,330.0,0.0,1.0405091375112534,-1.0405091375112534
2022-2023,26176254,ESCOLA TECNICA ESTADUAL JOSE NIVALDO PEREIRA RAMOS,Santa Cruz do Capibaribe,0.0,0.1814405918121338,477.0,0.0,0.8654716229438781,-0.8654716229438781
2022-2023,26169029,ESCOLA DE REFERENCIA EM ENSINO MEDIO RAIMUNDO DE CASTRO FERREIRA,Santa Filomena,1.2,1.2776603698730469,264.0,3.168,3.3730233764648436,-0.20502337646484348
2022-2023,26181975,ESCOLA DE REFERENCIA EM ENSINO MEDIO DJALMA MACEDO GOMES,Santa Filomena,9.0,4.634312629699707,339.0,30.509999999999998,15.710319814682007,14.79968018531799
2022-2023,26037599,ESCOLA PROFESSORA JUDITH GOMES DE BARROS,Santa Maria da Boa Vista,14.7,6.501011371612549,1020.0,149.94,66.31031599044799,83.62968400955201
2022-2023,26037904,ESCOLA DE REFERENCIA EM ENSINO MEDIO PADRE MAURILO SAMPAIO,Santa Maria da Boa Vista,0.0,0.4381442666053772,306.0,0.0,1.3407214558124543,-1.3407214558124543
2022-2023,26140144,ESCOLA DE REFERENCIA EM ENSINO MEDIO PAU BRASIL,Santa Maria da Boa Vista,3.3,2.015327215194702,407.0,13.431000000000001,8.202381765842437,5.2286182341575635
2022-2023,26179997,ESCOLA DE REFERENCIA EM ENSINO MEDIO PROFESSORA EDITE MATOS,Santa Maria da Boa Vista,0.0,0.18940898776054382,352.0,0.0,0.6667196369171142,-0.6667196369171142
2022-2023,26064294,ESCOLA DE REFERENCIA EM ENSINO MEDIO JOAO DAVID DE SOUZA,Santa Maria do Cambucá,0.0,0.3561614453792572,388.0,0.0,1.381906408071518,-1.381906408071518
2022-2023,26019493,ESCOLA DE REFERENCIA EM ENSINO MEDIO SANTA TEREZINHA,Santa Terezinha,0.0,0.37539738416671753,524.0,0.0,1.9670822930336,-1.9670822930336
2022-2023,26104083,ESCOLA DE REFERENCIA EM ENSINO MEDIO ELOY MALTA DE ALENCAR,São Benedito do Sul,0.7,0.17983144521713257,292.0,2.0439999999999996,0.5251078200340271,1.5188921799659725
2022-2023,26061643,ESCOLA DE REFERENCIA EM ENSINO MEDIO RODOLFO PAIVA,São Bento do Una,0.0,0.41351374983787537,467.0,0.0,1.931109211742878,-1.931109211742878
2022-2023,26061724,ESCOLA ELPIDIO BARBOSA MACIEL,São Bento do Una,1.5,5.227499485015869,491.0,7.364999999999999,25.667022471427916,-18.302022471427918
2022-2023,26185660,ESCOLA TECNICA ESTADUAL GOVERNADOR EDUARDO CAMPOS - SAO BENTO DO UNA - GARANHUNS,São Bento do Una,0.0,0.1811646968126297,482.0,0.0,0.8732138386368752,-0.8732138386368752
2022-2023,26366614,ESCOLA DE REFERENCIA EM ENSINO MEDIO JOSE DO PATROCINIO MOTA,São Bento do Una,0.0,0.2741539478302002,355.0,0.0,0.9732465147972107,-0.9732465147972107
2022-2023,26062410,ESCOLA DE REFERENCIA EM ENSINO MEDIO AGAMENON MAGALHAES,São Caitano,0.3,0.2922905683517456,615.0,1.845,1.7975869953632355,0.047413004636764455
2022-2023,26062585,ESCOLA PIO XII,São Caitano,0.4,1.2320748567581177,767.0,3.068,9.450014151334761,-6.3820141513347615
2022-2023,26062836,ESCOLA DE REFERENCIA EM ENSINO FUNDAMENTAL E MEDIO JOAQUIM RIBEIRO DA ROCHA,São Caitano,0.0,0.870395839214325,102.0,0.0,0.8878037559986115,-0.8878037559986115
2022-2023,26081059,ESCOLA DE REFERENCIA EM ENSINO MEDIO JOAO FERNANDES DA SILVA,São João,1.1,0.7178699970245361,878.0,9.658000000000001,6.302898573875428,3.3551014261245733
2022-2023,26086638,ESCOLA DE REFERENCIA EM ENSINO MEDIO FREI EPIFANIO,São Joaquim do Monte,0.0,0.7371522784233093,653.0,0.0,4.81360437810421,-4.81360437810421
2022-2023,26104229,ESCOLA DE REFERENCIA EM ENSINO MEDIO PROFESSOR CARLOS JOSE DIAS DA SILVA,São José da Coroa Grande,0.0,0.21521155536174774,507.0,0.0,1.091122585684061,-1.091122585684061
2022-2023,26104245,ESCOLA SAO FRANCISCO DE ASSIS - LT,São José da Coroa Grande,16.6,0.06244032457470894,207.0,34.362,0.1292514718696475,34.23274852813035
2022-2023,26182084,ESCOLA ESTADUAL JOSE RODRIGUES DE BARROS - MESTRE ZUZA,São José da Coroa Grande,0.0,0.5282554030418396,103.0,0.0,0.5441030651330948,-0.5441030651330948
2022-2023,26012359,ESCOLA DE REFERENCIA EM ENSINO MEDIO DOUTOR WALMY CAMPOS BEZERRA,São José do Belmonte,0.0,0.8165540099143982,766.0,0.0,6.25480371594429,-6.25480371594429
2022-2023,26013185,ESCOLA DE REFERENCIA EM ENSINO FUNDAMENTAL E MEDIO PROFESSOR MANOEL DE QUEIROZ,São José do Belmonte,0.0,0.5897909998893738,123.0,0.0,0.7254429298639297,-0.7254429298639297
2022-2023,26013436,ESCOLA DE REFERENCIA EM ENSINO FUNDAMENTAL E ENSINO MEDIO NAPOLEAO ARAUJO,São José do Belmonte,0.0,0.6385408043861389,268.0,0.0,1.7112893557548523,-1.7112893557548523
2022-2023,26185113,ESCOLA TECNICA ESTADUAL PEDRO LEAO LEAL,São José do Belmonte,0.0,0.5961945056915283,413.0,0.0,2.462283308506012,-2.462283308506012
2022-2023,26019825,ESCOLA DE REFERENCIA EM ENSINO MEDIO EDSON SIMOES,São José do Egito,2.4,0.4533664584159851,331.0,7.944,1.5006429773569108,6.443357022643089
2022-2023,26019922,ESCOLA DE REFERENCIA EM ENSINO MEDIO OLIVEIRA LIMA - SJ EGITO,São José do Egito,0.0,0.37060999870300293,371.0,0.0,1.3749630951881409,-1.3749630951881409
2022-2023,26019949,ESCOLA DE REFERENCIA EM ENSINO FUNDAMENTAL PROFESSOR SEBASTIAO FERREIRA RABELO SOBRINHO,São José do Egito,0.0,0.28121480345726013,41.0,0.0,0.11529806941747665,-0.11529806941747665
2022-2023,26020572,ESCOLA MAXIMA VIEIRA DE MELO,São José do Egito,0.0,0.36572980880737305,130.0,0.0,0.4754487514495849,-0.4754487514495849
2022-2023,26176262,ESCOLA TECNICA ESTADUAL PROFESSORA CELIA SIQUEIRA,São José do Egito,0.0,0.3671831488609314,469.0,0.0,1.7220889681577682,-1.7220889681577682
2022-2023,26129086,ESCOLA DE REFERENCIA EM ENSINO MEDIO CONDE CORREA DE ARAUJO,São Lourenço da Mata,0.0,0.18940898776054382,583.0,0.0,1.1042543986439706,-1.1042543986439706
2022-2023,26129094,ESCOLA DE REFERENCIA EM ENSINO MEDIO CONDE PEREIRA CARNEIRO,São Lourenço da Mata,0.0,0.18940898776054382,678.0,0.0,1.284192937016487,-1.284192937016487
2022-2023,26129124,ESCOLA DONA LEONOR PORTO,São Lourenço da Mata,1.1,1.0277818441390991,901.0,9.911000000000001,9.260314415693284,0.6506855843067179
2022-2023,26129388,ESCOLA DE REFERENCIA EM ENSINO MEDIO PROFESSOR AGAMENOM MAGALHAES,São Lourenço da Mata,0.0,0.2758188247680664,533.0,0.0,1.470114336013794,-1.470114336013794
2022-2023,26129566,ESCOLA 10 DE AGOSTO,São Lourenço da Mata,0.5,0.28087493777275085,251.0,1.2550000000000001,0.7049960938096047,0.5500039061903954
2022-2023,26183030,ESCOLA ESTADUAL DE MATRIZ DA LUZ,São Lourenço da Mata,1.0,2.233278512954712,304.0,3.04,6.789166679382324,-3.7491666793823244
2022-2023,26185806,ESCOLA TECNICA ESTADUAL GOVERNADOR EDUARDO CAMPOS,São Lourenço da Mata,0.0,0.18940898776054382,478.0,0.0,0.9053749614953995,-0.9053749614953995
2022-2023,26071606,ESCOLA DE REFERENCIA EM ENSINO MEDIO CORONEL JOAO FRANCISCO,São Vicente Férrer,0.0,0.2402740865945816,327.0,0.0,0.7856962631642818,-0.7856962631642818
2022-2023,26071673,ESCOLA PROFESSOR JOAO BARBOSA DE ALMEIDA,São Vicente Férrer,0.0,0.42646804451942444,253.0,0.0,1.0789641526341438,-1.0789641526341438
2022-2023,26020882,ESCOLA DE REFERENCIA EM ENSINO FUNDAMENTAL E ENSINO MEDIO METHODIO DE GODOY LIMA,Serra Talhada,0.0,0.4847146272659302,477.0,0.0,2.3120887720584866,-2.3120887720584866
2022-2023,26020955,ESCOLA TECNICA ESTADUAL CLOVIS NOGUEIRA ALVES,Serra Talhada,0.0,0.7144635319709778,182.0,0.0,1.3003236281871795,-1.3003236281871795
2022-2023,26020963,ESCOLA DE REFERENCIA EM ENSINO FUNDAMENTAL E MEDIO ANTONIO TIMOTEO,Serra Talhada,0.0,0.986680805683136,399.0,0.0,3.9368564146757126,-3.9368564146757126
2022-2023,26020971,ESCOLA DE REFERENCIA EM ENSINO MEDIO CORNELIO SOARES,Serra Talhada,2.5,0.9708985090255737,513.0,12.825000000000001,4.980709351301193,7.844290648698808
2022-2023,26021820,ESCOLA DE REFERENCIA EM ENSINO FUNDAMENTAL E MEDIO MANOEL PEREIRA LINS,Serra Talhada,4.6,0.5663451552391052,342.0,15.732,1.9369004309177398,13.795099569082259
2022-2023,26021900,ESCOLA DE REFERENCIA EM ENSINO MEDIO SOLIDONIO LEITE,Serra Talhada,0.0,0.6350463628768921,315.0,0.0,2.00039604306221,-2.00039604306221
2022-2023,26021927,ESCOLA DE REFERENCIA EM ENSINO MEDIO IRNERO IGNACIO,Serra Talhada,3.1,1.4468317031860352,237.0,7.3469999999999995,3.428991136550903,3.9180088634490966
2022-2023,26178192,ESCOLA DE REFERENCIA EM ENSINO MEDIO PROFESSOR ADAUTO CARVALHO,Serra Talhada,0.0,0.573311448097229,421.0,0.0,2.413641196489334,-2.413641196489334
2022-2023,26013452,ESCOLA DE REFERENCIA EM ENSINO MEDIO DESEMBARGADOR JOAO PAES,Serrita,0.0,0.6321449875831604,561.0,0.0,3.54633338034153,-3.54633338034153
2022-2023,26029812,ESCOLA AMARO LAFAYETTE,Sertânia,0.0,1.0280050039291382,479.0,0.0,4.924143968820572,-4.924143968820572
2022-2023,26029910,ESCOLA DE REFERENCIA EM ENSINO MEDIO OLAVO BILAC,Sertânia,0.0,0.6971539258956909,603.0,0.0,4.203838173151016,-4.203838173151016
2022-2023,26525933,ESCOLA TECNICA ESTADUAL ARLINDO FERREIRA DOS SANTOS,Sertânia,0.0,0.639369547367096,351.0,0.0,2.244187111258507,-2.244187111258507
2022-2023,26104601,ESCOLA DE REFERENCIA EM ENSINO MEDIO BARRA DO SIRINHAEM,Sirinhaém,5.3,0.2974717915058136,290.0,15.37,0.8626681953668595,14.50733180463314
2022-2023,26104920,ESCOLA DE REFERENCIA EM ENSINO MEDIO DOUTOR EURICO CHAVES,Sirinhaém,0.0,0.1811646968126297,578.0,0.0,1.0471319475769998,-1.0471319475769998
2022-2023,26169193,ESCOLA ESTADUAL TEOTONIO CORREIA DA SILVA,Sirinhaém,0.0,0.35598307847976685,138.0,0.0,0.49125664830207827,-0.49125664830207827
2022-2023,26181320,ESCOLA ESTADUAL DR MIGUEL ARRAES DE ALENCAR,Sirinhaém,0.5,0.408084511756897,207.0,1.035,0.8447349393367768,0.19026506066322313
2022-2023,26182092,ESCOLA ESTADUAL ESCRITOR MAXIMIANO ACCIOLY CAMPOS,Sirinhaém,0.0,-0.0020755648147314787,285.0,0.0,-0.0059153597219847144,0.0059153597219847144
2022-2023,26008181,ESCOLA DE REFERENCIA EM ENSINO MEDIO PRESIDENTE MEDICI,Moreilândia,0.3,0.7409542202949524,364.0,1.092,2.6970733618736267,-1.6050733618736266
2022-2023,26008505,ESCOLA MARIA LUIZA DE BRITO FERREIRA,Moreilândia,0.0,0.7765424251556396,210.0,0.0,1.6307390928268433,-1.6307390928268433
2022-2023,26022850,ESCOLA DE REFERENCIA EM ENSINO MEDIO NOSSA SENHORA DE LOURDES,Solidão,0.0,0.5961945056915283,228.0,0.0,1.3593234729766845,-1.3593234729766845
2022-2023,26064618,ESCOLA DE REFERENCIA EM ENSINO MEDIO NATALICIA MARIA FIGUEIROA DA SILVA,Surubim,0.0,0.4997645318508148,365.0,0.0,1.824140541255474,-1.824140541255474
2022-2023,26064626,ESCOLA DE REFERENCIA EM ENSINO MEDIO SEVERINO FARIAS,Surubim,0.0,0.19092285633087158,446.0,0.0,0.8515159392356872,-0.8515159392356872
2022-2023,26064642,ESCOLA DE REFERENCIA EM ENSINO FUNDAMENTAL MARIA CECILIA BARBOSA LEAL,Surubim,0.0,0.30593472719192505,89.0,0.0,0.2722819072008133,-0.2722819072008133
2022-2023,26065401,ESCOLA DE REFERENCIA EM ENSINO MEDIO ANA FAUSTINA,Surubim,0.2,0.9140637516975403,493.0,0.986,4.506334295868874,-3.5203342958688744
2022-2023,26525836,ESCOLA TECNICA ESTADUAL ANTONIO ARRUDA DE FARIAS,Surubim,0.0,0.17992720007896423,448.0,0.0,0.8060738563537598,-0.8060738563537598
2022-2023,26023245,ESCOLA DE REFERENCIA EM ENSINO FUNDAMENTAL E MEDIO ARNALDO ALVES CAVALCANTI,Tabira,1.2,1.4658790826797485,446.0,5.352,6.537820708751679,-1.1858207087516783
2022-2023,26023334,ESCOLA DE REFERENCIA EM FUNDAMENTAL E MEDIO PEDRO PIRES FERREIRA,Tabira,0.0,0.3905818462371826,226.0,0.0,0.8827149724960327,-0.8827149724960327
2022-2023,26133949,ESCOLA DE REFERENCIA EM ENSINO MEDIO PROFESSORA CARLOTA BRECKENFELD,Tabira,0.0,0.3905818462371826,313.0,0.0,1.2225211787223815,-1.2225211787223815
2022-2023,26063280,ESCOLA FRANCISCO DE ASSIS BARROS,Tacaimbó,0.0,4.870041370391846,221.0,0.0,10.76279142856598,-10.76279142856598
2022-2023,26063310,ESCOLA DE REFERENCIA EM ENSINO MEDIO JOSE LEITE BARROS,Tacaimbó,0.0,0.8116036057472229,255.0,0.0,2.069589194655418,-2.069589194655418
2022-2023,26042711,ESCOLA DO ESPINHEIRO,Tacaratu,39.5,22.348167419433594,51.0,20.145,11.397565383911132,8.747434616088867
2022-2023,26043009,ESCOLA ESTADUAL INDIGENA SANTA CLARA,Tacaratu,23.7,18.902177810668945,103.0,24.410999999999998,19.469243144989015,4.941756855010983
2022-2023,26043076,ESCOLA PANKARARUS EZEQUIEL,Tacaratu,21.4,7.921375274658203,127.0,27.178,10.060146598815917,17.117853401184085
2022-2023,26043130,ESCOLA DE REFERENCIA EM ENSINO FUNDAMENTAL SERGIO MAGALHAES,Tacaratu,4.8,1.3995312452316284,202.0,9.696,2.8270531153678893,6.868946884632111
2022-2023,26043335,ESCOLA DE REFERENCIA EM ENSINO MEDIO JOAO BATISTA DE VASCONCELOS - TACARATU,Tacaratu,0.0,0.1897600144147873,323.0,0.0,0.6129248465597629,-0.6129248465597629
2022-2023,26043408,ESCOLA PRINCESA ISABEL,Tacaratu,15.5,15.482417106628418,107.0,16.585,16.566186304092408,0.01881369590759263
2022-2023,26043505,ESCOLA DE REFERENCIA EM ENSINO MEDIO JULIA GOMES DE ARAUJO,Tacaratu,1.7,0.25980818271636963,246.0,4.182,0.6391281294822693,3.542871870517731
2022-2023,26149907,ESCOLA DE REFERENCIA EM ENSINO FUNDAMENTAL E MEDIO JUAZEIRO,Tacaratu,2.9,4.690659523010254,70.0,2.03,3.2834616661071774,-1.2534616661071776
2022-2023,26103834,ESCOLA DE REFERENCIA EM ENSINO MEDIO TAMANDARE,Tamandaré,0.0,0.1811646968126297,854.0,0.0,1.5471465107798577,-1.5471465107798577
2022-2023,26065592,ESCOLA DE REFERENCIA EM ENSINO MEDIO SEVERINO CORDEIRO DE ARRUDA,Taquaritinga do Norte,0.0,0.20432373881340027,274.0,0.0,0.5598470443487167,-0.5598470443487167
2022-2023,26065606,ESCOLA JOSE BEZERRA DE ANDRADE,Taquaritinga do Norte,4.9,1.826188325881958,612.0,29.988,11.176272554397583,18.811727445602415
2022-2023,26081180,ESCOLA DE REFERENCIA EM ENSINO MEDIO MONSENHOR ALFREDO DAMASO,Terezinha,0.0,0.32050493359565735,217.0,0.0,0.6954957059025765,-0.6954957059025765
2022-2023,26038536,ESCOLA DE REFERENCIA EM ENSINO MEDIO GUMERCINDO CABRAL,Terra Nova,0.0,0.828973114490509,391.0,0.0,3.24128487765789,-3.24128487765789
2022-2023,26091720,ESCOLA DE REFERENCIA EM ENSINO MEDIO JORNALISTA JADER DE ANDRADE,Timbaúba,0.2,0.2402740865945816,492.0,0.984,1.1821485060453414,-0.1981485060453414
2022-2023,26091828,ESCOLA DE REFERENCIA EM ENSINO MEDIO PROFESSOR JOSE MENDES DA SILVA,Timbaúba,4.5,2.6171374320983887,438.0,19.71,11.463061952590943,8.246938047409058
2022-2023,26091836,ESCOLA PROFESSORA ELISABETH LYRA,Timbaúba,1.2,0.4972272217273712,97.0,1.164,0.48231040507555006,0.6816895949244499
2022-2023,26178176,ESCOLA DE REFERENCIA EM ENSINO MEDIO DE TIMBAUBA PROFESSOR ANTONIO JOSE BARBOZA DOS SANTOS,Timbaúba,0.0,0.1814405918121338,593.0,0.0,1.0759427094459533,-1.0759427094459533
2022-2023,26525810,ESCOLA TECNICA ESTADUAL MIGUEL ARRAES DE ALENCAR,Timbaúba,0.0,0.1814405918121338,478.0,0.0,0.8672860288619996,-0.8672860288619996
2022-2023,26066181,ESCOLA ESTELITA TIMOTEO,Toritama,0.0,6.2700910568237305,666.0,0.0,41.758806438446044,-41.758806438446044
2022-2023,26066220,ESCOLA DE REFERENCIA EM ENSINO MEDIO PROTAZIO SOARES DE SOUZA,Toritama,0.0,3.0022528171539307,692.0,0.0,20.7755894947052,-20.7755894947052
2022-2023,26092301,ESCOLA DE REFERENCIA EM ENSINO MEDIO DOUTOR WALFREDO LUIZ PESSOA DE MELO,Tracunhaém,0.0,0.44459956884384155,343.0,0.0,1.5249765211343764,-1.5249765211343764
2022-2023,26008530,ESCOLA DE REFERENCIA EM ENSINO MEDIO GOVERNADOR MUNIZ FALCAO,Trindade,0.0,0.35598453879356384,465.0,0.0,1.655328105390072,-1.655328105390072
2022-2023,26008882,ESCOLA PROFESSORA ANTONIA MARINHO APOLINARIO,Trindade,0.0,2.3794524669647217,663.0,0.0,15.775769855976105,-15.775769855976105
2022-2023,26024047,ESCOLA MONSENHOR LUIZ SAMPAIO,Triunfo,2.5,1.3471120595932007,166.0,4.15,2.236206018924713,1.9137939810752873
2022-2023,26134085,ESCOLA DE REFERENCIA EM ENSINO MEDIO ALFREDO DE CARVALHO,Triunfo,0.2,0.639369547367096,437.0,0.874,2.7940449219942094,-1.9200449219942093
2022-2023,26048337,ESCOLA DE REFERENCIA EM ENSINO MEDIO JOSE EMILIO DE MELO,Tupanatinga,0.0,0.21699145436286926,757.0,0.0,1.6426253095269203,-1.6426253095269203
2022-2023,26024551,ESCOLA DE REFERENCIA EM ENSINO MEDIO CONEGO OLIMPIO TORRES,Tuparetama,0.0,0.3737041652202606,327.0,0.0,1.2220126202702521,-1.2220126202702521
2022-2023,26024578,ESCOLA DE REFERENCIA EM ENSINO FUNDAMENTAL ERNESTO DE SOUZA LEITE,Tuparetama,0.0,1.8002465963363647,71.0,0.0,1.278175083398819,-1.278175083398819
2022-2023,26049406,ESCOLA DE REFERENCIA EM ENSINO MEDIO QUITERIA WANDERLEY SIMOES,Venturosa,0.0,0.3561614453792572,545.0,0.0,1.9410798773169518,-1.9410798773169518
2022-2023,26049422,ESCOLA CONEGO EMANUEL VASCONCELOS,Venturosa,3.7,0.7946380972862244,126.0,4.662000000000001,1.0012440025806426,3.660755997419358
2022-2023,26014190,ESCOLA DE REFERENCIA EM ENSINO MEDIO ANISIO VERAS,Verdejante,1.2,1.7743545770645142,361.0,4.332,6.405420023202896,-2.073420023202896
2022-2023,26145677,ESCOLA DE REFERENCIA EM ENSINO MEDIO JUSTA BARBOSA DE SALES,Vertente do Lério,0.0,0.32190513610839844,216.0,0.0,0.6953150939941406,-0.6953150939941406
2022-2023,26066572,ESCOLA DE REFERENCIA EM ENSINO MEDIO GIL RODRIGUES,Vertentes,0.0,0.21521155536174774,456.0,0.0,0.9813646924495697,-0.9813646924495697
2022-2023,26092492,ESCOLA DE REFERENCIA EM ENSINO MEDIO DOUTOR JOAQUIM CORREIA,Vicência,0.0,0.22814498841762543,569.0,0.0,1.2981449840962889,-1.2981449840962889
2022-2023,26092786,ESCOLA DE REFERENCIA EM ENSINO MEDIO PADRE GUEDES,Vicência,0.0,0.30965638160705566,464.0,0.0,1.4368056106567384,-1.4368056106567384
2022-2023,26094800,ESCOLA DE REFERENCIA EM ENSINO MEDIO ANTONIO DIAS CARDOSO,Vitória de Santo Antão,1.1,0.22814498841762543,525.0,5.775,1.1977611891925335,4.577238810807467
2022-2023,26094860,ESCOLA DE REFERENCIA EM ENSINO MEDIO GUIOMAR KRAUSE GONCALVES,Vitória de Santo Antão,0.0,0.2628948986530304,266.0,0.0,0.6993004304170608,-0.6993004304170608
2022-2023,26094878,ESCOLA MADRE LUCILA MAGALHAES,Vitória de Santo Antão,0.6,0.4752049148082733,528.0,3.168,2.509081950187683,0.6589180498123173
2022-2023,26095289,ESCOLA TECNICA ESTADUAL JOSE JOAQUIM DA SILVA FILHO,Vitória de Santo Antão,0.0,0.3820247948169708,446.0,0.0,1.7038305848836899,-1.7038305848836899
2022-2023,26095297,ESCOLA DE REFERENCIA EM ENSINO MEDIO PROFESSORA AMELIA COELHO,Vitória de Santo Antão,1.2,0.5293715596199036,570.0,6.84,3.01741788983345,3.82258211016655
2022-2023,26095335,ESCOLA DE REFERENCIA EM ENSINO MEDIO SENADOR JOAO CLEOFAS DE OLIVEIRA,Vitória de Santo Antão,0.4,0.5873109698295593,542.0,2.168,3.1832254564762112,-1.015225456476211
2022-2023,26095530,ESCOLA DE REFERENCIA EM ENSINO MEDIO PROFESSORA EUDOXIA DE ALCANTARA FERREIRA,Vitória de Santo Antão,0.3,0.5930116176605225,316.0,0.9480000000000001,1.8739167118072508,-0.9259167118072508
2022-2023,26095572,ESCOLA OLIVIA CARNEIRO DE CARVALHO,Vitória de Santo Antão,1.5,0.22814498841762543,202.0,3.03,0.4608528766036034,2.5691471233963963
2022-2023,26096072,ESCOLA MIRANDOLINA PESSOA DE QUEIROZ,Xexéu,0.0,0.7613836526870728,179.0,0.0,1.3628767383098601,-1.3628767383098601
2022-2023,26105101,ESCOLA DE REFERENCIA EM ENSINO MEDIO JOAO PEREIRA SOBRINHO,Xexéu,0.0,0.36898380517959595,356.0,0.0,1.3135823464393614,-1.3135823464393614
2023-2024,26000024,ESCOLA DE REFERENCIA EM ENSINO MEDIO LUIZ GONZAGA DUARTE,Araripina,0.0,1.8168941736221313,613.0,0.0,11.137561284303665,-11.137561284303665
2023-2024,26000636,ESCOLA DE REFERENCIA EM ENSINO MEDIO MANOEL RIBEIRO DAMASCENO,Araripina,0.0,0.19955427944660187,180.0,0.0,0.3591977030038833,-0.3591977030038833
2023-2024,26000741,ESCOLA DE REFERENCIA EM ENSINO MEDIO PADRE LUIZ GONZAGA,Araripina,0.4,0.3169005215167999,478.0,1.9120000000000001,1.5147844928503036,0.39721550714969656
2023-2024,26000792,ESCOLA DE REFERENCIA EM ENSINO MEDIO PROFESSOR MANOEL BONIFACIO COSTA,Araripina,1.1,1.8436083793640137,370.0,4.07,6.82135100364685,-2.7513510036468496
2023-2024,26001225,ESCOLA SAO JOAO BATISTA - ARARIPINA,Araripina,3.8,3.397308111190796,105.0,3.9899999999999998,3.5671735167503353,0.42282648324966443
2023-2024,26001594,ESCOLA DE REFERENCIA EM ENSINO MEDIO MOISES BOM DE OLIVEIRA,Araripina,0.0,0.2582620680332184,152.0,0.0,0.3925583434104919,-0.3925583434104919
2023-2024,26001624,ESCOLA DE REFERENCIA EM ENSINO MEDIO ANIZIO RODRIGUES COELHO,Araripina,0.4,0.18289832770824432,261.0,1.044,0.4773646353185177,0.5666353646814823
2023-2024,26001896,ESCOLA VITALINA MARIA DE JESUS,Araripina,6.9,1.819885492324829,131.0,9.039000000000001,2.384049994945526,6.654950005054475
2023-2024,26001900,ESCOLA JOAO CARLOS LOCIO DE ALMEIDA,Bodocó,0.0,0.8815289735794067,549.0,0.0,4.839594064950942,-4.839594064950942
2023-2024,26001942,ESCOLA DE REFERENCIA EM ENSINO MEDIO ARTUR BARROS CAVALCANTI,Bodocó,0.0,0.23414665460586548,190.0,0.0,0.44487864375114444,-0.44487864375114444
2023-2024,26003066,ESCOLA DE REFERENCIA EM ENSINO MEDIO BARAO DE EXU,Exu,0.0,0.23180001974105835,412.0,0.0,0.9550160813331603,-0.9550160813331603
2023-2024,26003210,ESCOLA SAO VICENTE DE PAULA - EXU,Exu,6.9,2.15075945854187,815.0,56.23500000000001,17.52868958711624,38.70631041288377
2023-2024,26003821,ESCOLA NELSON ARAUJO,Exu,5.3,0.7059386372566223,183.0,9.699,1.2918677061796189,8.40713229382038
2023-2024,26004488,ESCOLA NOSSA SENHORA DO SOCORRO,Ipubi,2.7,4.31468391418457,35.0,0.9450000000000001,1.5101393699645995,-0.5651393699645995
2023-2024,26004518,ESCOLA DE REFERENCIA EM ENSINO MEDIO ARAO PEIXOTO DE ALENCAR,Ipubi,0.2,0.2515926659107208,566.0,1.1320000000000001,1.42401448905468,-0.29201448905467986
2023-2024,26004593,ESCOLA DE REFERENCIA EM ENSINO MEDIO JOAQUIM EUGENIO SILVA,Ipubi,0.0,0.5792715549468994,396.0,0.0,2.2939153575897215,-2.2939153575897215
2023-2024,26005107,ESCOLA DE REFERENCIA EM ENSINO MEDIO SAO SEBASTIAO - OURICURI,Ouricuri,0.0,1.77701997756958,230.0,0.0,4.087145948410034,-4.087145948410034
2023-2024,26005115,ESCOLA DE REFERENCIA EM ENSINO MEDIO FERNANDO BEZERRA,Ouricuri,0.6,0.22524231672286987,326.0,1.956,0.7342899525165558,1.2217100474834441
2023-2024,26006138,ESCOLA DOM IDILIO JOSE SOARES,Ouricuri,0.2,0.7626466751098633,763.0,1.526,5.818994131088257,-4.292994131088257
2023-2024,26006499,ESCOLA PROFESSOR TELESFORO SIQUEIRA,Ouricuri,0.0,0.24447254836559296,693.0,0.0,1.6941947601735592,-1.6941947601735592
2023-2024,26008181,ESCOLA DE REFERENCIA EM ENSINO MEDIO PRESIDENTE MEDICI - MOREILANDIA,Moreilândia,1.5,0.505097508430481,339.0,5.085,1.7122805535793304,3.3727194464206693
2023-2024,26008505,ESCOLA MARIA LUIZA DE BRITO FERREIRA,Moreilândia,0.0,0.2363506257534027,181.0,0.0,0.4277946326136589,-0.4277946326136589
2023-2024,26008530,ESCOLA DE REFERENCIA EM ENSINO MEDIO GOVERNADOR MUNIZ FALCAO,Trindade,0.0,0.272185355424881,470.0,0.0,1.2792711704969406,-1.2792711704969406
2023-2024,26008882,ESCOLA PROFESSORA ANTONIA MARINHO APOLINARIO,Trindade,0.0,0.29257264733314514,665.0,0.0,1.945608104765415,-1.945608104765415
2023-2024,26009315,ESCOLA DE REFERENCIA EM ENSINO MEDIO PROFESSOR MANOEL JOAQUIM LEITE,Cedro,1.0,0.3857017159461975,330.0,3.3000000000000003,1.2728156626224518,2.027184337377548
2023-2024,26009323,ESCOLA DE REFERENCIA EM ENSINO FUNDAMENTAL E MEDIO VALDICLEIWTSON DA SILVA MENEZES,Cedro,1.2,2.3069615364074707,84.0,1.008,1.9378476905822752,-0.9298476905822752
2023-2024,26009390,ESCOLA DE REFERENCIA EM ENSINO MEDIO FRANCISCO PIRES,Mirandiba,0.0,0.2679542303085327,452.0,0.0,1.2111531209945678,-1.2111531209945678
2023-2024,26009617,ESCOLA FRANCISCO ALVES DE CARVALHO,Mirandiba,0.9,0.3563171625137329,122.0,1.098,0.43470693826675416,0.663293061733246
2023-2024,26010151,ESCOLA DE REFERENCIA EM ENSINO MEDIO ODORICO MELO,Parnamirim,0.5,0.2907904386520386,410.0,2.05,1.192240798473358,0.8577592015266418
2023-2024,26010607,ESCOLA EUCLIDES DA CUNHA,Parnamirim,0.3,0.5601496696472168,420.0,1.26,2.3526286125183105,-1.0926286125183104
2023-2024,26011050,ESCOLA ANTONIO VIEIRA DE BARROS,Salgueiro,0.0,1.7252511978149414,143.0,0.0,2.467109212875366,-2.467109212875366
2023-2024,26011069,ESCOLA DE REFERENCIA EM ENSINO MEDIO AURA SAMPAIO PARENTE MUNIZ,Salgueiro,0.0,0.22030314803123474,714.0,0.0,1.572964476943016,-1.572964476943016
2023-2024,26011344,ESCOLA TECNICA ESTADUAL PROFESSOR URBANO GOMES DE SA,Salgueiro,0.0,0.27053239941596985,226.0,0.0,0.6114032226800918,-0.6114032226800918
2023-2024,26011352,ESCOLA DE REFERENCIA EM ENSINO FUNDAMENTAL E MEDIO PROFESSORA MAURINA RODRIGUES DOS SANTOS,Salgueiro,0.0,0.5618361830711365,123.0,0.0,0.6910585051774979,-0.6910585051774979
2023-2024,26011506,ESCOLA JOSE PEDRO PEREIRA,Salgueiro,3.3,2.2933237552642822,66.0,2.178,1.5135936784744264,0.6644063215255736
2023-2024,26011611,ESCOLA DE REFERENCIA EM ENSINO MEDIO CARLOS PENA FILHO,Salgueiro,0.4,0.22030314803123474,549.0,2.196,1.2094642826914788,0.9865357173085214
2023-2024,26011883,ESCOLA PROFESSOR MANUEL LEITE,Salgueiro,0.0,1.4315623044967651,24.0,0.0,0.3435749530792236,-0.3435749530792236
2023-2024,26012081,ESCOLA DE REFERENCIA EM ENSINO FUNDAMENTAL E ENSINO MEDIO AGRICOLA DE UMAS,Salgueiro,2.0,0.33530446887016296,159.0,3.18,0.5331341055035591,2.646865894496441
2023-2024,26012359,ESCOLA DE REFERENCIA EM ENSINO MEDIO DOUTOR WALMY CAMPOS BEZERRA,São José do Belmonte,0.0,0.22019369900226593,845.0,0.0,1.860636756569147,-1.860636756569147
2023-2024,26013185,ESCOLA DE REFERENCIA EM ENSINO FUNDAMENTAL E MEDIO PROFESSOR MANOEL DE QUEIROZ,São José do Belmonte,0.0,0.34202444553375244,111.0,0.0,0.37964713454246524,-0.37964713454246524
2023-2024,26013436,ESCOLA DE REFERENCIA EM ENSINO FUNDAMENTAL E ENSINO MEDIO NAPOLEAO ARAUJO,São José do Belmonte,0.0,0.21429648995399475,244.0,0.0,0.5228834354877472,-0.5228834354877472
2023-2024,26013452,ESCOLA DE REFERENCIA EM ENSINO MEDIO DESEMBARGADOR JOAO PAES,Serrita,0.2,0.34727734327316284,520.0,1.04,1.805842185020447,-0.7658421850204469
2023-2024,26014190,ESCOLA DE REFERENCIA EM ENSINO MEDIO ANISIO VERAS,Verdejante,1.5,0.28601977229118347,322.0,4.83,0.9209836667776108,3.9090163332223895
2023-2024,26014564,ESCOLA DE REFERENCIA EM ENSINO MEDIO NORMAL ESTADUAL PROFESSORA IONE DE GOES BARROS,Afogados da Ingazeira,0.0,0.21336527168750763,451.0,0.0,0.9622773753106595,-0.9622773753106595
2023-2024,26014572,ESCOLA DE REFERENCIA EM ENSINO MEDIO CONEGO JOAO LEITE GONCALVES DE ANDRADE,Afogados da Ingazeira,0.0,1.367954969406128,453.0,0.0,6.19683601140976,-6.19683601140976
2023-2024,26014670,ESCOLA DE REFERENCIA EM ENSINO MEDIO MONSENHOR ANTONIO DE PADUA SANTOS,Afogados da Ingazeira,0.0,0.15730613470077515,296.0,0.0,0.4656261587142944,-0.4656261587142944
2023-2024,26015315,ESCOLA DE REFERENCIA EM ENSINO MEDIO JOSE SEVERINO DE ARAUJO,Brejinho,3.6,0.5685495734214783,272.0,9.792000000000002,1.5464548397064208,8.245545160293581
2023-2024,26015625,ESCOLA DE REFERENCIA EM ENSINO MEDIO ANTONIO GOMES DE LIMA,Calumbi,0.7,0.6294617056846619,264.0,1.8479999999999999,1.6617789030075072,0.18622109699249267
2023-2024,26016010,ESCOLA JOAO GOMES DOS REIS,Carnaíba,1.1,2.5554800033569336,170.0,1.87,4.344316005706787,-2.474316005706787
2023-2024,26016028,ESCOLA DE REFERENCIA EM ENSINO MEDIO JOAQUIM MENDES DA SILVA,Carnaíba,0.3,0.21171410381793976,307.0,0.921,0.649962298721075,0.271037701278925
2023-2024,26016540,ESCOLA DE REFERENCIA EM ENSINO MEDIO AIRES GAMA,Flores,0.0,0.6390382051467896,245.0,0.0,1.5656436026096345,-1.5656436026096345
2023-2024,26016729,ESCOLA DE REFERENCIA EM ENSINO FUNDAMENTAL E ENSINO MEDIO DARIO GOMES DE LIMA,Flores,0.0,0.8312034010887146,140.0,0.0,1.1636847615242005,-1.1636847615242005
2023-2024,26017598,ESCOLA ESTADUAL JOAQUIM ALVES DE FREITAS,Iguaracy,0.0,0.22019369900226593,132.0,0.0,0.290655682682991,-0.290655682682991
2023-2024,26017750,ESCOLA DE REFERENCIA EM ENSINO MEDIO PROFESSORA ROSETE BEZERRA DE SOUZA,Iguaracy,0.0,0.21323499083518982,278.0,0.0,0.5927932745218276,-0.5927932745218276
2023-2024,26018020,ESCOLA DE REFERENCIA EM ENSINO MEDIO ARISTAQUE JOSE DE VERAS,Ingazeira,1.3,1.8693976402282715,144.0,1.872,2.691932601928711,-0.8199326019287108
2023-2024,26018314,ESCOLA DE REFERENCIA EM ENSINO MEDIO TERESA TORRES,Itapetim,4.0,2.0786728858947754,398.0,15.92,8.273118085861206,7.646881914138794
2023-2024,26018977,ESCOLA TOME FRANCISCO DA SILVA,Quixaba,1.1,1.0584983825683594,483.0,5.313000000000001,5.112547187805176,0.20045281219482458
2023-2024,26019370,ESCOLA DE REFERENCIA EM ENSINO FUNDAMENTAL E MEDIO SANTA CRUZ,Santa Cruz da Baixa Verde,9.5,2.810523509979248,75.0,7.125,2.107892632484436,5.017107367515564
2023-2024,26019493,ESCOLA DE REFERENCIA EM ENSINO MEDIO SANTA TEREZINHA,Santa Terezinha,1.0,0.20967477560043335,511.0,5.11,1.0714381033182143,4.038561896681786
2023-2024,26019825,ESCOLA DE REFERENCIA EM ENSINO MEDIO EDSON SIMOES,São José do Egito,2.7,0.9314174652099609,352.0,9.504000000000001,3.2785894775390627,6.225410522460939
2023-2024,26019922,ESCOLA DE REFERENCIA EM ENSINO MEDIO OLIVEIRA LIMA - SJ EGITO,São José do Egito,0.0,0.2551383376121521,391.0,0.0,0.9975909000635147,-0.9975909000635147
2023-2024,26019949,ESCOLA DE REFERENCIA EM ENSINO FUNDAMENTAL PROFESSOR SEBASTIAO FERREIRA RABELO SOBRINHO,São José do Egito,0.0,1.5122970342636108,15.0,0.0,0.22684455513954163,-0.22684455513954163
2023-2024,26020572,ESCOLA MAXIMA VIEIRA DE MELO,São José do Egito,0.0,0.21945549547672272,116.0,0.0,0.25456837475299837,-0.25456837475299837
2023-2024,26020882,ESCOLA DE REFERENCIA EM ENSINO FUNDAMENTAL E ENSINO MEDIO METHODIO DE GODOY LIMA,Serra Talhada,1.7,0.25265243649482727,494.0,8.398000000000001,1.2481030362844467,7.1498969637155545
2023-2024,26020955,ESCOLA TECNICA ESTADUAL CLOVIS NOGUEIRA ALVES,Serra Talhada,0.0,0.33410200476646423,219.0,0.0,0.7316833904385567,-0.7316833904385567
2023-2024,26020963,ESCOLA DE REFERENCIA EM ENSINO FUNDAMENTAL E MEDIO ANTONIO TIMOTEO,Serra Talhada,0.0,0.23722869157791138,308.0,0.0,0.7306643700599671,-0.7306643700599671
2023-2024,26020971,ESCOLA DE REFERENCIA EM ENSINO MEDIO CORNELIO SOARES,Serra Talhada,0.5,1.2606732845306396,561.0,2.805,7.072377126216889,-4.267377126216889
2023-2024,26021820,ESCOLA DE REFERENCIA EM ENSINO FUNDAMENTAL E MEDIO MANOEL PEREIRA LINS,Serra Talhada,0.0,2.1601061820983887,290.0,0.0,6.264307928085327,-6.264307928085327
2023-2024,26021900,ESCOLA DE REFERENCIA EM ENSINO MEDIO SOLIDONIO LEITE,Serra Talhada,0.4,0.6486851572990417,300.0,1.2,1.9460554718971252,-0.7460554718971253
2023-2024,26021927,ESCOLA DE REFERENCIA EM ENSINO MEDIO IRNERO IGNACIO,Serra Talhada,1.1,1.546073079109192,283.0,3.1130000000000004,4.375386813879013,-1.2623868138790124
2023-2024,26022850,ESCOLA DE REFERENCIA EM ENSINO MEDIO NOSSA SENHORA DE LOURDES,Solidão,0.0,0.2593227028846741,224.0,0.0,0.5808828544616699,-0.5808828544616699
2023-2024,26023245,ESCOLA DE REFERENCIA EM ENSINO FUNDAMENTAL E MEDIO ARNALDO ALVES CAVALCANTI,Tabira,0.5,0.7803998589515686,408.0,2.04,3.1840314245224,-1.1440314245224
2023-2024,26023334,ESCOLA DE REFERENCIA EM FUNDAMENTAL E MEDIO PEDRO PIRES FERREIRA,Tabira,2.2,0.2350110411643982,228.0,5.016000000000001,0.5358251738548279,4.4801748261451735
2023-2024,26024047,ESCOLA MONSENHOR LUIZ SAMPAIO,Triunfo,1.6,1.1678181886672974,185.0,2.96,2.1604636490345004,0.7995363509654996
2023-2024,26024551,ESCOLA DE REFERENCIA EM ENSINO MEDIO CONEGO OLIMPIO TORRES,Tuparetama,0.0,0.27128463983535767,289.0,0.0,0.7840126091241837,-0.7840126091241837
2023-2024,26024578,ESCOLA DE REFERENCIA EM ENSINO FUNDAMENTAL ERNESTO DE SOUZA LEITE,Tuparetama,0.0,0.5939780473709106,22.0,0.0,0.13067517042160035,-0.13067517042160035
2023-2024,26024675,ESCOLA DE REFERENCIA EM ENSINO MEDIO SENADOR VITORINO FREIRE,Arcoverde,1.0,0.5544810891151428,412.0,4.12,2.2844620871543886,1.8355379128456115
2023-2024,26024730,ESCOLA DE REFERENCIA EM ENSINO MEDIO CARLOS RIOS,Arcoverde,0.5,0.17873091995716095,419.0,2.095,0.7488825546205043,1.346117445379496
2023-2024,26024764,ESCOLA JORNALISTA EDSON REGIS,Arcoverde,0.0,0.5585178136825562,249.0,0.0,1.390709356069565,-1.390709356069565
2023-2024,26024780,ESCOLA LIONS ANTONIO MORENO,Arcoverde,0.4,1.008054256439209,250.0,1.0,2.5201356410980225,-1.5201356410980225
2023-2024,26024802,ESCOLA DE REFERENCIA EM ENSINO FUNDAMENTAL E MEDIO MONSENHOR JOSE KEHRLE,Arcoverde,3.7,0.2542630434036255,277.0,10.249,0.7043086302280427,9.544691369771957
2023-2024,26025876,ESCOLA DE REFERENCIA EM ENSINO MEDIO OSMAR DE SOUZA FERRAZ,Betânia,0.3,0.18928441405296326,437.0,1.311,0.8271728894114494,0.48382711058855055
2023-2024,26025981,ESCOLA DE REFERENCIA EM ENSINO FUNDAMENTAL GENERAL JOAQUIM INACIO,Custódia,2.2,3.0833280086517334,381.0,8.382000000000001,11.747479712963104,-3.3654797129631024
2023-2024,26026627,ESCOLA DE REFERENCIA EM ENSINO MEDIO JOSE PEREIRA BURGOS,Custódia,0.0,0.22524231672286987,763.0,0.0,1.7185988765954971,-1.7185988765954971
2023-2024,26026902,ESCOLA APOLONIO ALVES DA SILVA,Ibimirim,0.0,0.29992714524269104,75.0,0.0,0.22494535893201828,-0.22494535893201828
2023-2024,26027186,ESCOLA INDIGENA PEDRO FERREIRA DE QUEIROZ,Ibimirim,1.5,4.023492336273193,78.0,1.17,3.138324022293091,-1.968324022293091
2023-2024,26027615,ESCOLA IRACEMA MOURA DE MORAES VERAS,Ibimirim,0.0,0.7050020098686218,382.0,0.0,2.6931076776981353,-2.6931076776981353
2023-2024,26027828,ESCOLA DE REFERENCIA EM ENSINO MEDIO PEDRO BEZERRA DE MELO,Ibimirim,0.2,0.27695778012275696,511.0,1.022,1.415254256427288,-0.39325425642728806
2023-2024,26027917,ESCOLA DE REFERENCIA EM ENSINO MEDIO ANTONIO GUILHERME DIAS LIMA,Inajá,2.1,0.2585112750530243,555.0,11.655000000000001,1.434737576544285,10.220262423455717
2023-2024,26028409,ESCOLA MARIA GILDETE ARAUJO,Inajá,12.8,3.118866443634033,39.0,4.992,1.216357913017273,3.775642086982727
2023-2024,26028506,ESCOLA ESTADUAL INDIGENA AIMBERE,Inajá,1.6,4.112843036651611,125.0,2.0,5.141053795814514,-3.141053795814514
2023-2024,26028573,ESCOLA DE REFERENCIA EM ENSINO FUNDAMENTAL JOEL PEDRO DA SILVA,Inajá,0.0,0.37416014075279236,100.0,0.0,0.37416014075279236,-0.37416014075279236
2023-2024,26029243,ESCOLA DE REFERENCIA EM ENSINO MEDIO CORONEL MANOEL DE SOUZA NETO,Manari,0.0,0.18045267462730408,685.0,0.0,1.236100821197033,-1.236100821197033
2023-2024,26029812,ESCOLA AMARO LAFAYETTE,Sertânia,7.9,0.32408708333969116,452.0,35.708,1.4648736166954042,34.24312638330459
2023-2024,26029910,ESCOLA DE REFERENCIA EM ENSINO MEDIO OLAVO BILAC,Sertânia,0.0,0.26951390504837036,545.0,0.0,1.4688507825136186,-1.4688507825136186
2023-2024,26030950,ESCOLA ESTADUAL ANTONIO CAVALCANTI FILHO,Afrânio,0.0,0.34160009026527405,438.0,0.0,1.4962083953619003,-1.4962083953619003
2023-2024,26031272,ESCOLA DE REFERENCIA EM ENSINO MEDIO JOSE CALDAS CAVALCANTI,Cabrobó,0.0,0.21637411415576935,496.0,0.0,1.073215606212616,-1.073215606212616
2023-2024,26031469,ESCOLA INDIGENA JOAO ALBERTO MACIEL,Cabrobó,0.0,1.6801915168762207,87.0,0.0,1.461766619682312,-1.461766619682312
2023-2024,26031892,ESCOLA ESTADUAL INDIGENA MILITAO PRIMO DOS SANTOS,Cabrobó,0.0,4.007561206817627,44.0,0.0,1.7633269309997557,-1.7633269309997557
2023-2024,26031914,ESCOLA DE REFERENCIA EM ENSINO MEDIO SENADOR PAULO GUERRA,Cabrobó,0.0,0.26655563712120056,296.0,0.0,0.7890046858787536,-0.7890046858787536
2023-2024,26032082,ESCOLA MINISTRO MARCOS FREIRE,Cabrobó,0.0,0.21626752614974976,269.0,0.0,0.5817596453428269,-0.5817596453428269
2023-2024,26032090,ESCOLA INDIGENA ACILON CIRIACO DA LUZ,Cabrobó,1.7,4.42327880859375,63.0,1.0710000000000002,2.7866656494140627,-1.7156656494140625
2023-2024,26033089,ESCOLA NOSSA SENHORA DAS GRACAS - DORMENTES,Dormentes,0.0,0.30359917879104614,171.0,0.0,0.5191545957326889,-0.5191545957326889
2023-2024,26033356,ESCOLA DE REFERENCIA EM ENSINO MEDIO SENADOR NILO COELHO,Dormentes,0.2,0.09979213774204254,540.0,1.08,0.5388775438070297,0.5411224561929704
2023-2024,26033364,ESCOLA DE REFERENCIA EM ENSINO MEDIO JACOB ANTONIO DE OLIVEIRA,Orocó,0.0,0.18085378408432007,296.0,0.0,0.5353272008895874,-0.5353272008895874
2023-2024,26033879,ESCOLA DE REFERENCIA EM ENSINO MEDIO OTACILIO NUNES DE SOUZA,Petrolina,0.0,0.44446876645088196,596.0,0.0,2.6490338480472566,-2.6490338480472566
2023-2024,26034298,ESCOLA DE REFERENCIA EM ENSINO MEDIO ANTONIO PADILHA,Petrolina,0.0,0.23536328971385956,426.0,0.0,1.0026476141810416,-1.0026476141810416
2023-2024,26034310,ESCOLA ESTADUAL DE ALTERNANCIA,Petrolina,0.0,1.5365227460861206,269.0,0.0,4.133246186971665,-4.133246186971665
2023-2024,26034328,ESCOLA DE REFERENCIA EM ENSINO FUNDAMENTAL E MEDIO DOM AVELAR BRANDAO VILELA,Petrolina,0.0,0.334676593542099,142.0,0.0,0.47524076282978056,-0.47524076282978056
2023-2024,26034336,ESCOLA DE REFERENCIA EM ENSINO MEDIO DOM MALAN,Petrolina,0.0,0.2522573173046112,260.0,0.0,0.6558690249919891,-0.6558690249919891
2023-2024,26034344,ESCOLA DOUTOR DIEGO REGO BARROS,Petrolina,0.0,4.948349952697754,113.0,0.0,5.5916354465484615,-5.5916354465484615
2023-2024,26034352,ESCOLA DE REFERENCIA EM ENSINO MEDIO DOUTOR PACIFICO RODRIGUES DA LUZ,Petrolina,0.0,0.21742404997348785,393.0,0.0,0.8544765163958072,-0.8544765163958072
2023-2024,26034360,ESCOLA DE REFERENCIA EM ENSINO FUNDAMENTAL E MEDIO EDISON NOLASCO,Petrolina,0.3,0.8161274790763855,328.0,0.984,2.6768981313705447,-1.6928981313705447
2023-2024,26034425,ESCOLA DE REFERENCIA EM ENSINO FUNDAMENTAL E MEDIO JOAQUIM ANDRE CAVALCANTI,Petrolina,0.0,1.7031863927841187,281.0,0.0,4.7859537637233736,-4.7859537637233736
2023-2024,26034441,ESCOLA DE REFERENCIA EM ENSINO MEDIO MARECHAL ANTONIO ALVES FILHO,Petrolina,0.0,0.29547080397605896,264.0,0.0,0.7800429224967956,-0.7800429224967956
2023-2024,26034832,ESCOLA DE REFERENCIA EM ENSINO FUNDAMENTAL E MEDIO MONTEIRO LOBATO,Petrolina,0.0,0.29502731561660767,258.0,0.0,0.7611704742908478,-0.7611704742908478
2023-2024,26035049,ESCOLA DE REFERENCIA EM ENSINO MEDIO PADRE MANOEL DE PAIVA NETTO,Petrolina,0.7,0.6774386167526245,399.0,2.7929999999999997,2.7029800808429716,0.09001991915702812
2023-2024,26035073,ESCOLA POETA CARLOS DRUMOND DE ANDRADE,Petrolina,0.0,0.3338509500026703,264.0,0.0,0.8813665080070495,-0.8813665080070495
2023-2024,26035111,ESCOLA DE REFERENCIA EM ENSINO FUNDAMENTAL E MEDIO PROFESSOR MANOEL XAVIER PAES BARRETO,Petrolina,0.0,0.35272735357284546,93.0,0.0,0.3280364388227463,-0.3280364388227463
2023-2024,26035120,ESCOLA DE REFERENCIA EM ENSINO MEDIO PROFESSORA OSA SANTANA DE CARVALHO,Petrolina,0.0,0.2639625370502472,299.0,0.0,0.7892479857802391,-0.7892479857802391
2023-2024,26035138,ESCOLA PROFESSORA WILMA WZELY CUNHA COELHO AMORIM,Petrolina,5.1,1.0963960886001587,178.0,9.078,1.9515850377082824,7.126414962291717
2023-2024,26035146,ESCOLA PROFESSORA ADELINA ALMEIDA,Petrolina,0.3,0.3593168258666992,1139.0,3.4170000000000003,4.0926186466217045,-0.6756186466217042
2023-2024,26035251,ESCOLA FRANCISCO XAVIER DOS SANTOS,Petrolina,1.5,0.39334428310394287,143.0,2.145,0.5624823248386384,1.5825176751613617
2023-2024,26035316,ESCOLA DE REFERENCIA EM ENSINO MEDIO JORNALISTA JOAO FERREIRA GOMES,Petrolina,0.0,0.21106411516666412,364.0,0.0,0.7682733792066575,-0.7682733792066575
2023-2024,26035340,ESCOLA DE REFERENCIA EM ENSINO FUNDAMENTAL E MEDIO ANTONIO CASSIMIRO,Petrolina,0.0,2.1380245685577393,213.0,0.0,4.553992331027985,-4.553992331027985
2023-2024,26035502,ESCOLA ANTONIO NUNES DOS SANTOS,Petrolina,1.9,0.35954421758651733,280.0,5.32,1.0067238092422486,4.313276190757752
2023-2024,26035553,ESCOLA ESTADUAL DE APLICACAO PROFESSORA VANDE DE SOUZA FERREIRA,Petrolina,0.0,0.23209868371486664,324.0,0.0,0.7519997352361679,-0.7519997352361679
2023-2024,26035561,ESCOLA DOM ANTONIO CAMPELO,Petrolina,4.4,1.021669626235962,443.0,19.492,4.525996444225311,14.96600355577469
2023-2024,26035600,ESCOLA DE REFERENCIA EM ENSINO MEDIO GERCINO COELHO,Petrolina,0.0,0.24886929988861084,353.0,0.0,0.8785086286067962,-0.8785086286067962
2023-2024,26035979,ESCOLA DE REFERENCIA EM ENSINO FUNDAMENTAL E MEDIO PADRE LUIZ CASSIANO,Petrolina,0.0,0.2644334137439728,344.0,0.0,0.9096509432792664,-0.9096509432792664
2023-2024,26036037,ESCOLA PROFESSOR SIMAO AMORIM DURANDO,Petrolina,0.0,0.5696417689323425,523.0,0.0,2.9792264515161513,-2.9792264515161513
2023-2024,26036045,ESCOLA DE REFERENCIA EM ENSINO MEDIO PROFESSOR HUMBERTO SOARES,Petrolina,0.0,0.24500925838947296,180.0,0.0,0.4410166651010513,-0.4410166651010513
2023-2024,26036118,ESCOLA DE REFERENCIA EM ENSINO FUNDAMENTAL E MEDIO JESUINO ANTONIO DAVILA,Petrolina,1.4,0.4120710492134094,339.0,4.7459999999999996,1.396920856833458,3.3490791431665414
2023-2024,26036134,ESCOLA DE REFERENCIA EM ENSINO FUNDAMENTAL E MEDIO NUCLEO DE MORADORES 11,Petrolina,0.0,0.32407936453819275,193.0,0.0,0.625473173558712,-0.625473173558712
2023-2024,26036169,ESCOLA MANOEL MARINHO,Petrolina,0.0,0.6077516674995422,214.0,0.0,1.3005885684490204,-1.3005885684490204
2023-2024,26036177,ESCOLA NUCLEO DE MORADORES - 6,Petrolina,5.7,0.4689521789550781,263.0,14.991,1.2333442306518554,13.757655769348144
2023-2024,26036193,ESCOLA NUCLEO DE MORADORES-7,Petrolina,0.0,0.26049521565437317,204.0,0.0,0.5314102399349213,-0.5314102399349213
2023-2024,26036207,ESCOLA ERIKA THAYNARA DA SILVA LEITE,Petrolina,0.0,1.0867749452590942,145.0,0.0,1.5758236706256865,-1.5758236706256865
2023-2024,26036215,ESCOLA NUCLEO DE MORADORES - 9,Petrolina,0.0,0.28254616260528564,171.0,0.0,0.4831539380550384,-0.4831539380550384
2023-2024,26036223,ESCOLA DE REFERENCIA EM ENSINO FUNDAMENTAL E MEDIO NOSSA SENHORA APARECIDA,Petrolina,0.0,0.5518125295639038,226.0,0.0,1.2470963168144227,-1.2470963168144227
2023-2024,26036266,ESCOLA SAO JOSE - PETROLINA,Petrolina,0.0,0.24789182841777802,197.0,0.0,0.4883469019830227,-0.4883469019830227
2023-2024,26037599,ESCOLA PROFESSORA JUDITH GOMES DE BARROS,Santa Maria da Boa Vista,0.6,4.683462619781494,988.0,5.928,46.272610683441165,-40.34461068344117
2023-2024,26037700,ESCOLA SANTA MARIA,Lagoa Grande,1.2,2.1134252548217773,177.0,2.124,3.7407627010345457,-1.6167627010345456
2023-2024,26037726,ESCOLA DE REFERENCIA EM ENSINO FUNDAMENTAL E MEDIO ANTONIO DE AMORIM COELHO,Lagoa Grande,2.3,2.592867851257324,267.0,6.141,6.922957162857055,-0.7819571628570552
2023-2024,26037904,ESCOLA DE REFERENCIA EM ENSINO MEDIO PADRE MAURILO SAMPAIO,Santa Maria da Boa Vista,1.0,0.1772473156452179,308.0,3.08,0.5459217321872711,2.534078267812729
2023-2024,26038536,ESCOLA DE REFERENCIA EM ENSINO MEDIO GUMERCINDO CABRAL,Terra Nova,0.0,0.19629916548728943,383.0,0.0,0.7518258038163186,-0.7518258038163186
2023-2024,26038935,ESCOLA DE REFERENCIA EM ENSINO MEDIO MONSENHOR JOAO PIRES,Belém do São Francisco,4.1,1.590754508972168,204.0,8.363999999999999,3.2451391983032227,5.118860801696776
2023-2024,26039702,ESCOLA DE REFERENCIA EM ENSINO MEDIO TERCINA RORIZ,Belém do São Francisco,0.0,0.22524231672286987,204.0,0.0,0.4594943261146545,-0.4594943261146545
2023-2024,26039770,ESCOLA DE REFERENCIA EM ENSINO FUNDAMENTAL E ENSINO MEDIO DOUTOR ALIPIO LUSTOSA,Belém do São Francisco,2.0,2.6165695190429688,51.0,1.02,1.334450454711914,-0.314450454711914
2023-2024,26040220,ESCOLA CELESTINO NUNES,Belém do São Francisco,0.0,1.6539400815963745,57.0,0.0,0.9427458465099334,-0.9427458465099334
2023-2024,26040280,ESCOLA DE REFERENCIA EM ENSINO MEDIO PROFESSOR AURELIANO GONCALVES DOS SANTOS,Carnaubeira da Penha,0.0,0.27800947427749634,151.0,0.0,0.41979430615901947,-0.41979430615901947
2023-2024,26040310,ESCOLA BOM JESUS DOS AFLITOS,Carnaubeira da Penha,0.0,2.944554328918457,49.0,0.0,1.4428316211700438,-1.4428316211700438
2023-2024,26040387,ESCOLA JOAO LIMA,Carnaubeira da Penha,6.5,4.625567436218262,47.0,3.055,2.174016695022583,0.8809833049774172
2023-2024,26040468,ESCOLA OLHO DAGUA DO PADRE,Carnaubeira da Penha,18.2,3.8946778774261475,33.0,6.006,1.2852436995506287,4.720756300449372
2023-2024,26040522,ESCOLA SAGRADA FAMILIA,Carnaubeira da Penha,16.7,5.536560535430908,24.0,4.007999999999999,1.328774528503418,2.679225471496581
2023-2024,26040530,ESCOLA ESTADUAL INDIGENA TIA AMELIA CAXIADO,Carnaubeira da Penha,0.0,4.59773588180542,35.0,0.0,1.6092075586318968,-1.6092075586318968
2023-2024,26040581,ESCOLA GOV ESTACIO COIMBRA,Carnaubeira da Penha,2.4,5.40034294128418,43.0,1.032,2.3221474647521974,-1.2901474647521973
2023-2024,26040646,ESCOLA EMILIANO QUIRINO DE SA,Carnaubeira da Penha,0.0,0.7177964448928833,44.0,0.0,0.3158304357528686,-0.3158304357528686
2023-2024,26040824,ESCOLA ESTADUAL INDIGENA ESPECIOSA BENIGNA DE BARROS,Carnaubeira da Penha,4.4,4.798878192901611,184.0,8.096,8.829935874938965,-0.7339358749389646
2023-2024,26040948,ESCOLA DE REFERENCIA EM ENSINO MEDIO CAPITAO NESTOR VALGUEIRO DE CARVALHO,Floresta,4.7,0.21171410381793976,242.0,11.374,0.5123481312394141,10.861651868760587
2023-2024,26040956,ESCOLA TECNICA ESTADUAL DEPUTADO AFONSO FERRAZ,Floresta,1.7,0.6769189834594727,240.0,4.08,1.6246055603027345,2.4553944396972653
2023-2024,26040972,ESCOLA JULIO DE MELLO,Floresta,0.0,0.31349173188209534,267.0,0.0,0.8370229241251945,-0.8370229241251945
2023-2024,26041200,ESCOLA DE REFERENCIA EM ENSINO FUNDAMENTAL E MEDIO TRES MARIAS,Floresta,3.9,2.273099422454834,125.0,4.875,2.8413742780685425,2.0336257219314575
2023-2024,26041529,ESCOLA MENINO JESUS,Floresta,12.7,1.386042833328247,53.0,6.731,0.7346027016639709,5.996397298336029
2023-2024,26041910,ESCOLA DE REFERENCIA EM ENSINO MEDIO PROFESSORA MARIA DE MENEZES GUIMARAES,Itacuruba,0.0,0.21265017986297607,132.0,0.0,0.2806982374191284,-0.2806982374191284
2023-2024,26042037,ESCOLA DE REFERENCIA EM ENSINO MEDIO DE JATOBA,Petrolândia,0.0,0.22185590863227844,308.0,0.0,0.6833161985874177,-0.6833161985874177
2023-2024,26042045,ESCOLA DE REFERENCIA EM ENSINO MEDIO DELMIRO GOUVEIA-PETROLANDIA,Petrolândia,0.0,1.366102933883667,363.0,0.0,4.958953649997711,-4.958953649997711
2023-2024,26042053,ESCOLA DE REFERENCIA EM ENSINO MEDIO DE ITAPARICA,Jatobá,0.4,0.29242143034935,259.0,1.036,0.7573715046048165,0.27862849539518353
2023-2024,26042070,ESCOLA DE REFERENCIA EM ENSINO MEDIO MARIA CAVALCANTI NUNES,Petrolândia,0.2,0.24572473764419556,553.0,1.106,1.3588577991724013,-0.25285779917240125
2023-2024,26042096,ESCOLA ESTADUAL INDIGENA JOSE LUCIANO,Jatobá,0.0,14.38071060180664,34.0,0.0,4.889441604614258,-4.889441604614258
2023-2024,26042169,ESCOLA LOGRADOURO,Petrolândia,11.5,4.657290935516357,63.0,7.245,2.9340932893753053,4.310906710624694
2023-2024,26042312,ESCOLA DE REFERENCIA EM ENSINO FUNDAMENTAL E MEDIO SAO FRANCISCO,Petrolândia,0.0,-0.13265085220336914,69.0,0.0,-0.09152908802032471,0.09152908802032471
2023-2024,26042479,ESCOLA PANKARARUS,Jatobá,5.1,6.818892955780029,102.0,5.202,6.95527081489563,-1.7532708148956297
2023-2024,26042525,ESCOLA NOSSA SENHORA APARECIDA - JATOBA,Jatobá,0.0,0.35336169600486755,147.0,0.0,0.5194416931271553,-0.5194416931271553
2023-2024,26042711,ESCOLA DO ESPINHEIRO,Tacaratu,0.0,4.523617744445801,56.0,0.0,2.5332259368896484,-2.5332259368896484
2023-2024,26043009,ESCOLA ESTADUAL INDIGENA SANTA CLARA,Tacaratu,1.7,9.076904296875,60.0,1.02,5.446142578125,-4.426142578125001
2023-2024,26043076,ESCOLA PANKARARUS EZEQUIEL,Tacaratu,14.8,3.9283454418182373,134.0,19.832000000000004,5.263982892036438,14.568017107963566
2023-2024,26043130,ESCOLA DE REFERENCIA EM ENSINO FUNDAMENTAL SERGIO MAGALHAES,Tacaratu,4.5,2.1081643104553223,162.0,7.29,3.4152261829376225,3.8747738170623776
2023-2024,26043335,ESCOLA DE REFERENCIA EM ENSINO MEDIO JOAO BATISTA DE VASCONCELOS - TACARATU,Tacaratu,0.0,0.22215209901332855,326.0,0.0,0.7242158427834511,-0.7242158427834511
2023-2024,26043408,ESCOLA PRINCESA ISABEL,Tacaratu,12.3,5.1829118728637695,85.0,10.455000000000002,4.405475091934204,6.049524908065798
2023-2024,26043505,ESCOLA DE REFERENCIA EM ENSINO MEDIO JULIA GOMES DE ARAUJO,Tacaratu,0.4,0.4112762212753296,247.0,0.988,1.015852266550064,-0.02785226655006401
2023-2024,26044404,ESCOLA ESTADUAL INDIGENA BILINGUE ANTONIO JOSE MOREIRA,Águas Belas,0.0,4.274337291717529,48.0,0.0,2.0516819000244144,-2.0516819000244144
2023-2024,26044412,ESCOLA JOAO RODRIGUES CARDOSO,Águas Belas,1.2,1.2884448766708374,1435.0,17.22,18.489183980226517,-1.2691839802265186
2023-2024,26044447,ESCOLA ESTADUAL INDIGENA FULNI-O MARECHAL RONDON,Águas Belas,0.0,8.208673477172852,153.0,0.0,12.559270420074462,-12.559270420074462
2023-2024,26044862,ESCOLA DE REFERENCIA EM ENSINO MEDIO CORONEL NICOLAU SIQUEIRA,Águas Belas,0.0,0.21267521381378174,269.0,0.0,0.5720963251590729,-0.5720963251590729
2023-2024,26045656,ESCOLA DE REFERENCIA EM ENSINO MEDIO SAO FELIX DE CANTALICE,Buíque,0.0,0.2899570167064667,412.0,0.0,1.1946229088306426,-1.1946229088306426
2023-2024,26045745,ESCOLA DE REFERENCIA EM ENSINO MEDIO DUQUE DE CAXIAS,Buíque,0.0,0.26655563712120056,515.0,0.0,1.3727615311741828,-1.3727615311741828
2023-2024,26045753,ESCOLA ESTADUAL INDIGENA KAPINAWA,Buíque,0.0,1.7923223972320557,30.0,0.0,0.5376967191696167,-0.5376967191696167
2023-2024,26046040,ESCOLA DE REFERENCIA EM ENSINO FUNDAMENTAL E MEDIO VIGARIO JOAO INACIO,Buíque,0.0,0.5401833057403564,217.0,0.0,1.1721977734565736,-1.1721977734565736
2023-2024,26046210,ESCOLA ESTADUAL INDIGENA BARAO DO RIO BRANCO,Buíque,7.8,2.4707603454589844,162.0,12.636,4.002631759643554,8.633368240356445
2023-2024,26047187,ESCOLA DE REFERENCIA EM ENSINO MEDIO PEDRO DE ALCANTARA RAMOS,Itaíba,0.3,1.110762596130371,343.0,1.029,3.8099157047271732,-2.7809157047271733
2023-2024,26047365,ESCOLA FREI JOAO PEREIRA DE SOUZA,Itaíba,6.2,0.3128775656223297,167.0,10.354,0.5225055345892906,9.831494465410708
2023-2024,26047837,ESCOLA DE REFERENCIA EM ENSINO MEDIO PROFESSOR BRASILIANO DONINO DA COSTA LIMA,Pedra,0.0,0.23446597158908844,254.0,0.0,0.5955435678362847,-0.5955435678362847
2023-2024,26048078,ESCOLA AMALIA CAVALCANTI DA COSTA LIMA,Pedra,0.9,0.6047080159187317,401.0,3.6090000000000004,2.424879143834114,1.1841208561658862
2023-2024,26048337,ESCOLA DE REFERENCIA EM ENSINO MEDIO JOSE EMILIO DE MELO,Tupanatinga,0.0,0.328692764043808,722.0,0.0,2.3731617563962937,-2.3731617563962937
2023-2024,26049406,ESCOLA DE REFERENCIA EM ENSINO MEDIO QUITERIA WANDERLEY SIMOES,Venturosa,0.0,0.2209642231464386,551.0,0.0,1.2175128695368767,-1.2175128695368767
2023-2024,26049422,ESCOLA CONEGO EMANUEL VASCONCELOS,Venturosa,5.7,1.2290983200073242,133.0,7.581,1.6347007656097412,5.946299234390259
2023-2024,26049562,ESCOLA DE REFERENCIA EM ENSINO MEDIO GONCALO ANTUNES BEZERRA,Alagoinha,0.2,0.3485225439071655,440.0,0.88,1.5334991931915283,-0.6534991931915283
2023-2024,26050048,ESCOLA DE REFERENCIA EM ENSINO MEDIO BENTO AMERICO,Belo Jardim,7.7,0.6057699918746948,136.0,10.472,0.823847188949585,9.648152811050414
2023-2024,26050064,ESCOLA FREI CASSIANO COMACCHIO,Belo Jardim,6.0,3.1463868618011475,619.0,37.14,19.4761346745491,17.6638653254509
2023-2024,26050102,ESCOLA DE REFERENCIA EM ENSINO MEDIO JOAO MONTEIRO DE MELO,Belo Jardim,0.0,0.6117811799049377,198.0,0.0,1.2113267362117768,-1.2113267362117768
2023-2024,26050137,ESCOLA MINISTRO MARCOS DE BARROS FREIRE,Belo Jardim,0.0,1.3231412172317505,222.0,0.0,2.937373502254486,-2.937373502254486
2023-2024,26050200,ESCOLA DE REFERENCIA EM ENSINO MEDIO PROFESSORA MARIA GALVAO,Belo Jardim,1.5,1.363240122795105,217.0,3.255,2.9582310664653777,0.2967689335346222
2023-2024,26051176,ESCOLA DE REFERENCIA EM ENSINO FUNDAMENTAL E ENSINO MEDIO EURICO QUEIROZ,Bezerros,0.0,0.8127800226211548,297.0,0.0,2.4139566671848294,-2.4139566671848294
2023-2024,26051737,ESCOLA DE REFERENCIA EM ENSINO MEDIO PROFESSORA MARIA ANA,Bezerros,0.0,0.8401045799255371,279.0,0.0,2.3438917779922486,-2.3438917779922486
2023-2024,26051761,ESCOLA DE REFERENCIA EM ENSINO MEDIO CONEGO ALEXANDRE CAVALCANTI,Bezerros,0.0,1.8532638549804688,401.0,0.0,7.4315880584716805,-7.4315880584716805
2023-2024,26052083,ESCOLA DE REFERENCIA EM ENSINO MEDIO ANDRE CORDEIRO,Brejo da Madre de Deus,0.0,2.0412380695343018,996.0,0.0,20.330731172561645,-20.330731172561645
2023-2024,26052776,ESCOLA DE REFERENCIA EM ENSINO MEDIO CORSINA BRAGA,Cachoeirinha,2.2,1.498410701751709,322.0,7.0840000000000005,4.824882459640503,2.2591175403594974
2023-2024,26052792,ESCOLA DE REFERENCIA EM ENSINO FUNDAMENTAL E MEDIO PRESIDENTE KENNEDY,Cachoeirinha,0.7,1.3604485988616943,276.0,1.9319999999999997,3.7548381328582763,-1.8228381328582766
2023-2024,26053608,ESCOLA DE REFERENCIA EM ENSINO MEDIO NOSSA SENHORA DO PERPETUO SOCORRO,Capoeiras,0.0,0.2712867259979248,670.0,0.0,1.8176210641860961,-1.8176210641860961
2023-2024,26053845,ESCOLA TECNICA ESTADUAL DE CARUARU NELSON BARBALHO,Caruaru,0.0,0.7966480851173401,416.0,0.0,3.314056034088135,-3.314056034088135
2023-2024,26053853,ESCOLA DE REFERENCIA EM ENSINO MEDIO NICANOR SOUTO MAIOR,Caruaru,2.0,0.5520444512367249,351.0,7.0200000000000005,1.9376760238409043,5.082323976159096
2023-2024,26054019,ESCOLA DE REFERENCIA EM ENSINO FUNDAMENTAL E MEDIO ANTONIA CAVALCANTI DE ALBUQUERQUE,Caruaru,0.0,1.6120163202285767,167.0,0.0,2.692067254781723,-2.692067254781723
2023-2024,26054027,ESCOLA DE REFERENCIA EM ENSINO MEDIO ARNALDO ASSUNCAO,Caruaru,0.0,0.21171410381793976,338.0,0.0,0.7155936709046363,-0.7155936709046363
2023-2024,26054043,ESCOLA DE REFERENCIA EM ENSINO MEDIO DOM MIGUEL DE LIMA VALVERDE,Caruaru,1.1,0.627794086933136,441.0,4.851000000000001,2.7685719233751294,2.0824280766248715
2023-2024,26054060,ESCOLA DOM VITAL - CARUARU,Caruaru,0.0,0.27210626006126404,523.0,0.0,1.423115740120411,-1.423115740120411
2023-2024,26054094,ESCOLA DE REFERENCIA EM ENSINO MEDIO FELISBERTO CARVALHO,Caruaru,4.4,0.2686940133571625,257.0,11.308000000000002,0.6905436143279076,10.617456385672094
2023-2024,26054140,ESCOLA DE REFERENCIA EM ENSINO MEDIO MARIA AUXILIADORA LIBERATO,Caruaru,0.5,0.21171410381793976,611.0,3.055,1.2935731743276118,1.7614268256723884
2023-2024,26054809,ESCOLA DE REFERENCIA EM ENSINO MEDIO PADRE ZACARIAS TAVARES,Caruaru,0.2,0.21637411415576935,631.0,1.262,1.3653206603229044,-0.10332066032290443
2023-2024,26054825,ESCOLA PROFESSORA JESUINA PEREIRA REGO,Caruaru,5.9,2.1007907390594482,719.0,42.421,15.104685413837434,27.316314586162566
2023-2024,26054850,ESCOLA DE REFERENCIA EM ENSINO MEDIO PROFESSOR MARIO SETTE,Caruaru,6.7,0.8084703087806702,676.0,45.292,5.4652592873573305,39.826740712642675
2023-2024,26054876,ESCOLA DE REFERENCIA EM ENSINO MEDIO PROFESSOR VICENTE MONTEIRO,Caruaru,0.0,0.18847031891345978,355.0,0.0,0.6690696321427821,-0.6690696321427821
2023-2024,26054884,ESCOLA DE REFERENCIA EM ENSINO MEDIO PROFESSORA ADELIA LEAL FERREIRA,Caruaru,1.1,0.25677594542503357,195.0,2.145,0.5007130935788155,1.6442869064211845
2023-2024,26054914,ESCOLA DE REFERENCIA EM ENSINO MEDIO PROFESSORA ELISETE LOPES DE LIMA PIRES,Caruaru,0.0,0.24864359200000763,1178.0,0.0,2.92902151376009,-2.92902151376009
2023-2024,26054949,ESCOLA DE REFERENCIA EM ENSINO FUNDAMENTAL PROFESSORA ROSILDA MACIEL VIEIRA,Caruaru,0.0,3.664288282394409,27.0,0.0,0.9893578362464905,-0.9893578362464905
2023-2024,26054965,ESCOLA PROFESSOR JOSE BIONE DE ARAUJO,Caruaru,0.4,1.2960844039916992,577.0,2.308,7.478407011032105,-5.170407011032105
2023-2024,26055040,ESCOLA SANTO AMARO,Caruaru,8.5,1.8018995523452759,721.0,61.285000000000004,12.99169577240944,48.29330422759057
2023-2024,26055082,ESCOLA DE REFERENCIA EM ENSINO MEDIO PROFESSOR LISBOA,Caruaru,3.5,0.21637411415576935,574.0,20.090000000000003,1.241987415254116,18.848012584745888
2023-2024,26055210,ESCOLA JOSE CARLOS FLORENCIO,Caruaru,0.5,0.602070689201355,834.0,4.17,5.0212695479393,-0.8512695479393004
2023-2024,26055473,ESCOLA PAULINA MONTEIRO,Caruaru,8.6,1.7904350757598877,339.0,29.153999999999996,6.069574906826019,23.084425093173977
2023-2024,26056550,ESCOLA AARAO LINS DE ANDRADE,Gravatá,0.0,1.3345285654067993,625.0,0.0,8.340803533792496,-8.340803533792496
2023-2024,26056577,ESCOLA DE REFERENCIA EM ENSINO MEDIO PROFESSOR ANTONIO FARIAS,Gravatá,0.6,0.2912233769893646,670.0,4.0200000000000005,1.9511966258287432,2.0688033741712575
2023-2024,26056623,ESCOLA DE REFERENCIA EM ENSINO MEDIO CLETO CAMPELO,Gravatá,0.4,0.2849094271659851,275.0,1.1,0.783500924706459,0.31649907529354104
2023-2024,26056658,ESCOLA DE REFERENCIA EM ENSINO MEDIO DEVALDO BORGES,Gravatá,0.2,0.2854093909263611,469.0,0.9380000000000001,1.3385700434446335,-0.40057004344463343
2023-2024,26057743,ESCOLA DE REFERENCIA EM ENSINO MEDIO JOSE LOPES DE SIQUEIRA,Jataúba,0.2,0.3546312153339386,444.0,0.888,1.5745625960826874,-0.6865625960826874
2023-2024,26058430,ESCOLA DE REFERENCIA EM ENSINO MEDIO JOSE DE ALMEIDA MACIEL,Pesqueira,0.0,0.22030314803123474,541.0,0.0,1.19184003084898,-1.19184003084898
2023-2024,26058758,ESCOLA ESTADUAL INDIGENA SANTA RITA,Pesqueira,3.0,3.9720776081085205,103.0,3.09,4.091239936351776,-1.0012399363517765
2023-2024,26058812,ESCOLA PROFESSOR ARRUDA MARINHO,Pesqueira,0.0,0.1855039745569229,368.0,0.0,0.6826546263694763,-0.6826546263694763
2023-2024,26058952,ESCOLA ELIZEU ARAUJO,Pesqueira,0.0,1.8497494459152222,174.0,0.0,3.218564035892487,-3.218564035892487
2023-2024,26058960,ESCOLA DE REFERENCIA EM ENSINO MEDIO CRISTO REI,Pesqueira,0.5,0.22700798511505127,226.0,1.1300000000000001,0.5130380463600159,0.6169619536399842
2023-2024,26059088,ESCOLA DE REFERENCIA EM ENSINO MEDIO PROFESSORA MARGARIDA DE LIMA FALCAO,Pesqueira,0.0,0.15266460180282593,573.0,0.0,0.8747681683301926,-0.8747681683301926
2023-2024,26059150,ESCOLA ESTADUAL INDIGENA INTERMEDIARIA MONSENHOR OLIMPIO TORRES,Pesqueira,0.5,3.357438325881958,213.0,1.065,7.151343634128571,-6.086343634128571
2023-2024,26059789,ESCOLA DE REFERENCIA EM ENSINO MEDIO COMENDADOR MANOEL CAETANO DE BRITO,Poção,0.3,0.2422250211238861,383.0,1.149,0.9277218309044838,0.22127816909551623
2023-2024,26060124,ESCOLA DE REFERENCIA EM ENSINO MEDIO MANOEL BACELAR,Riacho das Almas,0.0,0.860980212688446,697.0,0.0,6.00103208243847,-6.00103208243847
2023-2024,26061023,ESCOLA DE REFERENCIA EM ENSINO MEDIO NOSSA SENHORA DE FATIMA,Sanharó,0.6,0.2397077977657318,462.0,2.7720000000000002,1.107450025677681,1.6645499743223193
2023-2024,26061112,ESCOLA DE REFERENCIA EM ENSINO FUNDAMENTAL DOUTOR BENJAMIN CARACIOLO,Sanharó,0.0,0.41209277510643005,196.0,0.0,0.807701839208603,-0.807701839208603
2023-2024,26061643,ESCOLA DE REFERENCIA EM ENSINO MEDIO RODOLFO PAIVA,São Bento do Una,0.0,0.22449538111686707,512.0,0.0,1.1494163513183593,-1.1494163513183593
2023-2024,26061724,ESCOLA ELPIDIO BARBOSA MACIEL,São Bento do Una,0.0,1.0150212049484253,447.0,0.0,4.537144786119461,-4.537144786119461
2023-2024,26062410,ESCOLA DE REFERENCIA EM ENSINO MEDIO AGAMENON MAGALHAES,São Caitano,1.2,0.5550570487976074,607.0,7.284,3.369196286201477,3.914803713798523
2023-2024,26062585,ESCOLA DE REFERENCIA EM ENSINO MEDIO PIO XII,São Caitano,4.8,0.7859698534011841,785.0,37.68,6.169863349199295,31.510136650800703
2023-2024,26062836,ESCOLA DE REFERENCIA EM ENSINO FUNDAMENTAL E MEDIO JOAQUIM RIBEIRO DA ROCHA,São Caitano,5.8,2.0103096961975098,90.0,5.22,1.8092787265777588,3.410721273422241
2023-2024,26063280,ESCOLA FRANCISCO DE ASSIS BARROS,Tacaimbó,0.0,0.41098466515541077,212.0,0.0,0.8712874901294708,-0.8712874901294708
2023-2024,26063310,ESCOLA DE REFERENCIA EM ENSINO MEDIO JOSE LEITE BARROS,Tacaimbó,0.0,0.23355846107006073,248.0,0.0,0.5792249834537506,-0.5792249834537506
2023-2024,26063522,ESCOLA TEOFILO SEVERINO DE ARRUDA,Frei Miguelinho,0.0,0.6875858306884766,241.0,0.0,1.6570818519592285,-1.6570818519592285
2023-2024,26063530,ESCOLA DE REFERENCIA EM ENSINO MEDIO SAO JOSE,Frei Miguelinho,0.0,0.21637411415576935,293.0,0.0,0.6339761544764042,-0.6339761544764042
2023-2024,26063891,ESCOLA DE REFERENCIA EM ENSINO MEDIO JOSE FRANCELINO ARAGAO,Santa Cruz do Capibaribe,0.0,0.49908310174942017,406.0,0.0,2.026277393102646,-2.026277393102646
2023-2024,26063905,ESCOLA DE REFERENCIA EM ENSINO MEDIO LUIZ ALVES DA SILVA,Santa Cruz do Capibaribe,0.0,1.105261206626892,293.0,0.0,3.2384153354167937,-3.2384153354167937
2023-2024,26063999,ESCOLA DE REFERENCIA EM ENSINO MEDIO PADRE ZUZINHA,Santa Cruz do Capibaribe,0.0,0.24572473764419556,890.0,0.0,2.1869501650333403,-2.1869501650333403
2023-2024,26064006,ESCOLA PROFESSORA MARIA LUCIA ALVES,Santa Cruz do Capibaribe,14.0,1.1108717918395996,1099.0,153.86,12.208480992317199,141.65151900768282
2023-2024,26064030,ESCOLA DE REFERENCIA EM ENSINO FUNDAMENTAL MALAQUIAS CARDOSO ARAGAO,Santa Cruz do Capibaribe,0.0,0.7851051092147827,129.0,0.0,1.0127855908870698,-1.0127855908870698
2023-2024,26064294,ESCOLA DE REFERENCIA EM ENSINO MEDIO JOAO DAVID DE SOUZA,Santa Maria do Cambucá,0.0,0.16465626657009125,400.0,0.0,0.658625066280365,-0.658625066280365
2023-2024,26064618,ESCOLA DE REFERENCIA EM ENSINO MEDIO NATALICIA MARIA FIGUEIROA DA SILVA,Surubim,0.0,0.4649350047111511,386.0,0.0,1.7946491181850432,-1.7946491181850432
2023-2024,26064626,ESCOLA DE REFERENCIA EM ENSINO MEDIO SEVERINO FARIAS,Surubim,0.0,0.26264873147010803,475.0,0.0,1.2475814744830132,-1.2475814744830132
2023-2024,26065401,ESCOLA DE REFERENCIA EM ENSINO MEDIO ANA FAUSTINA,Surubim,0.0,0.32012730836868286,521.0,0.0,1.6678632766008377,-1.6678632766008377
2023-2024,26065568,ESCOLA DE REFERENCIA EM ENSINO MEDIO JOAO XXIII,Casinhas,0.0,0.2461322844028473,350.0,0.0,0.8614629954099654,-0.8614629954099654
2023-2024,26065592,ESCOLA DE REFERENCIA EM ENSINO MEDIO SEVERINO CORDEIRO DE ARRUDA,Taquaritinga do Norte,0.0,0.21171410381793976,290.0,0.0,0.6139709010720252,-0.6139709010720252
2023-2024,26065606,ESCOLA JOSE BEZERRA DE ANDRADE,Taquaritinga do Norte,3.5,2.3084285259246826,559.0,19.565,12.904115459918975,6.660884540081026
2023-2024,26066181,ESCOLA ESTELITA TIMOTEO,Toritama,0.0,0.2676244378089905,762.0,0.0,2.0392982161045077,-2.0392982161045077
2023-2024,26066220,ESCOLA DE REFERENCIA EM ENSINO MEDIO PROTAZIO SOARES DE SOUZA,Toritama,0.0,0.20830294489860535,623.0,0.0,1.2977273467183112,-1.2977273467183112
2023-2024,26066572,ESCOLA DE REFERENCIA EM ENSINO MEDIO GIL RODRIGUES,Vertentes,0.0,0.26361364126205444,451.0,0.0,1.1888975220918656,-1.1888975220918656
2023-2024,26067137,ESCOLA DE REFERENCIA EM ENSINO MEDIO DOUTOR MOTA SILVEIRA,Bom Jardim,0.0,0.24861037731170654,452.0,0.0,1.1237189054489136,-1.1237189054489136
2023-2024,26067382,ESCOLA DE REFERENCIA EM ENSINO MEDIO JUSTULINO FERREIRA GOMES,Bom Jardim,0.0,0.24869105219841003,382.0,0.0,0.9499998193979263,-0.9499998193979263
2023-2024,26067552,ESCOLA DE REFERENCIA EM ENSINO MEDIO RAIMUNDO HONORIO,Bom Jardim,0.0,0.3269105851650238,239.0,0.0,0.7813162985444069,-0.7813162985444069
2023-2024,26067803,ESCOLA DE REFERENCIA EM ENSINO MEDIO MANOEL GONCALVES DE LIMA,Cumaru,0.4,0.6569998860359192,470.0,1.8800000000000001,3.08789946436882,-1.20789946436882
2023-2024,26068427,ESCOLA DE REFERENCIA EM ENSINO MEDIO PROFESSORA MARILENE CHAVES DE SANTANA,Feira Nova,0.0,0.24572473764419556,331.0,0.0,0.8133488816022872,-0.8133488816022872
2023-2024,26068508,ESCOLA DE REFERENCIA EM ENSINO MEDIO ANTONIO INACIO,Feira Nova,0.0,0.21432578563690186,384.0,0.0,0.8230110168457032,-0.8230110168457032
2023-2024,26068729,ESCOLA DE REFERENCIA EM ENSINO MEDIO JARINA MAIA,João Alfredo,0.0,0.26385629177093506,563.0,0.0,1.4855109226703642,-1.4855109226703642
2023-2024,26068877,ESCOLA DE REFERENCIA EM ENSINO MEDIO NOSSA SENHORA AUXILIADORA,João Alfredo,0.0,0.7508880496025085,359.0,0.0,2.695688098073006,-2.695688098073006
2023-2024,26069210,ESCOLA DE REFERENCIA EM ENSINO MEDIO PROFESSORA JANDIRA DE ANDRADE LIMA,Limoeiro,0.0,0.24567905068397522,406.0,0.0,0.9974569457769394,-0.9974569457769394
2023-2024,26069288,ESCOLA DE REFERENCIA EM ENSINO MEDIO AUSTRO COSTA,Limoeiro,0.0,0.23844002187252045,412.0,0.0,0.9823728901147843,-0.9823728901147843
2023-2024,26069318,ESCOLA DE REFERENCIA EM ENSINO MEDIO DOUTOR SEBASTIAO DE VASCONCELOS GALVAO,Limoeiro,0.0,0.2203797698020935,441.0,0.0,0.9718747848272322,-0.9718747848272322
2023-2024,26069555,ESCOLA SERAFICO RICARDO,Limoeiro,1.6,2.7791848182678223,256.0,4.096,7.114713134765625,-3.0187131347656253
2023-2024,26069652,ESCOLA DE REFERENCIA EM ENSINO FUNDAMENTAL GINASIO ARTHUR CORREIA DE OLIVEIRA,Limoeiro,0.0,4.717309951782227,80.0,0.0,3.7738479614257816,-3.7738479614257816
2023-2024,26070090,ESCOLA DE REFERENCIA EM ENSINO MEDIO SEVERINO DE ANDRADE GUERRA,Machados,0.0,0.22990232706069946,463.0,0.0,1.0644477742910385,-1.0644477742910385
2023-2024,26070260,ESCOLA DE REFERENCIA EM ENSINO MEDIO ABILIO DE SOUZA BARBOSA,Orobó,0.0,0.2672804296016693,503.0,0.0,1.3444205608963966,-1.3444205608963966
2023-2024,26070456,ESCOLA DE REFERENCIA EM ENSINO MEDIO PROFESSORA RITA MARIA DA CONCEICAO,Orobó,0.0,0.2749400734901428,335.0,0.0,0.9210492461919785,-0.9210492461919785
2023-2024,26070618,ESCOLA DE REFERENCIA EM ENSINO MEDIO PROFESSOR ANTONIO PEDRO DE AGUIAR,Orobó,0.0,0.3335159420967102,125.0,0.0,0.41689492762088776,-0.41689492762088776
2023-2024,26070782,ESCOLA DE REFERENCIA EM ENSINO MEDIO CONEGO FERNANDO PASSOS,Passira,0.3,0.44276556372642517,376.0,1.1280000000000001,1.6647985196113586,-0.5367985196113585
2023-2024,26070880,ESCOLA DE REFERENCIA EM ENSINO MEDIO MANOEL GUILHERME DA SILVA,Passira,0.5,0.6087028980255127,421.0,2.105,2.5626392006874084,-0.4576392006874084
2023-2024,26071606,ESCOLA DE REFERENCIA EM ENSINO MEDIO CORONEL JOAO FRANCISCO,São Vicente Férrer,0.6,0.2892775237560272,365.0,2.19,1.0558629617094992,1.1341370382905007
2023-2024,26071673,ESCOLA PROFESSOR JOAO BARBOSA DE ALMEIDA,São Vicente Férrer,0.0,0.3693946301937103,287.0,0.0,1.0601625886559487,-1.0601625886559487
2023-2024,26071924,ESCOLA DE REFERENCIA EM ENSINO MEDIO AZARIAS SALGADO,Angelim,0.0,1.1260021924972534,341.0,0.0,3.8396674764156344,-3.8396674764156344
2023-2024,26072149,ESCOLA DE REFERENCIA EM ENSINO MEDIO CORONEL JOSE ABILIO,Bom Conselho,1.0,0.6026790738105774,401.0,4.01,2.4167430859804155,1.5932569140195842
2023-2024,26072254,ESCOLA DE REFERENCIA EM ENSINO MEDIO FREI CAETANO DE MESSINA,Bom Conselho,0.0,0.18972687423229218,585.0,0.0,1.1099022142589092,-1.1099022142589092
2023-2024,26073102,ESCOLA DE REFERENCIA EM ENSINO MEDIO PROFESSORA ISMENIA LEMOS WANDERLEY,Brejão,4.3,1.1502766609191895,361.0,15.522999999999998,4.152498745918273,11.370501254081724
2023-2024,26073498,ESCOLA DE REFERENCIA EM ENSINO MEDIO LUIZ PEREIRA JUNIOR,Caetés,0.3,0.5420655608177185,1115.0,3.345,6.044031003117561,-2.6990310031175606
2023-2024,26074079,ESCOLA DE REFERENCIA EM ENSINO MEDIO AUGUSTA CORDEIRO DE MELO,Calçado,3.3,0.959567129611969,361.0,11.913,3.464037337899208,8.448962662100792
2023-2024,26074311,ESCOLA DE REFERENCIA EM ENSINO MEDIO JERONIMO GUEIROS,Canhotinho,5.8,0.7596266865730286,385.0,22.33,2.92456274330616,19.405437256693837
2023-2024,26074362,ESCOLA PE ANTONIO CALLOU DE ALENCAR,Canhotinho,0.0,0.2577662467956543,416.0,0.0,1.0723075866699219,-1.0723075866699219
2023-2024,26074907,ESCOLA DE REFERENCIA EM ENSINO MEDIO AUGUSTO LUCIO DA SILVA,Correntes,0.0,0.2555791735649109,302.0,0.0,0.7718491041660309,-0.7718491041660309
2023-2024,26074923,ESCOLA PROFESSORA CLARICE GODOY,Correntes,0.0,6.003023147583008,211.0,0.0,12.666378841400148,-12.666378841400148
2023-2024,26075385,ESCOLA DE REFERENCIA EM ENSINO MEDIO FRANCISCO MADEIROS,Garanhuns,1.7,3.0822479724884033,483.0,8.211,14.887257707118989,-6.676257707118989
2023-2024,26075687,ESCOLA DE REFERENCIA EM ENSINO MEDIO DOM JOAO DA MATA AMARAL,Garanhuns,0.4,2.0185134410858154,747.0,2.988,15.07829540491104,-12.090295404911041
2023-2024,26075733,ESCOLA DUQUE DE CAXIAS,Garanhuns,0.5,0.13807736337184906,199.0,0.995,0.2747739531099796,0.7202260468900203
2023-2024,26075768,ESCOLA DE REFERENCIA EM ENSINO MEDIO HENRIQUE DIAS,Garanhuns,0.0,0.24580349028110504,256.0,0.0,0.6292569351196289,-0.6292569351196289
2023-2024,26075903,ESCOLA DE REFERENCIA EM ENSINO MEDIO PROFESSOR JERONIMO GUEIROS,Garanhuns,0.0,0.20172537863254547,374.0,0.0,0.75445291608572,-0.75445291608572
2023-2024,26075911,ESCOLA PROFESSORA ELISA COELHO,Garanhuns,0.0,0.2698524296283722,497.0,0.0,1.3411665752530098,-1.3411665752530098
2023-2024,26075920,ESCOLA PROFESSORA ELVIRA VIANA,Garanhuns,0.0,0.42264705896377563,236.0,0.0,0.9974470591545106,-0.9974470591545106
2023-2024,26075970,ESCOLA DE REFERENCIA EM ENSINO FUNDAMENTAL SAO CRISTOVAO,Garanhuns,0.0,0.21869054436683655,65.0,0.0,0.14214885383844375,-0.14214885383844375
2023-2024,26075997,ESCOLA SENADOR ADERBAL JUREMA - GARANHUNS,Garanhuns,0.0,0.19809849560260773,315.0,0.0,0.6240102611482143,-0.6240102611482143
2023-2024,26076047,ESCOLA SIMOA GOMES,Garanhuns,0.8,0.5331283807754517,477.0,3.8160000000000003,2.5430223762989046,1.2729776237010957
2023-2024,26076250,ESCOLA DE REFERENCIA EM ENSINO MEDIO VIRGEM DO SOCORRO,Garanhuns,0.0,0.5463976860046387,206.0,0.0,1.1255792331695558,-1.1255792331695558
2023-2024,26076357,ESCOLA INSTITUTO PRESBITERIANO DE HELIOPOLIS,Garanhuns,0.0,0.3064362108707428,421.0,0.0,1.290096447765827,-1.290096447765827
2023-2024,26076780,ESCOLA DE REFERENCIA EM ENSINO MEDIO FRANCISCO PEREIRA DA COSTA,Iati,0.0,0.25529104471206665,749.0,0.0,1.9121299248933794,-1.9121299248933794
2023-2024,26077825,ESCOLA DE REFERENCIA EM ENSINO MEDIO SEBASTIAO TIAGO DE OLIVEIRA,Jupi,0.0,0.7683959007263184,592.0,0.0,4.548903732299805,-4.548903732299805
2023-2024,26078562,ESCOLA DE REFERENCIA EM ENSINO MEDIO ABILIO MONTEIRO,Lagoa do Ouro,0.0,0.5450827479362488,405.0,0.0,2.207585129141808,-2.207585129141808
2023-2024,26078805,ESCOLA DE REFERENCIA EM ENSINO MEDIO DEOLINDA AMARAL,Lajedo,0.0,0.8388977646827698,404.0,0.0,3.3891469693183898,-3.3891469693183898
2023-2024,26078872,ESCOLA JORNALISTA MANUEL AMARAL,Lajedo,1.4,1.0103706121444702,721.0,10.094,7.284772113561631,2.809227886438369
2023-2024,26079593,ESCOLA DE REFERENCIA EM ENSINO MEDIO REGINA PACIS - GARANHUNS,Palmeirina,0.0,0.870092511177063,224.0,0.0,1.9490072250366208,-1.9490072250366208
2023-2024,26079739,ESCOLA DE REFERENCIA EM ENSINO MEDIO NARCISO CORREIA,Paranatama,3.6,0.5470016598701477,483.0,17.388,2.642018017172813,14.745981982827189
2023-2024,26080516,ESCOLA DE REFERENCIA EM ENSINO MEDIO MONSENHOR JOAO MARQUES,Saloá,0.0,0.22003024816513062,570.0,0.0,1.2541724145412445,-1.2541724145412445
2023-2024,26081059,ESCOLA DE REFERENCIA EM ENSINO MEDIO JOAO FERNANDES DA SILVA,São João,0.4,0.5839039087295532,858.0,3.432,5.009895536899567,-1.5778955368995669
2023-2024,26081180,ESCOLA DE REFERENCIA EM ENSINO MEDIO MONSENHOR ALFREDO DAMASO,Terezinha,0.0,0.24187633395195007,236.0,0.0,0.5708281481266021,-0.5708281481266021
2023-2024,26081849,ESCOLA DE REFERENCIA EM ENSINO MEDIO PROFESSOR JOSE CONSTANTINO,Agrestina,3.7,0.5722129344940186,605.0,22.385,3.4618882536888123,18.92311174631119
2023-2024,26082020,ESCOLA DE REFERENCIA EM ENSINO MEDIO JOSE LINS DE FIGUEIREDO,Altinho,0.0,1.0406101942062378,198.0,0.0,2.060408184528351,-2.060408184528351
2023-2024,26082179,ESCOLA DE REFERENCIA EM ENSINO MEDIO PROFESSOR FRANCISCO JOAQUIM DE BARROS CORREIA,Altinho,0.0,0.27067694067955017,530.0,0.0,1.4345877856016158,-1.4345877856016158
2023-2024,26082861,ESCOLA DE REFERENCIA EM ENSINO MEDIO LEOBALDO SOARES DA SILVA,Barra de Guabiraba,0.9,0.26655563712120056,345.0,3.1050000000000004,0.9196169480681419,2.1853830519318587
2023-2024,26083159,ESCOLA DE REFERENCIA EM ENSINO MEDIO DOUTOR ALEXANDRINO DA ROCHA,Bonito,0.0,0.20127607882022858,452.0,0.0,0.9097678762674332,-0.9097678762674332
2023-2024,26083493,ESCOLA PE JOSE AUGUSTO,Bonito,0.5,1.1780472993850708,639.0,3.1950000000000003,7.527722243070603,-4.332722243070602
2023-2024,26083639,ESCOLA DE REFERENCIA EM ENSINO MEDIO QUINTINO BOCAIUVA,Camocim de São Félix,0.0,0.295032262802124,390.0,0.0,1.1506258249282837,-1.1506258249282837
2023-2024,26084040,ESCOLA DE REFERENCIA EM ENSINO MEDIO EZEQUIEL BERTINO,Cupira,1.3,0.34684720635414124,404.0,5.252000000000001,1.4012627136707305,3.85073728632927
2023-2024,26084201,ESCOLA DE REFERENCIA EM ENSINO MEDIO PROFESSORA MARIA DE LOURDES TEMPORAL,Cupira,0.0,0.45167210698127747,405.0,0.0,1.8292720332741739,-1.8292720332741739
2023-2024,26084317,ESCOLA DE REFERENCIA EM ENSINO MEDIO MANOEL MOREIRA DA COSTA,Ibirajuba,0.0,0.30149978399276733,207.0,0.0,0.6241045528650283,-0.6241045528650283
2023-2024,26084791,ESCOLA DE REFERENCIA EM ENSINO MEDIO PROFESSOR MANOEL EDMUNDO,Lagoa dos Gatos,0.5,0.20736706256866455,409.0,2.045,0.848131285905838,1.1968687140941618
2023-2024,26086077,ESCOLA DE REFERENCIA EM ENSINO MEDIO JOAO PESSOA SOUTO MAIOR,Sairé,0.0,0.7273222804069519,255.0,0.0,1.8546718150377273,-1.8546718150377273
2023-2024,26086638,ESCOLA DE REFERENCIA EM ENSINO MEDIO FREI EPIFANIO,São Joaquim do Monte,0.2,0.5918073058128357,595.0,1.19,3.521253469586372,-2.3312534695863723
2023-2024,26086905,ESCOLA DE REFERENCIA EM ENSINO MEDIO JOAQUINA LIRA,Aliança,0.0,0.24869105219841003,587.0,0.0,1.4598164764046668,-1.4598164764046668
2023-2024,26087022,ESCOLA CEL LUIZ IGNACIO PESSOA DE MELO,Aliança,0.0,1.1764371395111084,149.0,0.0,1.7528913378715514,-1.7528913378715514
2023-2024,26087030,ESCOLA DOM BOSCO,Aliança,0.0,0.7420443892478943,475.0,0.0,3.524710848927498,-3.524710848927498
2023-2024,26087375,ESCOLA DE REFERENCIA EM ENSINO MEDIO JAIME COELHO,Buenos Aires,0.0,0.2795318067073822,436.0,0.0,1.2187586772441863,-1.2187586772441863
2023-2024,26087715,ESCOLA DE REFERENCIA EM ENSINO MEDIO PEDRO TAVARES,Camutanga,0.0,0.21386700868606567,292.0,0.0,0.6244916653633118,-0.6244916653633118
2023-2024,26087880,ESCOLA DE REFERENCIA EM ENSINO FUNDAMENTAL E MEDIO DEPUTADO JOAO TEOBALDO DE AZEVEDO,Carpina,0.0,0.6418944597244263,96.0,0.0,0.6162186813354492,-0.6162186813354492
2023-2024,26087910,ESCOLA DE REFERENCIA EM ENSINO MEDIO JOAO CAVALCANTI PETRIBU,Carpina,0.0,0.21637411415576935,618.0,0.0,1.3371920254826546,-1.3371920254826546
2023-2024,26087928,ESCOLA DE REFERENCIA EM ENSINO MEDIO JOSE DE LIMA JUNIOR,Carpina,0.3,0.21171410381793976,408.0,1.224,0.8637935435771942,0.3602064564228058
2023-2024,26088134,ESCOLA SAO JOSE,Carpina,0.0,0.6882153153419495,258.0,0.0,1.7755955135822294,-1.7755955135822294
2023-2024,26088258,ESCOLA ALUISIO GERMANO,Carpina,0.0,0.3175375759601593,349.0,0.0,1.108206140100956,-1.108206140100956
2023-2024,26088282,ESCOLA DE REFERENCIA EM ENSINO MEDIO JOAQUIM OLAVO,Carpina,0.0,0.22090768814086914,543.0,0.0,1.1995287466049196,-1.1995287466049196
2023-2024,26088410,ESCOLA DE REFERENCIA EM ENSINO MEDIO ANTONIO CORREIA DE OLIVEIRA ANDRADE,Condado,0.0,0.22090768814086914,417.0,0.0,0.9211850595474244,-0.9211850595474244
2023-2024,26088533,ESCOLA JULIO CORREIA DE OLIVEIRA,Condado,0.4,0.301008015871048,503.0,2.012,1.5140703198313712,0.4979296801686288
2023-2024,26088606,ESCOLA DE REFERENCIA EM ENSINO MEDIO EMILIANO PEREIRA BORGES,Ferreiros,0.0,0.26314735412597656,290.0,0.0,0.763127326965332,-0.763127326965332
2023-2024,26088851,ESCOLA DE REFERENCIA EM ENSINO MEDIO AUGUSTO GONDIM,Goiana,0.0,0.27807945013046265,573.0,0.0,1.593395249247551,-1.593395249247551
2023-2024,26088886,ESCOLA DE REFERENCIA EM ENSINO MEDIO DOUTOR JOAO ALFREDO,Goiana,0.0,0.32602977752685547,522.0,0.0,1.7018754386901855,-1.7018754386901855
2023-2024,26088894,ESCOLA DE REFERENCIA EM ENSINO MEDIO BENIGNO PESSOA DE ARAUJO,Goiana,0.0,0.3909571170806885,513.0,0.0,2.005610010623932,-2.005610010623932
2023-2024,26089238,ESCOLA CEL JOSE PINTO DE ABREU,Goiana,0.0,0.24212312698364258,178.0,0.0,0.43097916603088376,-0.43097916603088376
2023-2024,26089424,ESCOLA DE REFERENCIA EM ENSINO MEDIO FREI CAMPO MAYOR,Goiana,0.0,0.2945144474506378,449.0,0.0,1.3223698690533636,-1.3223698690533636
2023-2024,26089505,ESCOLA DE REFERENCIA EM ENSINO MEDIO FREI ORLANDO,Itambé,2.8,0.3676733672618866,547.0,15.315999999999999,2.01117331892252,13.30482668107748
2023-2024,26089530,ESCOLA ARRUDA CAMARA,Itambé,0.0,0.42292216420173645,604.0,0.0,2.554449871778488,-2.554449871778488
2023-2024,26089947,ESCOLA SEVERINO GOUVEIA DE LIMA,Itaquitinga,4.7,2.0206265449523926,358.0,16.826,7.233843030929566,9.592156969070434
2023-2024,26090058,ESCOLA DE REFERENCIA EM ENSINO MEDIO DOUTOR FRANCISCO SIQUEIRA C DA CUNHA,Lagoa do Carro,0.0,0.39411547780036926,464.0,0.0,1.8286958169937133,-1.8286958169937133
2023-2024,26090309,ESCOLA DE REFERENCIA EM ENSINO MEDIO TRISTAO FERREIRA BESSA,Lagoa de Itaenga,0.0,0.3664221167564392,742.0,0.0,2.718852106332779,-2.718852106332779
2023-2024,26090406,ESCOLA DE REFERENCIA EM ENSINO MEDIO CREUSA DE FREITAS CAVALCANTI,Macaparana,0.4,0.3410370647907257,461.0,1.844,1.5721808686852456,0.27181913131475444
2023-2024,26090759,ESCOLA DE REFERENCIA EM ENSINO FUNDAMENTAL BRIGADEIRO EDUARDO GOMES,Macaparana,0.0,0.6333308219909668,34.0,0.0,0.2153324794769287,-0.2153324794769287
2023-2024,26090767,ESCOLA DE REFERENCIA EM ENSINO FUNDAMENTAL ANTONIO COUTINHO,Macaparana,0.0,1.2481657266616821,36.0,0.0,0.44933966159820554,-0.44933966159820554
2023-2024,26090864,ESCOLA DOM CARLOS COELHO - NAZARE,Nazaré da Mata,0.3,0.6522857546806335,357.0,1.071,2.3286601442098616,-1.2576601442098616
2023-2024,26090902,ESCOLA DE REFERENCIA EM ENSINO MEDIO DON VIEIRA,Nazaré da Mata,0.8,0.23345458507537842,491.0,3.928,1.146262012720108,2.781737987279892
2023-2024,26090910,ESCOLA DE REFERENCIA EM ENSINO MEDIO MACIEL MONTEIRO,Nazaré da Mata,0.0,0.29105743765830994,294.0,0.0,0.8557088667154312,-0.8557088667154312
2023-2024,26090970,ESCOLA DE APLICACAO PROFESSOR CHAVES,Nazaré da Mata,0.0,0.29070553183555603,322.0,0.0,0.9360718125104904,-0.9360718125104904
2023-2024,26091259,ESCOLA DE REFERENCIA EM ENSINO MEDIO CONFEDERACAO DO EQUADOR,Paudalho,0.0,0.6909999847412109,477.0,0.0,3.296069927215576,-3.296069927215576
2023-2024,26091267,ESCOLA DE REFERENCIA EM ENSINO MEDIO HERCULANO BANDEIRA,Paudalho,0.0,0.2704414129257202,354.0,0.0,0.9573626017570496,-0.9573626017570496
2023-2024,26091291,ESCOLA DE REFERENCIA EM ENSINO MEDIO MONSENHOR LANDELINO BARRETO LINS,Paudalho,0.0,0.5890353322029114,180.0,0.0,1.0602635979652404,-1.0602635979652404
2023-2024,26091542,ESCOLA JOAO CAVALCANTI PETRIBU,Paudalho,0.0,0.7355289459228516,334.0,0.0,2.4566666793823244,-2.4566666793823244
2023-2024,26091720,ESCOLA DE REFERENCIA EM ENSINO MEDIO JORNALISTA JADER DE ANDRADE,Timbaúba,0.0,0.26655563712120056,508.0,0.0,1.3541026365756987,-1.3541026365756987
2023-2024,26091828,ESCOLA DE REFERENCIA EM ENSINO MEDIO PROFESSOR JOSE MENDES DA SILVA,Timbaúba,9.4,1.863330602645874,433.0,40.702,8.068221509456635,32.633778490543364
2023-2024,26091836,ESCOLA PROFESSORA ELISABETH LYRA,Timbaúba,0.8,1.2455215454101562,128.0,1.024,1.594267578125,-0.570267578125
2023-2024,26092301,ESCOLA DE REFERENCIA EM ENSINO MEDIO DOUTOR WALFREDO LUIZ PESSOA DE MELO,Tracunhaém,0.0,0.22524231672286987,344.0,0.0,0.7748335695266724,-0.7748335695266724
2023-2024,26092492,ESCOLA DE REFERENCIA EM ENSINO MEDIO DOUTOR JOAQUIM CORREIA,Vicência,0.0,0.27067694067955017,590.0,0.0,1.596993950009346,-1.596993950009346
2023-2024,26092786,ESCOLA DE REFERENCIA EM ENSINO MEDIO PADRE GUEDES,Vicência,0.0,0.3094800114631653,480.0,0.0,1.4855040550231933,-1.4855040550231933
2023-2024,26093030,ESCOLA DE REFERENCIA EM ENSINO MEDIO PRESIDENTE COSTA E SILVA,Chã de Alegria,0.0,0.2378639578819275,438.0,0.0,1.0418441355228423,-1.0418441355228423
2023-2024,26093219,ESCOLA DE REFERENCIA EM ENSINO MEDIO JOAO BATISTA DE VASCONCELOS - CHA GRANDE,Chã Grande,1.1,1.163416862487793,456.0,5.016000000000001,5.305180892944335,-0.28918089294433447
2023-2024,26093570,ESCOLA DE REFERENCIA EM ENSINO MEDIO PROFESSOR BARROS GUIMARAES,Glória do Goitá,0.0,0.16465626657009125,380.0,0.0,0.6256938129663467,-0.6256938129663467
2023-2024,26093600,ESCOLA PAROQUIAL DE MENORES,Glória do Goitá,3.0,0.29830202460289,562.0,16.86,1.676457378268242,15.183542621731757
2023-2024,26093995,ESCOLA DE REFERENCIA EM ENSINO MEDIO CAPITAO MANOEL GOMES D ASSUNCAO,Pombos,0.1,0.292031854391098,674.0,0.674,1.9682946985960008,-1.2942946985960009
2023-2024,26094800,ESCOLA DE REFERENCIA EM ENSINO MEDIO ANTONIO DIAS CARDOSO,Vitória de Santo Antão,0.0,1.1963547468185425,513.0,0.0,6.137299851179122,-6.137299851179122
2023-2024,26094860,ESCOLA DE REFERENCIA EM ENSINO MEDIO GUIOMAR KRAUSE GONCALVES,Vitória de Santo Antão,0.8,0.9257985949516296,285.0,2.2800000000000002,2.6385259956121447,-0.3585259956121445
2023-2024,26094878,ESCOLA MADRE LUCILA MAGALHAES,Vitória de Santo Antão,0.9,0.680307149887085,572.0,5.148000000000001,3.891356897354126,1.2566431026458744
2023-2024,26095289,ESCOLA TECNICA ESTADUAL JOSE JOAQUIM DA SILVA FILHO,Vitória de Santo Antão,0.0,0.23027369379997253,458.0,0.0,1.0546535176038743,-1.0546535176038743
2023-2024,26095297,ESCOLA DE REFERENCIA EM ENSINO MEDIO PROFESSORA AMELIA COELHO,Vitória de Santo Antão,2.3,0.3227957487106323,479.0,11.017,1.5461916363239288,9.47080836367607
2023-2024,26095335,ESCOLA DE REFERENCIA EM ENSINO MEDIO SENADOR JOAO CLEOFAS DE OLIVEIRA,Vitória de Santo Antão,0.0,0.48835813999176025,551.0,0.0,2.690853351354599,-2.690853351354599
2023-2024,26095530,ESCOLA DE REFERENCIA EM ENSINO MEDIO PROFESSORA EUDOXIA DE ALCANTARA FERREIRA,Vitória de Santo Antão,7.4,0.16303619742393494,336.0,24.864000000000004,0.5478016233444214,24.31619837665558
2023-2024,26095572,ESCOLA OLIVIA CARNEIRO DE CARVALHO,Vitória de Santo Antão,6.0,1.1175059080123901,211.0,12.66,2.357937465906143,10.302062534093857
2023-2024,26096030,ESCOLA DE REFERENCIA EM ENSINO MEDIO JOAO VICENTE DE QUEIROZ,Água Preta,0.0,0.24944967031478882,579.0,0.0,1.4443135911226272,-1.4443135911226272
2023-2024,26096072,ESCOLA MIRANDOLINA PESSOA DE QUEIROZ,Xexéu,0.0,0.36427539587020874,147.0,0.0,0.5354848319292068,-0.5354848319292068
2023-2024,26096358,ESCOLA DE REFERENCIA EM ENSINO MEDIO JOAO VICENTE DE QUEIROZ - USINA,Água Preta,0.0,0.4546017050743103,176.0,0.0,0.8000990009307861,-0.8000990009307861
2023-2024,26097117,ESCOLA DE REFERENCIA EM ENSINO MEDIO ANTONIO ALVES DE ARAUJO,Amaraji,0.0,0.2135283648967743,410.0,0.0,0.8754662960767745,-0.8754662960767745
2023-2024,26097249,ESCOLA DE REFERENCIA EM ENSINO MEDIO DOM LUIZ DE BRITO,Amaraji,0.0,0.4520108699798584,244.0,0.0,1.1029065227508545,-1.1029065227508545
2023-2024,26097257,ESCOLA DE REFERENCIA EM ENSINO MEDIO DOUTOR ANTHENOR GUIMARAES,Barreiros,0.0,0.3014114201068878,503.0,0.0,1.5160994431376458,-1.5160994431376458
2023-2024,26097354,ESCOLA DE REFERENCIA EM ENSINO FUNDAMENTAL E MEDIO CRISTIANO BARBOSA E SILVA,Barreiros,0.0,0.7181586027145386,198.0,0.0,1.4219540333747864,-1.4219540333747864
2023-2024,26097370,ESCOLA HELIO SANTIAGO RAMOS,Barreiros,0.0,0.5491465330123901,299.0,0.0,1.6419481337070465,-1.6419481337070465
2023-2024,26097591,ESCOLA DE REFERENCIA EM ENSINO MEDIO PROFESSOR JOAQUIM AUGUSTO DE NORONHA FILHO,Barreiros,0.0,0.8200872540473938,349.0,0.0,2.862104516625404,-2.862104516625404
2023-2024,26097710,ESCOLA TECNICA ESTADUAL CENTRAL DE BARREIROS,Barreiros,0.0,0.41995111107826233,272.0,0.0,1.1422670221328735,-1.1422670221328735
2023-2024,26097982,ESCOLA DE REFERENCIA EM ENSINO MEDIO PRESIDENTE TANCREDO NEVES,Belém de Maria,0.0,0.30988389253616333,394.0,0.0,1.2209425365924835,-1.2209425365924835
2023-2024,26098210,ESCOLA DE REFERENCIA EM ENSINO MEDIO ATHAYDE ACCIOLY LINS,Catende,0.0,2.7491707801818848,251.0,0.0,6.900418658256531,-6.900418658256531
2023-2024,26098270,ESCOLA DE REFERENCIA EM ENSINO MEDIO COSTA AZEVEDO - CATENDE,Catende,0.0,0.46827614307403564,189.0,0.0,0.8850419104099273,-0.8850419104099273
2023-2024,26098415,ESCOLA DE REFERENCIA EM ENSINO FUNDAMENTAL E MEDIO SOFIA FEIJO SAMPAIO,Catende,0.0,0.2032996416091919,215.0,0.0,0.4370942294597625,-0.4370942294597625
2023-2024,26098482,ESCOLA DE REFERENCIA EM ENSINO MEDIO MENDO SAMPAIO,Catende,0.0,0.17305508255958557,452.0,0.0,0.7822089731693268,-0.7822089731693268
2023-2024,26098504,ESCOLA DE REFERENCIA EM ENSINO FUNDAMENTAL E MEDIO TOBIAS BARRETO,Catende,0.0,0.15737345814704895,49.0,0.0,0.07711299449205399,-0.07711299449205399
2023-2024,26098822,ESCOLA DE REFERENCIA EM ENSINO MEDIO PROFESSORA ABIGAIL GUERRA,Cortês,0.0,0.2483457773923874,407.0,0.0,1.0107673139870166,-1.0107673139870166
2023-2024,26098920,ESCOLA TECNICA ESTADUAL LUIZ DIAS LINS,Escada,0.0,0.20736706256866455,330.0,0.0,0.684311306476593,-0.684311306476593
2023-2024,26099322,ESCOLA DE REFERENCIA EM ENSINO MEDIO PROFESSOR ERALDO CAMPOS,Escada,1.0,0.3307524621486664,298.0,2.98,0.9856423372030259,1.9943576627969741
2023-2024,26099365,ESCOLA DOUTOR FERNANDO CAMPELO,Escada,0.0,0.8444277048110962,509.0,0.0,4.29813701748848,-4.29813701748848
2023-2024,26099489,ESCOLA DE REFERENCIA EM ENSINO MEDIO MONSENHOR JOAO RODRIGUES DE CARVALHO,Escada,0.0,0.23876607418060303,542.0,0.0,1.2941121220588685,-1.2941121220588685
2023-2024,26099497,ESCOLA DE REFERENCIA EM ENSINO MEDIO VIGARIO PEDROSA,Escada,0.0,0.24572473764419556,346.0,0.0,0.8502075922489165,-0.8502075922489165
2023-2024,26099853,ESCOLA DE REFERENCIA EM ENSINO MEDIO DOUTOR JAIME MONTEIRO,Gameleira,0.0,0.5927333235740662,269.0,0.0,1.5944526404142378,-1.5944526404142378
2023-2024,26100525,ESCOLA DE REFERENCIA EM ENSINO MEDIO GOVERNADOR EDUARDO CAMPOS,Joaquim Nabuco,0.0,0.22217220067977905,404.0,0.0,0.8975756907463073,-0.8975756907463073
2023-2024,26100614,ESCOLA DE REFERENCIA EM ENSINO MEDIO FABIO DA SILVEIRA BARROS,Maraial,0.7,2.1986632347106934,291.0,2.037,6.398110013008117,-4.361110013008117
2023-2024,26100940,ESCOLA DE REFERENCIA EM ENSINO MEDIO MIGUEL PELLEGRINO,Jaqueira,1.6,0.20864346623420715,385.0,6.16,0.8032773450016976,5.356722654998302
2023-2024,26101084,ESCOLA DE REFERENCIA EM ENSINO MEDIO MONSENHOR ABILIO AMERICO GALVAO,Palmares,0.0,0.20770472288131714,294.0,0.0,0.6106518852710724,-0.6106518852710724
2023-2024,26101203,ESCOLA DE REFERENCIA EM ENSINO MEDIO DOUTOR PEDRO AFONSO DE MEDEIROS,Palmares,0.0,0.20074597001075745,278.0,0.0,0.5580737966299056,-0.5580737966299056
2023-2024,26101599,ESCOLA PROFESSOR ELISEU PEREIRA DE MELO,Palmares,0.0,4.1632819175720215,58.0,0.0,2.414703512191773,-2.414703512191773
2023-2024,26101602,ESCOLA DE REFERENCIA EM ENSINO MEDIO DA FRATERNIDADE PALMARENSE,Palmares,0.0,0.7046995759010315,102.0,0.0,0.7187935674190521,-0.7187935674190521
2023-2024,26101610,ESCOLA MAQUINISTA AMARO MONTEIRO,Palmares,1.2,0.39933523535728455,263.0,3.156,1.0502516689896584,2.105748331010342
2023-2024,26101653,ESCOLA TECNICA ESTADUAL DE PALMARES,Palmares,0.0,0.20736706256866455,408.0,0.0,0.8460576152801513,-0.8460576152801513
2023-2024,26102153,ESCOLA DE REFERENCIA EM ENSINO MEDIO ELISA MARQUES DE ASSIS,Primavera,0.0,0.744924783706665,334.0,0.0,2.488048777580261,-2.488048777580261
2023-2024,26102250,ESCOLA DE REFERENCIA EM ENSINO MEDIO DOUTOR FERNANDO PESSOA DE MELLO,Quipapá,0.0,0.25942862033843994,670.0,0.0,1.7381717562675476,-1.7381717562675476
2023-2024,26102552,ESCOLA DE REFERENCIA EM ENSINO MEDIO JOAO LOPES DE SIQUEIRA SANTOS,Ribeirão,0.0,0.24869105219841003,444.0,0.0,1.1041882717609406,-1.1041882717609406
2023-2024,26102633,ESCOLA DE REFERENCIA EM ENSINO MEDIO PADRE AMERICO NOVAIS,Ribeirão,0.0,0.8593971729278564,365.0,0.0,3.1367996811866763,-3.1367996811866763
2023-2024,26103052,ESCOLA DE REFERENCIA EM ENSINO FUNDAMENTAL E MEDIO JOAQUIM NABUCO,Ribeirão,0.0,0.5389176607131958,157.0,0.0,0.8461007273197174,-0.8461007273197174
2023-2024,26103370,ESCOLA DE REFERENCIA EM ENSINO MEDIO JOAQUIM SILVERIO PIMENTEL,Rio Formoso,1.4,0.8728596568107605,224.0,3.1359999999999997,1.9552056312561032,1.1807943687438964
2023-2024,26103745,ESCOLA DE REFERENCIA EM ENSINO MEDIO WILSON DE ANDRADE BARRETO,Rio Formoso,0.0,0.3254398703575134,376.0,0.0,1.2236539125442505,-1.2236539125442505
2023-2024,26103834,ESCOLA DE REFERENCIA EM ENSINO MEDIO TAMANDARE,Tamandaré,0.3,0.2351154237985611,904.0,2.712,2.1254434311389923,0.5865565688610079
2023-2024,26104083,ESCOLA DE REFERENCIA EM ENSINO MEDIO ELOY MALTA DE ALENCAR,São Benedito do Sul,0.0,0.9235512614250183,292.0,0.0,2.6967696833610537,-2.6967696833610537
2023-2024,26104229,ESCOLA DE REFERENCIA EM ENSINO MEDIO PROFESSOR CARLOS JOSE DIAS DA SILVA,São José da Coroa Grande,0.0,0.17793075740337372,478.0,0.0,0.8505090203881264,-0.8505090203881264
2023-2024,26104245,ESCOLA DE REFERENCIA EM ENSINO MEDIO SAO FRANCISCO DE ASSIS,São José da Coroa Grande,0.0,2.9562132358551025,155.0,0.0,4.582130515575409,-4.582130515575409
2023-2024,26104601,ESCOLA DE REFERENCIA EM ENSINO MEDIO BARRA DO SIRINHAEM,Sirinhaém,0.4,1.9814690351486206,286.0,1.1440000000000001,5.6670014405250555,-4.523001440525055
2023-2024,26104920,ESCOLA DE REFERENCIA EM ENSINO MEDIO DOUTOR EURICO CHAVES,Sirinhaém,0.0,0.3036898076534271,592.0,0.0,1.7978436613082887,-1.7978436613082887
2023-2024,26105101,ESCOLA DE REFERENCIA EM ENSINO MEDIO JOAO PEREIRA SOBRINHO,Xexéu,0.0,0.16767773032188416,339.0,0.0,0.5684275057911873,-0.5684275057911873
2023-2024,26105195,ESCOLA DE REFERENCIA EM ENSINO MEDIO BRASILINO JOSE DE CARVALHO,Igarassu,0.0,0.18945345282554626,324.0,0.0,0.6138291871547699,-0.6138291871547699
2023-2024,26105250,ESCOLA DE REFERENCIA EM ENSINO MEDIO EURICO PFISTERER,Igarassu,0.0,0.1839049756526947,406.0,0.0,0.7466542011499404,-0.7466542011499404
2023-2024,26105314,ESCOLA DE REFERENCIA EM ENSINO MEDIO JOAO PESSOA GUERRA,Igarassu,0.0,0.28768494725227356,1028.0,0.0,2.9574012577533724,-2.9574012577533724
2023-2024,26105519,ESCOLA DE REFERENCIA EM ENSINO MEDIO SANTOS COSME E DAMIAO,Igarassu,0.0,0.30890482664108276,929.0,0.0,2.8697258394956586,-2.8697258394956586
2023-2024,26105837,ESCOLA DE REFERENCIA EM ENSINO MEDIO MARIA GAYAO PESSOA GUERRA,Araçoiaba,0.0,0.2685965895652771,814.0,0.0,2.1863762390613557,-2.1863762390613557
2023-2024,26105888,ESCOLA DE REFERENCIA EM ENSINO FUNDAMENTAL E MEDIO NOVA CRUZ,Igarassu,0.0,0.15730613470077515,173.0,0.0,0.272139613032341,-0.272139613032341
2023-2024,26106060,ESCOLA DE REFERENCIA EM ENSINO MEDIO ALBERTO AUGUSTO DE MORAIS PRADINES,Ilha de Itamaracá,0.0,0.28583240509033203,416.0,0.0,1.1890628051757812,-1.1890628051757812
2023-2024,26106159,ESCOLA SENADOR PAULO PESSOA GUERRA,Ilha de Itamaracá,0.0,0.6063165068626404,146.0,0.0,0.8852221000194549,-0.8852221000194549
2023-2024,26106337,ESCOLA DE REFERENCIA EM ENSINO FUNDAMENTAL E MEDIO PROFESSORA GERCINA FERNANDES RODRIGUES,Itapissuma,0.0,0.8029649257659912,315.0,0.0,2.5293395161628722,-2.5293395161628722
2023-2024,26106353,ESCOLA DE REFERENCIA EM ENSINO MEDIO SENADOR JOSE ERMIRIO DE MORAES,Itapissuma,0.0,0.26957470178604126,181.0,0.0,0.48793021023273464,-0.48793021023273464
2023-2024,26106388,ESCOLA DE REFERENCIA EM ENSINO MEDIO EURIDICE CADAVAL,Itapissuma,0.0,0.23876607418060303,464.0,0.0,1.1078745841979982,-1.1078745841979982
2023-2024,26106582,ESCOLA GENERAL ABREU E LIMA,Abreu e Lima,0.0,0.8715147972106934,202.0,0.0,1.7604598903656008,-1.7604598903656008
2023-2024,26106612,ESCOLA MARECHAL COSTA E SILVA,Abreu e Lima,0.0,0.49407631158828735,131.0,0.0,0.6472399681806564,-0.6472399681806564
2023-2024,26106698,ESCOLA ORFANATO ESTRELA DE BETHEL,Abreu e Lima,0.0,0.3568064868450165,238.0,0.0,0.8491994386911392,-0.8491994386911392
2023-2024,26106701,ESCOLA DE REFERENCIA EM ENSINO FUNDAMENTAL E MEDIO PASTOR AMARO DE SENA,Abreu e Lima,0.0,0.210176020860672,96.0,0.0,0.2017689800262451,-0.2017689800262451
2023-2024,26106728,ESCOLA DE REFERENCIA EM ENSINO FUNDAMENTAL E ENSINO MEDIO POLIVALENTE DE ABREU E LIMA,Abreu e Lima,0.0,0.4873625636100769,139.0,0.0,0.6774339634180069,-0.6774339634180069
2023-2024,26106957,ESCOLA DE REFERENCIA EM ENSINO MEDIO LUIZ RODOLFO DE ARAUJO JUNIOR,Abreu e Lima,0.0,0.20381608605384827,481.0,0.0,0.9803553739190102,-0.9803553739190102
2023-2024,26107074,ESCOLA DE REFERENCIA EM ENSINO FUNDAMENTAL E MEDIO PROFESSORA AZINETE RAMOS CARNEIRO,Abreu e Lima,0.0,0.25243598222732544,50.0,0.0,0.12621799111366272,-0.12621799111366272
2023-2024,26107082,ESCOLA PROFESSORA ISAURA DE FRANCA,Abreu e Lima,0.0,0.5109608173370361,141.0,0.0,0.720454752445221,-0.720454752445221
2023-2024,26107546,ESCOLA DE REFERENCIA EM ENSINO FUNDAMENTAL E MEDIO ANTONIO CORREIA DE ARAUJO,Camaragibe,0.0,0.540459156036377,148.0,0.0,0.7998795509338379,-0.7998795509338379
2023-2024,26107562,ESCOLA DE REFERENCIA EM ENSINO FUNDAMENTAL E MEDIO CONSELHEIRO SAMUEL MAC DOWELL,Camaragibe,0.0,0.4667793810367584,286.0,0.0,1.3349890297651292,-1.3349890297651292
2023-2024,26107597,ESCOLA DE REFERENCIA EM ENSINO FUNDAMENTAL E ENSINO MEDIO FRANCISCO DE PAULA CORREA DE ARAUJO,Camaragibe,0.0,0.24456030130386353,358.0,0.0,0.8755258786678315,-0.8755258786678315
2023-2024,26107600,ESCOLA DE REFERENCIA EM ENSINO MEDIO FREI CANECA,Camaragibe,0.0,1.5039927959442139,926.0,0.0,13.92697329044342,-13.92697329044342
2023-2024,26107651,ESCOLA DE REFERENCIA EM ENSINO FUNDAMENTAL E MEDIO MARIA DA CONCEICAO DO REGO BARROS LACERDA,Recife,0.0,0.3115289509296417,374.0,0.0,1.1651182764768602,-1.1651182764768602
2023-2024,26107678,ESCOLA MINISTRO JARBAS PASSARINHO,Camaragibe,1.3,1.243181824684143,694.0,9.022,8.627681863307952,0.39431813669204807
2023-2024,26107937,ESCOLA DE REFERENCIA EM ENSINO MEDIO PROFESSOR ANTONIO CARNEIRO LEAO,Camaragibe,0.0,0.21171410381793976,308.0,0.0,0.6520794397592544,-0.6520794397592544
2023-2024,26107945,ESCOLA DE REFERENCIA EM ENSINO MEDIO PROFESSOR CARLOS FREDERICO DO REGO MACIEL,Camaragibe,0.0,0.22003024816513062,450.0,0.0,0.9901361167430877,-0.9901361167430877
2023-2024,26107961,ESCOLA PROFESSOR NELSON CHAVES,Camaragibe,0.0,0.27644082903862,305.0,0.0,0.843144528567791,-0.843144528567791
2023-2024,26107996,ESCOLA VALE DAS PEDREIRAS,Camaragibe,0.0,0.3413828909397125,145.0,0.0,0.4950051918625831,-0.4950051918625831
2023-2024,26108038,ESCOLA DE REFERENCIA EM ENSINO MEDIO TITO PEREIRA DE OLIVEIRA,Camaragibe,0.0,0.2983550727367401,429.0,0.0,1.2799432620406153,-1.2799432620406153
2023-2024,26108046,ESCOLA MAJOR LELIO,Camaragibe,0.5,2.191053867340088,219.0,1.095,4.798407969474793,-3.7034079694747932
2023-2024,26108801,ESCOLA DE REFERENCIA EM ENSINO MEDIO FREI ROMEU PEREA,Jaboatão dos Guararapes,0.0,0.3853355348110199,176.0,0.0,0.678190541267395,-0.678190541267395
2023-2024,26108925,ESCOLA DE REFERENCIA EM ENSINO MEDIO NESTOR GOMES DE MOURA,Jaboatão dos Guararapes,2.8,0.839214026927948,494.0,13.831999999999999,4.145717293024063,9.686282706975936
2023-2024,26108984,ESCOLA DE REFERENCIA EM ENSINO MEDIO POETA MAURO MOTA,Jaboatão dos Guararapes,0.8,0.393317312002182,395.0,3.16,1.553603382408619,1.606396617591381
2023-2024,26109042,ESCOLA DE REFERENCIA EM ENSINO MEDIO RODOLFO AURELIANO,Jaboatão dos Guararapes,0.0,0.26313677430152893,513.0,0.0,1.3498916521668434,-1.3498916521668434
2023-2024,26109107,ESCOLA DE REFERENCIA EM ENSINO MEDIO SIMON BOLIVAR,Jaboatão dos Guararapes,0.0,0.3905147612094879,346.0,0.0,1.3511810737848282,-1.3511810737848282
2023-2024,26109115,ESCOLA SOUZA BRANDAO,Jaboatão dos Guararapes,3.8,1.3799805641174316,556.0,21.128,7.67269193649292,13.45530806350708
2023-2024,26109360,ESCOLA DE REFERENCIA EM ENSINO MEDIO BERNARDO VIEIRA,Jaboatão dos Guararapes,0.0,2.678671360015869,665.0,0.0,17.81316454410553,-17.81316454410553
2023-2024,26109441,ESCOLA DE REFERENCIA EM ENSINO MEDIO DESPORTISTA RUBEM RODRIGUES MOREIRA,Jaboatão dos Guararapes,0.0,0.240693598985672,427.0,0.0,1.0277616676688193,-1.0277616676688193
2023-2024,26109468,ESCOLA DE REFERENCIA EM ENSINO MEDIO VILA RICA,Jaboatão dos Guararapes,0.0,0.18806815147399902,307.0,0.0,0.577369225025177,-0.577369225025177
2023-2024,26109506,ESCOLA HENRIQUETA DE OLIVEIRA,Jaboatão dos Guararapes,0.0,0.2983328402042389,383.0,0.0,1.1426147779822349,-1.1426147779822349
2023-2024,26110016,ESCOLA DE REFERENCIA EM ENSINO MEDIO FREI JABOATAO,Jaboatão dos Guararapes,0.7,0.23609194159507751,154.0,1.0779999999999998,0.3635815900564194,0.7144184099435804
2023-2024,26110148,ESCOLA ALFREDO TENORIO,Jaboatão dos Guararapes,0.0,0.6269515752792358,103.0,0.0,0.645760122537613,-0.645760122537613
2023-2024,26110199,ESCOLA DE REFERENCIA EM ENSINO MEDIO MURILO BRAGA,Jaboatão dos Guararapes,0.0,0.1834266185760498,357.0,0.0,0.6548330283164978,-0.6548330283164978
2023-2024,26110229,ESCOLA DE REFERENCIA EM ENSINO FUNDAMENTAL E MEDIO ODETE ANTUNES,Jaboatão dos Guararapes,0.5,0.8314859867095947,217.0,1.085,1.8043245911598207,-0.7193245911598207
2023-2024,26110237,ESCOLA DE REFERENCIA EM ENSINO MEDIO SENADOR PETRONIO PORTELA,Jaboatão dos Guararapes,0.3,0.18121585249900818,431.0,1.293,0.7810403242707252,0.5119596757292747
2023-2024,26110245,ESCOLA DE REFERENCIA EM ENSINO MEDIO SENADOR ADERBAL JUREMA,Jaboatão dos Guararapes,0.0,1.9956039190292358,370.0,0.0,7.383734500408173,-7.383734500408173
2023-2024,26110270,ESCOLA DE REFERENCIA EM ENSINO MEDIO PROFESSOR MOACYR DE ALBUQUERQUE,Jaboatão dos Guararapes,0.0,0.2510652542114258,496.0,0.0,1.245283660888672,-1.245283660888672
2023-2024,26110849,ESCOLA ALTO DOS GUARARAPES,Jaboatão dos Guararapes,0.0,0.1718112826347351,689.0,0.0,1.183779737353325,-1.183779737353325
2023-2024,26110857,ESCOLA ALZIRA DA FONSECA BREUEL,Jaboatão dos Guararapes,0.0,1.0246026515960693,1031.0,0.0,10.563653337955474,-10.563653337955474
2023-2024,26110881,ESCOLA DE REFERENCIA EM ENSINO MEDIO AUGUSTO SEVERO,Jaboatão dos Guararapes,0.7,0.15266460180282593,569.0,3.9829999999999997,0.8686615842580795,3.11433841574192
2023-2024,26110970,ESCOLA DE REFERENCIA EM ENSINO MEDIO EDMUR ARLINDO DE OLIVEIRA,Jaboatão dos Guararapes,0.0,0.7308475971221924,380.0,0.0,2.777220869064331,-2.777220869064331
2023-2024,26110997,ESCOLA DE REFERENCIA EM ENSINO MEDIO EDSON MOURY FERNANDES,Jaboatão dos Guararapes,0.0,0.23067480325698853,410.0,0.0,0.9457666933536529,-0.9457666933536529
2023-2024,26111012,ESCOLA DE REFERENCIA EM ENSINO MEDIO FELIPE CAMARAO,Jaboatão dos Guararapes,0.0,0.3083306550979614,295.0,0.0,0.9095754325389862,-0.9095754325389862
2023-2024,26111020,ESCOLA DE REFERENCIA EM ENSINO MEDIO HUMBERTO LINS BARRADAS,Jaboatão dos Guararapes,0.0,0.1772473156452179,394.0,0.0,0.6983544236421585,-0.6983544236421585
2023-2024,26111071,ESCOLA JOSE GLICERIO,Jaboatão dos Guararapes,0.0,0.4811208248138428,550.0,0.0,2.646164536476135,-2.646164536476135
2023-2024,26111195,ESCOLA PEDRO BARROS FILHO,Jaboatão dos Guararapes,0.0,0.16381806135177612,675.0,0.0,1.1057719141244888,-1.1057719141244888
2023-2024,26111209,ESCOLA DE REFERENCIA EM ENSINO MEDIO PROFESSOR BENEDITO CUNHA MELO,Jaboatão dos Guararapes,0.8,0.15730613470077515,513.0,4.104,0.8069804710149765,3.2970195289850235
2023-2024,26111225,ESCOLA DE REFERENCIA EM ENSINO MEDIO PROFESSOR EPITACIO ANDRE DIAS,Jaboatão dos Guararapes,0.0,0.16303619742393494,695.0,0.0,1.1331015720963478,-1.1331015720963478
2023-2024,26111241,ESCOLA DE REFERENCIA EM ENSINO MEDIO DESEMBARGADOR JOSE NEVES FILHO,Jaboatão dos Guararapes,0.0,0.21570152044296265,257.0,0.0,0.554352907538414,-0.554352907538414
2023-2024,26111268,ESCOLA JOAO PAULO I,Jaboatão dos Guararapes,0.1,0.20128847658634186,614.0,0.614,1.2359112462401391,-0.6219112462401392
2023-2024,26111284,ESCOLA VILA JOAO DE DEUS,Jaboatão dos Guararapes,6.9,2.6812775135040283,597.0,41.193000000000005,16.007226755619048,25.185773244380957
2023-2024,26111314,ESCOLA DE REFERENCIA EM ENSINO MEDIO SATURNINO DE BRITO,Jaboatão dos Guararapes,0.0,0.18668043613433838,347.0,0.0,0.6477811133861542,-0.6477811133861542
2023-2024,26111349,ESCOLA DE REFERENCIA EM ENSINO FUNDAMENTAL E MEDIO SUPERVISORA MIRIAM SEIXAS,Jaboatão dos Guararapes,0.0,0.2309606969356537,382.0,0.0,0.8822698622941971,-0.8822698622941971
2023-2024,26111357,ESCOLA ZEQUINHA BARRETO,Jaboatão dos Guararapes,0.4,1.59235417842865,750.0,3.0,11.942656338214874,-8.942656338214874
2023-2024,26111403,ESCOLA DE REFERENCIA EM ENSINO MEDIO ADELAIDE PESSOA CAMARA,Jaboatão dos Guararapes,0.7,0.9901109933853149,437.0,3.0589999999999997,4.326785041093826,-1.2677850410938265
2023-2024,26111411,ESCOLA AMOR DIVINO,Jaboatão dos Guararapes,0.0,0.45346733927726746,512.0,0.0,2.3217527770996096,-2.3217527770996096
2023-2024,26111853,ESCOLA ARTUR MENDONCA,Moreno,0.3,0.28457316756248474,664.0,1.992,1.8895658326148987,0.10243416738510125
2023-2024,26111870,ESCOLA DE REFERENCIA EM ENSINO MEDIO CARDEAL DOM JAIME CAMARA,Moreno,1.9,1.8374990224838257,216.0,4.104,3.968997888565063,0.1350021114349369
2023-2024,26111926,ESCOLA DE REFERENCIA EM ENSINO MEDIO MARIA DO CEU BANDEIRA,Moreno,1.0,0.24167312681674957,308.0,3.08,0.7443532305955887,2.3356467694044114
2023-2024,26112108,ESCOLA DE REFERENCIA EM ENSINO MEDIO SOFRONIO PORTELA,Moreno,0.0,0.24446344375610352,304.0,0.0,0.7431688690185547,-0.7431688690185547
2023-2024,26112701,ESCOLA DE REFERENCIA EM ENSINO MEDIO DE OLINDA,Olinda,0.0,0.3018101155757904,308.0,0.0,0.9295751559734344,-0.9295751559734344
2023-2024,26113198,ESCOLA ANTONIO SOUTO FILHO,Olinda,0.0,0.38172468543052673,169.0,0.0,0.6451147183775902,-0.6451147183775902
2023-2024,26113210,ESCOLA ARGENTINA CASTELLO BRANCO,Olinda,0.0,0.44390869140625,256.0,0.0,1.13640625,-1.13640625
2023-2024,26113236,ESCOLA DE REFERENCIA EM ENSINO MEDIO AUREA DE MOURA CAVALCANTI,Olinda,7.8,0.6404716968536377,439.0,34.242,2.8116707491874697,31.430329250812527
2023-2024,26113279,ESCOLA CEL VALERIANO EUGENIO DE MELO,Olinda,0.0,1.0475637912750244,206.0,0.0,2.1579814100265504,-2.1579814100265504
2023-2024,26113325,ESCOLA DE REFERENCIA EM ENSINO FUNDAMENTAL E MEDIO CLIDIO DE LIMA NIGRO,Olinda,0.0,0.5812702775001526,176.0,0.0,1.0230356884002685,-1.0230356884002685
2023-2024,26113333,ESCOLA CONEGO JONAS TAURINO,Olinda,0.0,0.4505726993083954,174.0,0.0,0.7839964967966079,-0.7839964967966079
2023-2024,26113392,ESCOLA DE REFERENCIA EM ENSINO MEDIO DESEMBARGADOR RENATO FONSECA,Olinda,0.0,0.3231326639652252,390.0,0.0,1.2602173894643784,-1.2602173894643784
2023-2024,26113538,ESCOLA DE REFERENCIA EM ENSINO MEDIO GUEDES ALCOFORADO,Olinda,0.0,0.2894423007965088,426.0,0.0,1.2330242013931274,-1.2330242013931274
2023-2024,26113562,ESCOLA DE REFERENCIA EM ENSINO FUNDAMENTAL E MEDIO JERONIMO DE ALBUQUERQUE,Olinda,1.9,1.3293312788009644,66.0,1.254,0.8773586440086365,0.3766413559913635
2023-2024,26113635,ESCOLA DE REFERENCIA EM ENSINO FUNDAMENTAL E MEDIO MARIA EMILIA ROMEIRO ESTELITA,Olinda,0.0,0.32162532210350037,182.0,0.0,0.5853580862283707,-0.5853580862283707
2023-2024,26113660,ESCOLA MARECHAL MASCARENHAS DE MORAES,Olinda,0.0,0.8578590154647827,115.0,0.0,0.9865378677845,-0.9865378677845
2023-2024,26113724,ESCOLA DE REFERENCIA EM ENSINO FUNDAMENTAL MONSENHOR ARRUDA CAMARA,Olinda,0.0,0.5501806139945984,33.0,0.0,0.1815596026182175,-0.1815596026182175
2023-2024,26113783,ESCOLA DE REFERENCIA EM ENSINO MEDIO PADRE FRANCISCO CARNEIRO,Olinda,0.2,0.23060761392116547,782.0,1.564,1.803351540863514,-0.23935154086351385
2023-2024,26113805,ESCOLA DE REFERENCIA EM ENSINO MEDIO PINTOR MANOEL BANDEIRA,Olinda,0.0,0.2760593593120575,287.0,0.0,0.7922903612256049,-0.7922903612256049
2023-2024,26113813,ESCOLA DE REFERENCIA EM ENSINO FUNDAMENTAL E MEDIO COMPOSITOR ANTONIO MARIA,Olinda,0.0,0.4656978249549866,228.0,0.0,1.0617910408973694,-1.0617910408973694
2023-2024,26113830,ESCOLA DE REFERENCIA EM ENSINO FUNDAMENTAL PROFESSOR CANDIDO PESSOA,Olinda,0.0,1.2687158584594727,133.0,0.0,1.6873920917510987,-1.6873920917510987
2023-2024,26113856,ESCOLA DE REFERENCIA EM ENSINO MEDIO PROFESSOR ESTEVAO PINTO,Olinda,0.6,0.3150264620780945,387.0,2.322,1.2191524082422256,1.1028475917577745
2023-2024,26113872,ESCOLA PROFESSORA DEANA CLARK XAVIER,Olinda,0.0,0.40668976306915283,91.0,0.0,0.3700876843929291,-0.3700876843929291
2023-2024,26113880,ESCOLA PROFESSORA INES BORBA,Olinda,0.0,0.6364551782608032,119.0,0.0,0.7573816621303558,-0.7573816621303558
2023-2024,26113929,ESCOLA RAIMUNDO DINIZ,Olinda,0.0,1.2015007734298706,472.0,0.0,5.671083650588989,-5.671083650588989
2023-2024,26113953,ESCOLA DE REFERENCIA EM ENSINO FUNDAMENTAL E ENSINO MEDIO COSTA AZEVEDO,Olinda,0.0,0.26872026920318604,379.0,0.0,1.0184498202800751,-1.0184498202800751
2023-2024,26114496,ESCOLA DE REFERENCIA EM ENSINO MEDIO CAPITAO LUIZ REIS,Olinda,0.0,0.4601834714412689,255.0,0.0,1.1734678521752357,-1.1734678521752357
2023-2024,26114607,ESCOLA DE REFERENCIA EM ENSINO FUNDAMENTAL E MEDIO JOAO MATOS GUIMARAES,Olinda,0.0,0.5740466117858887,239.0,0.0,1.3719714021682738,-1.3719714021682738
2023-2024,26114720,ESCOLA DE REFERENCIA EM ENSINO MEDIO PROFESSOR ERNESTO SILVA,Olinda,0.0,0.20736706256866455,348.0,0.0,0.7216373777389526,-0.7216373777389526
2023-2024,26114860,ESCOLA DE REFERENCIA EM ENSINO FUNDAMENTAL E MEDIO TABAJARA,Olinda,0.0,1.099708914756775,304.0,0.0,3.343115100860596,-3.343115100860596
2023-2024,26115883,ESCOLA DE REFERENCIA EM ENSINO MEDIO DE PAULISTA,Paulista,0.0,0.21171410381793976,974.0,0.0,2.062095371186733,-2.062095371186733
2023-2024,26115913,ESCOLA DE REFERENCIA EM ENSINO MEDIO DOUTOR LUIZ CABRAL DE MELO,Paulista,0.0,0.23338580131530762,360.0,0.0,0.8401888847351074,-0.8401888847351074
2023-2024,26115964,ESCOLA GOVERNADOR ERALDO GUEIROS LEITE,Paulista,0.0,0.46496936678886414,68.0,0.0,0.3161791694164276,-0.3161791694164276
2023-2024,26115999,ESCOLA DE REFERENCIA EM ENSINO MEDIO JOSE MANUEL DE QUEIROZ,Paulista,0.0,0.23909591138362885,481.0,0.0,1.1500513337552547,-1.1500513337552547
2023-2024,26116014,ESCOLA DE REFERENCIA EM ENSINO MEDIO MAESTRO NELSON FERREIRA,Paulista,0.0,0.23337462544441223,261.0,0.0,0.6091077724099159,-0.6091077724099159
2023-2024,26116308,ESCOLA DE REFERENCIA EM ENSINO FUNDAMENTAL E MEDIO PRESIDENTE CASTELO BRANCO,Paulista,0.0,0.21637411415576935,267.0,0.0,0.5777188847959042,-0.5777188847959042
2023-2024,26116316,ESCOLA DE REFERENCIA EM ENSINO MEDIO PROFESSORA AMARINA SIMOES,Paulista,0.0,0.30959418416023254,337.0,0.0,1.0433324006199838,-1.0433324006199838
2023-2024,26116324,ESCOLA DE REFERENCIA EM ENSINO MEDIO PROFESSOR ARNALDO CARNEIRO LEAO,Paulista,0.0,0.2942740023136139,456.0,0.0,1.3418894505500794,-1.3418894505500794
2023-2024,26116359,ESCOLA PROFESSOR JOSE BRASILEIRO VILA NOVA,Paulista,0.0,0.2610086500644684,456.0,0.0,1.1901994442939758,-1.1901994442939758
2023-2024,26116367,ESCOLA PROFESSORA GENEROSA GIL PEREZ,Paulista,0.0,0.27530714869499207,406.0,0.0,1.1177470237016678,-1.1177470237016678
2023-2024,26116383,ESCOLA PROFESSORA MARIA ALVES MACHADO,Paulista,0.0,1.8837984800338745,243.0,0.0,4.577630306482315,-4.577630306482315
2023-2024,26116391,ESCOLA PROFESSORA ZULMIRA DE PAULA ALMEIDA,Paulista,0.0,0.5335866212844849,288.0,0.0,1.5367294692993163,-1.5367294692993163
2023-2024,26116413,ESCOLA DE REFERENCIA EM ENSINO MEDIO RADIALISTA LUIZ QUEIROGA,Paulista,0.0,0.20763680338859558,366.0,0.0,0.7599507004022599,-0.7599507004022599
2023-2024,26116634,ESCOLA DE REFERENCIA EM ENSINO FUNDAMENTAL E MEDIO PROFESSORA MARIA DO CARMO PINTO RIBEIRO,Paulista,0.0,0.4667793810367584,76.0,0.0,0.35475232958793645,-0.35475232958793645
2023-2024,26117010,ESCOLA ESTADUAL SAO JOSE,Paulista,0.0,0.36161908507347107,78.0,0.0,0.2820628863573074,-0.2820628863573074
2023-2024,26117045,ESCOLA DE REFERENCIA EM ENSINO MEDIO DANTAS BARRETO,Paulista,0.2,0.22556769847869873,655.0,1.31,1.4774684250354768,-0.16746842503547676
2023-2024,26117258,ESCOLA DE REFERENCIA EM ENSINO FUNDAMENTAL CUSTODIO PESSOA,Paulista,0.0,0.2783345878124237,118.0,0.0,0.32843481361865995,-0.32843481361865995
2023-2024,26117274,ESCOLA MANUEL DE BASTOS TIGRE,Paulista,0.0,0.2995396554470062,73.0,0.0,0.21866394847631454,-0.21866394847631454
2023-2024,26117290,ESCOLA DE REFERENCIA EM ENSINO MEDIO PADRE OSMAR NOVAES,Paulista,0.0,0.21637411415576935,677.0,0.0,1.4648527528345585,-1.4648527528345585
2023-2024,26118742,ESCOLA DE REFERENCIA EM ENSINO MEDIO SENADOR PAULO PESSOA GUERRA,Recife,1.7,0.25453871488571167,493.0,8.381,1.2548758643865585,7.126124135613441
2023-2024,26119730,ESCOLA DE APLICACAO DO RECIFE,Recife,0.0,0.20246632397174835,115.0,0.0,0.2328362725675106,-0.2328362725675106
2023-2024,26120100,ESCOLA DE REFERENCIA EM ENSINO FUNDAMENTAL E ENSINO MEDIO PROFESSORA INALDA SPINELLI,Recife,0.5,0.3900139033794403,214.0,1.07,0.8346297532320023,0.23537024676799778
2023-2024,26120992,ESCOLA DE REFERENCIA EM ENSINO FUNDAMENTAL E MEDIO LICEU DE ARTES E OFICIOS,Recife,0.0,0.8683587312698364,526.0,0.0,4.56756692647934,-4.56756692647934
2023-2024,26121247,ESCOLA DE REFERENCIA EM ENSINO MEDIO JOAQUIM NABUCO,Recife,0.0,0.3029926121234894,525.0,0.0,1.5907112136483192,-1.5907112136483192
2023-2024,26121310,ESCOLA DE REFERENCIA EM ENSINO MEDIO MANOEL BORBA,Recife,0.0,0.2930504381656647,592.0,0.0,1.7348585939407348,-1.7348585939407348
2023-2024,26121344,ESCOLA DE REFERENCIA EM ENSINO MEDIO LUIZ DELGADO,Recife,4.0,2.0278937816619873,621.0,24.84,12.593220384120942,12.246779615879058
2023-2024,26121654,ESCOLA DE REFERENCIA EM ENSINO MEDIO OLIVEIRA LIMA,Recife,0.4,0.28356271982192993,298.0,1.192,0.8450169050693512,0.3469830949306487
2023-2024,26121670,ESCOLA DE REFERENCIA EM ENSINO MEDIO POETA MANUEL BANDEIRA,Recife,0.0,0.2190963476896286,143.0,0.0,0.3133077771961689,-0.3133077771961689
2023-2024,26121751,ESCOLA TECNICA ESTADUAL GINASIO PERNAMBUCANO,Recife,0.0,0.21955712139606476,460.0,0.0,1.009962758421898,-1.009962758421898
2023-2024,26121816,ESCOLA TECNICA ESTADUAL ALMIRANTE SOARES DUTRA,Recife,0.0,0.21955712139606476,441.0,0.0,0.9682469053566456,-0.9682469053566456
2023-2024,26121859,ESCOLA DE REFERENCIA EM ENSINO MEDIO ANIBAL FERNANDES,Recife,4.7,2.3050363063812256,174.0,8.178,4.010763173103332,4.167236826896668
2023-2024,26121921,ESCOLA DE REFERENCIA EM ENSINO MEDIO SIZENANDO SILVEIRA,Recife,0.2,0.4267898201942444,669.0,1.338,2.8552238970994948,-1.5172238970994947
2023-2024,26121948,ESCOLA DE REFERENCIA EM ENSINO MEDIO SYLVIO RABELLO,Recife,0.0,0.3111327588558197,479.0,0.0,1.4903259149193764,-1.4903259149193764
2023-2024,26122120,COLEGIO DA POLICIA MILITAR DE PERNAMBUCO,Recife,0.0,0.31659790873527527,364.0,0.0,1.152416387796402,-1.152416387796402
2023-2024,26122227,ESCOLA DE REFERENCIA EM ENSINO FUNDAMENTAL E ENSINO MEDIO GOVERNADOR BARBOSA LIMA,Recife,0.0,0.2921762764453888,267.0,0.0,0.780110658109188,-0.780110658109188
2023-2024,26122278,ESCOLA DE REFERENCIA EM ENSINO MEDIO REGUEIRA COSTA,Recife,0.0,0.22679053246974945,238.0,0.0,0.5397614672780037,-0.5397614672780037
2023-2024,26122510,ESCOLA DE REFERENCIA EM ENSINO MEDIO CLOVIS BEVILAQUA,Recife,0.0,0.22678877413272858,452.0,0.0,1.025085259079933,-1.025085259079933
2023-2024,26122677,ESCOLA DE REFERENCIA EM ENSINO MEDIO SANTA PAULA FRASSINETTI,Recife,0.0,0.23477070033550262,362.0,0.0,0.8498699352145196,-0.8498699352145196
2023-2024,26122685,ESCOLA TECNICA ESTADUAL PROFESSOR AGAMENON MAGALHAES - ETEPAM,Recife,0.0,0.17713284492492676,453.0,0.0,0.8024117875099182,-0.8024117875099182
2023-2024,26122839,ESCOLA DE REFERENCIA EM ENSINO MEDIO OTHON PARAISO,Recife,0.7,0.5452755093574524,415.0,2.905,2.2628933638334274,0.6421066361665724
2023-2024,26122847,ESCOLA DE REFERENCIA EM ENSINO MEDIO AMAURY DE MEDEIROS,Recife,0.7,1.136568307876587,707.0,4.949,8.035537936687469,-3.086537936687469
2023-2024,26122855,ESCOLA DE REFERENCIA EM ENSINO FUNDAMENTAL E MEDIO DEBORA FEIJO,Recife,0.7,0.9823561310768127,141.0,0.9869999999999999,1.385122144818306,-0.3981221448183061
2023-2024,26122960,ESCOLA DE REFERENCIA EM ENSINO MEDIO VIDAL DE NEGREIROS,Recife,0.0,0.31831464171409607,242.0,0.0,0.7703214329481125,-0.7703214329481125
2023-2024,26123258,ESCOLA DE REFERENCIA EM ENSINO MEDIO MARTINS JUNIOR,Recife,3.0,0.3894752264022827,302.0,9.06,1.1762151837348938,7.8837848162651065
2023-2024,26123282,ESCOLA DE REFERENCIA EM ENSINO MEDIO JOAQUIM TAVORA,Recife,0.0,0.6204028129577637,387.0,0.0,2.4009588861465456,-2.4009588861465456
2023-2024,26123479,ESCOLA DE REFERENCIA EM ENSINO MEDIO ALBERTO TORRES,Recife,0.0,0.365824818611145,738.0,0.0,2.69978716135025,-2.69978716135025
2023-2024,26123517,ESCOLA DE REFERENCIA EM ENSINO MEDIO JOSE MARIANO,Recife,0.0,0.3226431608200073,618.0,0.0,1.9939347338676452,-1.9939347338676452
2023-2024,26123576,ESCOLA DE REFERENCIA EM ENSINO MEDIO PRESIDENTE HUMBERTO CASTELO BRANCO,Recife,0.0,0.42845460772514343,564.0,0.0,2.416483987569809,-2.416483987569809
2023-2024,26123592,ESCOLA DE REFERENCIA EM ENSINO MEDIO PROFESSOR TRAJANO DE MENDONCA,Recife,0.0,0.23477070033550262,496.0,0.0,1.164462673664093,-1.164462673664093
2023-2024,26123703,ESCOLA DE REFERENCIA EM ENSINO MEDIO ANIBAL FALCAO,Recife,1.0,0.6804432272911072,683.0,6.83,4.647427242398262,2.182572757601738
2023-2024,26123720,ESCOLA DE REFERENCIA EM ENSINO FUNDAMENTAL E MEDIO BARAO DO BONITO,Recife,0.0,0.220570370554924,174.0,0.0,0.38379244476556773,-0.38379244476556773
2023-2024,26123819,ESCOLA TECNICA ESTADUAL MARIANO TEIXEIRA,Recife,0.3,0.2276531308889389,430.0,1.29,0.9789084628224373,0.31109153717756277
2023-2024,26124190,ESCOLA DE REFERENCIA EM ENSINO MEDIO SANTOS DUMONT,Recife,0.0,0.25424739718437195,716.0,0.0,1.8204113638401032,-1.8204113638401032
2023-2024,26124432,ESCOLA DE REFERENCIA EM ENSINO MEDIO APOLONIO SALES,Recife,0.2,0.3214171230792999,454.0,0.908,1.4592337387800216,-0.5512337387800216
2023-2024,26124440,ESCOLA DE REFERENCIA EM ENSINO MEDIO ASSIS CHATEAUBRIAND,Recife,0.4,0.854200541973114,584.0,2.336,4.988531165122986,-2.6525311651229866
2023-2024,26124475,ESCOLA DE REFERENCIA EM ENSINO FUNDAMENTAL E MEDIO BRIGADEIRO EDUARDO GOMES,Recife,0.0,0.25855377316474915,475.0,0.0,1.2281304225325584,-1.2281304225325584
2023-2024,26124580,ESCOLA DE REFERENCIA EM ENSINO MEDIO ELEANOR ROOSEVELT,Recife,0.0,0.38015344738960266,501.0,0.0,1.9045687714219093,-1.9045687714219093
2023-2024,26124602,ESCOLA DE REFERENCIA EM ENSINO MEDIO ENGENHEIRO LAURO DINIZ,Recife,0.2,0.42948707938194275,422.0,0.844,1.8124354749917986,-0.9684354749917986
2023-2024,26124645,ESCOLA DE REFERENCIA EM ENSINO FUNDAMENTAL E MEDIO JORNALISTA COSTA PORTO,Recife,0.0,0.6086965203285217,349.0,0.0,2.124350855946541,-2.124350855946541
2023-2024,26124653,ESCOLA DE REFERENCIA EM ENSINO MEDIO LAGOA ENCANTADA,Recife,0.0,0.2832191586494446,520.0,0.0,1.4727396249771119,-1.4727396249771119
2023-2024,26124670,ESCOLA DE REFERENCIA EM ENSINO FUNDAMENTAL E MEDIO MARECHAL EURICO GASPAR DUTRA,Recife,0.0,0.4495924115180969,632.0,0.0,2.8414240407943723,-2.8414240407943723
2023-2024,26124696,ESCOLA DE REFERENCIA EM ENSINO MEDIO MARIA RITA DA SILVA LESSA,Recife,0.0,0.9738103747367859,567.0,0.0,5.521504824757575,-5.521504824757575
2023-2024,26124785,ESCOLA DE REFERENCIA EM ENSINO MEDIO DOM SEBASTIAO LEME,Recife,1.7,2.314411163330078,594.0,10.098,13.747602310180664,-3.649602310180663
2023-2024,26124920,ESCOLA DE REFERENCIA EM ENSINO FUNDAMENTAL E MEDIO SAO FRANCISCO DE ASSIS,Recife,0.0,2.103767156600952,170.0,0.0,3.576404166221619,-3.576404166221619
2023-2024,26125013,ESCOLA DE REFERENCIA EM ENSINO FUNDAMENTAL E ENSINO MEDIO GERCINO DE PONTES,Recife,0.0,0.6648843884468079,168.0,0.0,1.1170057725906373,-1.1170057725906373
2023-2024,26125048,ESCOLA TECNICA ESTADUAL JOAO BEZERRA,Recife,0.0,0.26197877526283264,427.0,0.0,1.1186493703722955,-1.1186493703722955
2023-2024,26125250,ESCOLA DE REFERENCIA EM ENSINO MEDIO PROFESSOR FERNANDO MOTA,Recife,0.0,0.2476295679807663,655.0,0.0,1.6219736702740193,-1.6219736702740193
2023-2024,26125358,ESCOLA DE REFERENCIA EM ENSINO FUNDAMENTAL E MEDIO MONTE VERDE,Recife,0.0,0.3323121964931488,176.0,0.0,0.5848694658279419,-0.5848694658279419
2023-2024,26125641,ESCOLA DE REFERENCIA EM ENSINO MEDIO JOSE VILELA,Recife,0.0,0.8289422392845154,248.0,0.0,2.055776753425598,-2.055776753425598
2023-2024,26125650,ESCOLA DE REFERENCIA EM ENSINO FUNDAMENTAL E MEDIO LIONS DE PARNAMIRIM,Recife,0.0,0.4601316750049591,158.0,0.0,0.7270080465078355,-0.7270080465078355
2023-2024,26125757,ESCOLA DE REFERENCIA EM ENSINO MEDIO PROFESSOR CANDIDO DUARTE,Recife,0.4,0.2629266083240509,280.0,1.12,0.7361945033073425,0.3838054966926576
2023-2024,26125781,ESCOLA DE REFERENCIA EM ENSINO MEDIO SILVA JARDIM,Recife,1.4,0.46292591094970703,378.0,5.292,1.7498599433898927,3.542140056610107
2023-2024,26125943,ESCOLA DE REFERENCIA EM ENSINO FUNDAMENTAL E MEDIO MONSENHOR MANOEL MARQUES,Recife,0.0,2.1530585289001465,164.0,0.0,3.5310159873962403,-3.5310159873962403
2023-2024,26125978,ESCOLA DE REFERENCIA EM ENSINO MEDIO ALVARO LINS,Recife,2.4,0.7646666169166565,535.0,12.84,4.090966400504112,8.749033599495888
2023-2024,26126010,ESCOLA DE REFERENCIA EM ENSINO FUNDAMENTAL E MEDIO CAIO PEREIRA,Recife,3.2,3.15181565284729,396.0,12.672,12.48118998527527,0.1908100147247307
2023-2024,26126044,ESCOLA DE REFERENCIA EM ENSINO MEDIO CLOTILDE DE OLIVEIRA,Recife,0.2,1.0959581136703491,604.0,1.208,6.619587006568909,-5.411587006568909
2023-2024,26126052,ESCOLA DE REFERENCIA EM ENSINO FUNDAMENTAL CORONEL OTHON,Recife,23.7,0.008696503937244415,38.0,9.006,0.003304671496152878,9.002695328503847
2023-2024,26126079,ESCOLA DE REFERENCIA EM ENSINO MEDIO AGEU MAGALHAES,Recife,0.0,0.3946768045425415,496.0,0.0,1.9575969505310058,-1.9575969505310058
2023-2024,26126109,ESCOLA DE REFERENCIA EM ENSINO MEDIO PADRE MACHADO,Recife,0.3,0.4815041422843933,354.0,1.062,1.7045246636867524,-0.6425246636867523
2023-2024,26126125,ESCOLA TECNICA ESTADUAL DOM BOSCO - RECIFE,Recife,0.0,0.23241598904132843,461.0,0.0,1.071437709480524,-1.071437709480524
2023-2024,26126133,ESCOLA DE REFERENCIA EM ENSINO MEDIO DOM VITAL,Recife,1.8,0.7412256598472595,896.0,16.128,6.641381912231445,9.486618087768555
2023-2024,26126141,ESCOLA DE REFERENCIA EM ENSINO FUNDAMENTAL E MEDIO DONA MARIA TERESA CORREA,Recife,0.0,3.135684013366699,202.0,0.0,6.334081707000732,-6.334081707000732
2023-2024,26126150,ESCOLA ERUNDINA NEGREIROS DE ARAUJO,Recife,0.0,1.6747586727142334,60.0,0.0,1.00485520362854,-1.00485520362854
2023-2024,26126206,ESCOLA DE REFERENCIA EM ENSINO FUNDAMENTAL E MEDIO GILBERTO FREYRE,Recife,0.0,0.7001397013664246,113.0,0.0,0.7911578625440597,-0.7911578625440597
2023-2024,26126290,ESCOLA MARIA AMALIA,Recife,0.2,1.6135798692703247,450.0,0.9,7.261109411716462,-6.361109411716462
2023-2024,26126443,ESCOLA DE REFERENCIA EM ENSINO FUNDAMENTAL E MEDIO NOSSA SENHORA DE FATIMA,Recife,0.0,0.22984585165977478,103.0,0.0,0.23674122720956803,-0.23674122720956803
2023-2024,26126605,ESCOLA TOME GIBSON,Recife,0.0,0.2576214373111725,66.0,0.0,0.17003014862537386,-0.17003014862537386
2023-2024,26126613,ESCOLA DE REFERENCIA EM ENSINO MEDIO ROSA DE MAGALHAES MELO,Recife,0.4,0.6234467625617981,254.0,1.016,1.583554776906967,-0.5675547769069671
2023-2024,26126621,ESCOLA DE REFERENCIA EM ENSINO MEDIO ROTARY DE NOVA DESCOBERTA,Recife,0.0,0.3880186378955841,572.0,0.0,2.219466608762741,-2.219466608762741
2023-2024,26127300,ESCOLA DE REFERENCIA EM ENSINO MEDIO DIARIO DE PERNAMBUCO,Recife,0.0,0.2617523968219757,482.0,0.0,1.261646552681923,-1.261646552681923
2023-2024,26127334,ESCOLA DE REFERENCIA EM ENSINO MEDIO JORNALISTA TRAJANO CHACON,Recife,0.0,0.2617523968219757,991.0,0.0,2.5939662525057794,-2.5939662525057794
2023-2024,26127415,ESCOLA DE REFERENCIA EM ENSINO MEDIO OLINTO VICTOR,Recife,0.0,0.22925464808940887,340.0,0.0,0.7794658035039902,-0.7794658035039902
2023-2024,26127423,ESCOLA DE REFERENCIA EM ENSINO FUNDAMENTAL PINTOR LAURO VILLARES,Recife,0.0,0.28768545389175415,7.0,0.0,0.02013798177242279,-0.02013798177242279
2023-2024,26127431,ESCOLA DE REFERENCIA EM ENSINO FUNDAMENTAL E MEDIO PROFESSOR LEAL DE BARROS,Recife,0.6,0.48404043912887573,172.0,1.032,0.8325495553016662,0.19945044469833384
2023-2024,26127474,ESCOLA PADRE DEHON,Recife,0.0,0.40113091468811035,381.0,0.0,1.5283087849617005,-1.5283087849617005
2023-2024,26127512,ESCOLA DE REFERENCIA EM ENSINO FUNDAMENTAL E MEDIO SENADOR NOVAES FILHO,Recife,0.0,1.3148479461669922,230.0,0.0,3.024150276184082,-3.024150276184082
2023-2024,26127571,ESCOLA DE REFERENCIA EM ENSINO FUNDAMENTAL E MEDIO BARROS CARVALHO,Recife,0.0,0.2874193787574768,276.0,0.0,0.793277485370636,-0.793277485370636
2023-2024,26127636,ESCOLA DE REFERENCIA EM ENSINO FUNDAMENTAL E MEDIO EDUCADOR PAULO FREIRE,Recife,9.9,0.828625500202179,137.0,13.563,1.1352169352769852,12.427783064723016
2023-2024,26127695,ESCOLA DE REFERENCIA EM ENSINO FUNDAMENTAL E MEDIO JOAQUIM XAVIER DE BRITO,Recife,0.0,0.5341282486915588,261.0,0.0,1.3940747290849687,-1.3940747290849687
2023-2024,26127741,ESCOLA DE REFERENCIA EM ENSINO MEDIO PROFESSORA HELENA PUGO,Recife,1.5,0.3115289509296417,684.0,10.26,2.1308580243587496,8.12914197564125
2023-2024,26128101,ESCOLA DE REFERENCIA EM ENSINO MEDIO DE BEBERIBE,Recife,0.0,0.23191621899604797,378.0,0.0,0.8766433078050613,-0.8766433078050613
2023-2024,26128179,ESCOLA DOUTOR FRANCISCO PESSOA DE QUEIROZ,Recife,0.0,0.8568314909934998,288.0,0.0,2.4676746940612793,-2.4676746940612793
2023-2024,26128195,ESCOLA DE REFERENCIA EM ENSINO FUNDAMENTAL E MEDIO JARBAS PERNAMBUCANO,Recife,0.0,0.7189887166023254,106.0,0.0,0.762128039598465,-0.762128039598465
2023-2024,26128403,ESCOLA DE REFERENCIA EM ENSINO MEDIO PADRE NERCIO RODRIGUES,Recife,0.0,0.5646311044692993,364.0,0.0,2.0552572202682495,-2.0552572202682495
2023-2024,26128420,ESCOLA DE REFERENCIA EM ENSINO MEDIO PEDRO CELSO,Recife,0.0,0.35187146067619324,813.0,0.0,2.860714975297451,-2.860714975297451
2023-2024,26128497,ESCOLA TECNICA ESTADUAL PROFESSOR ALFREDO FREYRE,Recife,0.0,0.27090683579444885,334.0,0.0,0.9048288315534592,-0.9048288315534592
2023-2024,26128527,ESCOLA ROTARY DO ALTO DO PASCOAL,Recife,0.0,3.774156093597412,324.0,0.0,12.228265743255614,-12.228265743255614
2023-2024,26128586,ESCOLA SAO JUDAS TADEU,Recife,0.9,1.0427391529083252,379.0,3.4110000000000005,3.9519813895225524,-0.5409813895225519
2023-2024,26128594,ESCOLA DE REFERENCIA EM ENSINO FUNDAMENTAL E MEDIO SAO MIGUEL,Recife,0.0,3.0140724182128906,206.0,0.0,6.208989181518555,-6.208989181518555
2023-2024,26128721,ESCOLA DE REFERENCIA EM ENSINO MEDIO PROFESSOR MARDONIO DE ANDRADE LIMA COELHO,Recife,0.0,0.25424739718437195,550.0,0.0,1.3983606845140457,-1.3983606845140457
2023-2024,26129086,ESCOLA DE REFERENCIA EM ENSINO MEDIO CONDE CORREA DE ARAUJO,São Lourenço da Mata,0.0,0.2665089964866638,615.0,0.0,1.6390303283929826,-1.6390303283929826
2023-2024,26129094,ESCOLA DE REFERENCIA EM ENSINO MEDIO CONDE PEREIRA CARNEIRO,São Lourenço da Mata,0.0,0.28960639238357544,612.0,0.0,1.7723911213874817,-1.7723911213874817
2023-2024,26129124,ESCOLA DONA LEONOR PORTO,São Lourenço da Mata,2.6,2.9425132274627686,893.0,23.218000000000004,26.27664312124252,-3.0586431212425182
2023-2024,26129388,ESCOLA DE REFERENCIA EM ENSINO MEDIO PROFESSOR AGAMENOM MAGALHAES,São Lourenço da Mata,3.8,0.34071487188339233,510.0,19.38,1.7376458466053009,17.6423541533947
2023-2024,26129566,ESCOLA 10 DE AGOSTO,São Lourenço da Mata,0.0,0.7903666496276855,257.0,0.0,2.031242289543152,-2.031242289543152
2023-2024,26129817,ESCOLA DE REFERENCIA EM ENSINO MEDIO DESEMBARGADOR ANTONIO DA SILVA GUIMARAES,Cabo de Santo Agostinho,1.8,0.23876607418060303,413.0,7.434000000000001,0.9861038863658905,6.44789611363411
2023-2024,26129868,ESCOLA TECNICA ESTADUAL EPITACIO PESSOA,Cabo de Santo Agostinho,0.0,0.23876607418060303,471.0,0.0,1.1245882093906403,-1.1245882093906403
2023-2024,26129922,ESCOLA DE REFERENCIA EM ENSINO MEDIO LUISA GUERRA,Cabo de Santo Agostinho,0.0,0.20770472288131714,422.0,0.0,0.8765139305591583,-0.8765139305591583
2023-2024,26130114,ESCOLA DE REFERENCIA EM ENSINO MEDIO PASTOR JOSE FLORENCIO RODRIGUES,Cabo de Santo Agostinho,0.0,0.24581563472747803,537.0,0.0,1.320029958486557,-1.320029958486557
2023-2024,26130149,ESCOLA DE REFERENCIA EM ENSINO MEDIO EMIDIO CAVALCANTI DE ALBUQUERQUE,Cabo de Santo Agostinho,0.3,0.6421769261360168,472.0,1.416,3.0310750913619997,-1.6150750913619998
2023-2024,26130203,ESCOLA DE REFERENCIA EM ENSINO MEDIO SENADOR FRANCISCO PESSOA DE QUEIROZ,Cabo de Santo Agostinho,0.0,0.1658187359571457,443.0,0.0,0.7345770002901555,-0.7345770002901555
2023-2024,26130319,ESCOLA PROFESSOR NATANAEL BARBOSA MEDRADO,Cabo de Santo Agostinho,0.0,0.6608468294143677,551.0,0.0,3.6412660300731656,-3.6412660300731656
2023-2024,26130386,ESCOLA DE REFERENCIA EM ENSINO MEDIO JOSE RODRIGUES DE CARVALHO,Cabo de Santo Agostinho,0.0,0.4026585519313812,854.0,0.0,3.438704033493996,-3.438704033493996
2023-2024,26130521,ESCOLA DE REFERENCIA EM ENSINO MEDIO ZUMBI DOS PALMARES,Cabo de Santo Agostinho,0.0,0.24715131521224976,298.0,0.0,0.7365109193325042,-0.7365109193325042
2023-2024,26130947,ESCOLA DOMINGOS DE ALBUQUERQUE,Ipojuca,0.0,0.3043684661388397,996.0,0.0,3.0315099227428437,-3.0315099227428437
2023-2024,26131528,ESCOLA DE REFERENCIA EM ENSINO MEDIO ALBERTINA DA COSTA SOARES,Ipojuca,1.9,0.6500366926193237,538.0,10.222,3.4971974062919617,6.724802593708038
2023-2024,26131668,ESCOLA ANIBAL CARDOSO,Ipojuca,0.0,0.18178170919418335,818.0,0.0,1.4869743812084197,-1.4869743812084197
2023-2024,26131684,ESCOLA DE REFERENCIA EM ENSINO MEDIO FREI OTTO,Ipojuca,0.0,0.6911179423332214,534.0,0.0,3.690569812059403,-3.690569812059403
2023-2024,26131692,ESCOLA DE REFERENCIA EM ENSINO MEDIO JOSE MARIO ALVES DA SILVA,Ipojuca,0.0,0.15435585379600525,383.0,0.0,0.5911829200387001,-0.5911829200387001
2023-2024,26132001,ESCOLA DE REFERENCIA EM ENSINO MEDIO ARQUIPELAGO FERNANDO DE NORONHA,Fernando de Noronha,0.0,1.2743440866470337,68.0,0.0,0.8665539789199829,-0.8665539789199829
2023-2024,26132230,ESCOLA DE APLICACAO PROFESSORA IVONITA ALVES GUERRA,Garanhuns,0.0,0.23148715496063232,218.0,0.0,0.5046419978141784,-0.5046419978141784
2023-2024,26132735,ESCOLA DE REFERENCIA EM ENSINO MEDIO SOLIDONIO PEREIRA DE CARVALHO,Quixaba,0.0,0.39152175188064575,177.0,0.0,0.692993500828743,-0.692993500828743
2023-2024,26133920,ESCOLA DE REFERENCIA EM ENSINO MEDIO PADRE ANTONIO BARBOSA JUNIOR,Jurema,0.0,0.4885667562484741,489.0,0.0,2.389091438055038,-2.389091438055038
2023-2024,26133949,ESCOLA DE REFERENCIA EM ENSINO MEDIO PROFESSORA CARLOTA BRECKENFELD,Tabira,0.0,0.234895259141922,319.0,0.0,0.7493158766627313,-0.7493158766627313
2023-2024,26133974,ESCOLA DE REFERENCIA EM ENSINO FUNDAMENTAL E MEDIO PEDRO SANTOS ESTIMA,Flores,0.0,0.37041741609573364,222.0,0.0,0.8223266637325287,-0.8223266637325287
2023-2024,26133985,ESCOLA DE REFERENCIA EM ENSINO MEDIO REGINA PACIS,Santa Cruz da Baixa Verde,0.0,0.24488584697246552,355.0,0.0,0.8693447567522525,-0.8693447567522525
2023-2024,26134085,ESCOLA DE REFERENCIA EM ENSINO MEDIO ALFREDO DE CARVALHO,Triunfo,0.0,0.36716189980506897,425.0,0.0,1.5604380741715431,-1.5604380741715431
2023-2024,26134213,ESCOLA TECNICA ESTADUAL MARIA EMILIA CANTARELLI,Belém do São Francisco,0.0,1.4736343622207642,141.0,0.0,2.0778244507312773,-2.0778244507312773
2023-2024,26135400,ESCOLA ESTADUAL PROFESSORA MARIZA JOSE BARBOSA DA SILVA,Passira,0.0,0.3268902897834778,227.0,0.0,0.7420409578084946,-0.7420409578084946
2023-2024,26135555,ESCOLA DE REFERENCIA EM ENSINO MEDIO ESCRITOR PAULO CAVALCANTI,Olinda,0.0,0.24300789833068848,145.0,0.0,0.3523614525794983,-0.3523614525794983
2023-2024,26136455,ESCOLA DE REFERENCIA EM ENSINO MEDIO MARECHAL FLORIANO PEIXOTO,Olinda,0.0,0.21432578563690186,332.0,0.0,0.7115616083145142,-0.7115616083145142
2023-2024,26136460,ESCOLA DE REFERENCIA EM ENSINO MEDIO SANTA ANA,Olinda,0.0,0.2936164438724518,647.0,0.0,1.899698391854763,-1.899698391854763
2023-2024,26136489,ESCOLA DE REFERENCIA EM ENSINO MEDIO ESCRITOR JOSE DE ALENCAR,Paulista,0.0,0.21718457341194153,389.0,0.0,0.8448479905724526,-0.8448479905724526
2023-2024,26137149,ESCOLA DE REFERENCIA EM ENSINO FUNDAMENTAL E MEDIO STELA MARIA DOS SANTOS PINTO BARROS,Abreu e Lima,0.0,0.210176020860672,336.0,0.0,0.7061914300918579,-0.7061914300918579
2023-2024,26138875,ANEXO I DO COLEGIO DA POLICIA MILITAR PETROLINA,Petrolina,0.0,0.41705968976020813,197.0,0.0,0.8216075888276101,-0.8216075888276101
2023-2024,26139081,ESCOLA DE REFERENCIA EM ENSINO MEDIO JOAO RODRIGUES LEITE,Carnaubeira da Penha,0.0,1.8216254711151123,71.0,0.0,1.2933540844917297,-1.2933540844917297
2023-2024,26139120,ESCOLA DE REFERENCIA EM ENSINO MEDIO HONORIO BERNARDES DA SILVA,Belém do São Francisco,0.0,1.0260428190231323,54.0,0.0,0.5540631222724915,-0.5540631222724915
2023-2024,26140144,ESCOLA DE REFERENCIA EM ENSINO MEDIO PAU BRASIL,Santa Maria da Boa Vista,0.0,1.179458737373352,343.0,0.0,4.045543469190598,-4.045543469190598
2023-2024,26140179,ESCOLA DE REFERENCIA EM ENSINO FUNDAMENTAL ENEIDE COELHO PAIXAO CAVALCANTI,Petrolina,4.3,6.145101547241211,73.0,3.139,4.485924129486084,-1.346924129486084
2023-2024,26145677,ESCOLA DE REFERENCIA EM ENSINO MEDIO JUSTA BARBOSA DE SALES,Vertente do Lério,0.0,0.2304554432630539,259.0,0.0,0.5968795980513096,-0.5968795980513096
2023-2024,26146967,ESCOLA BEM-TE-VI,Orocó,0.0,0.3101256191730499,345.0,0.0,1.0699333861470222,-1.0699333861470222
2023-2024,26147190,ESCOLA ESTADUAL ORORUBA,Pesqueira,28.1,4.480041027069092,90.0,25.290000000000003,4.032036924362183,21.257963075637818
2023-2024,26148021,ESCOLA DE REFERENCIA EM ENSINO MEDIO GREGORIO BEZERRA,Panelas,0.3,0.34198737144470215,378.0,1.1340000000000001,1.292712264060974,-0.15871226406097394
2023-2024,26148447,ESCOLA DE REFERENCIA EM ENSINO MEDIO DOUTOR ADILSON BEZERRA DE SOUZA,Santa Cruz do Capibaribe,0.0,0.2528993487358093,194.0,0.0,0.49062473654747013,-0.49062473654747013
2023-2024,26149907,ESCOLA DE REFERENCIA EM ENSINO FUNDAMENTAL E MEDIO JUAZEIRO,Tacaratu,0.0,2.2456367015838623,79.0,0.0,1.7740529942512513,-1.7740529942512513
2023-2024,26153742,ESCOLA ESTADUAL MADRE IVA BEZERRA DE ARAUJO,Cabo de Santo Agostinho,0.0,0.3329885005950928,1117.0,0.0,3.719481551647186,-3.719481551647186
2023-2024,26154358,ESCOLA DE REFERENCIA EM ENSINO FUNDAMENTAL E ENSINO MEDIO ICO MANDANTES,Petrolândia,0.0,0.2736344039440155,239.0,0.0,0.6539862254261971,-0.6539862254261971
2023-2024,26154803,ESCOLA DE REFERENCIA EM ENSINO MEDIO ELVIRA GRANJA DE SOUZA,Santa Cruz,4.5,2.0923268795013428,445.0,20.025,9.310854613780975,10.714145386219023
2023-2024,26155435,ESCOLA JOAQUIM ROSENO DOS SANTOS,Floresta,12.7,12.021286964416504,87.0,11.049,10.45851965904236,0.5904803409576402
2023-2024,26155559,ESCOLA DE REFERENCIA EM ENSINO MEDIO DOM HELDER CAMARA,Lagoa Grande,3.1,0.28502947092056274,454.0,14.074,1.2940337979793548,12.779966202020645
2023-2024,26155567,ESCOLA PROFESSORA JOSEFINA GOMES ARAUJO,Lagoa Grande,0.6,0.906593918800354,175.0,1.05,1.5865393579006195,-0.5365393579006195
2023-2024,26165112,ESCOLA SANTA SOFIA,Camaragibe,0.0,0.24398359656333923,279.0,0.0,0.6807142344117164,-0.6807142344117164
2023-2024,26165783,ESCOLA DE REFERENCIA EM ENSINO MEDIO NOSSA SENHORA DA PENHA,Gameleira,0.0,0.5190641283988953,280.0,0.0,1.4533795595169066,-1.4533795595169066
2023-2024,26167158,ESCOLA PROFESSORA GALTEMIR LINS,Palmares,0.0,2.072556257247925,465.0,0.0,9.63738659620285,-9.63738659620285
2023-2024,26169029,ESCOLA DE REFERENCIA EM ENSINO MEDIO RAIMUNDO DE CASTRO FERREIRA,Santa Filomena,1.3,0.5985650420188904,232.0,3.0160000000000005,1.3886708974838258,1.6273291025161747
2023-2024,26169193,ESCOLA ESTADUAL TEOTONIO CORREIA DA SILVA,Sirinhaém,0.0,0.3445596694946289,134.0,0.0,0.4617099571228027,-0.4617099571228027
2023-2024,26169223,ESCOLA ESTADUAL DOUTOR CAETANO MONTEIRO,Rio Formoso,0.7,0.26476651430130005,269.0,1.8829999999999998,0.7122219234704971,1.1707780765295026
2023-2024,26169975,ESCOLA JOSE ANTONIO FAGUNDES,Paudalho,7.7,0.5206789374351501,308.0,23.716,1.6036911273002623,22.11230887269974
2023-2024,26171198,ESCOLA DE REFERENCIA EM ENSINO FUNDAMENTAL E MEDIO PROFESSORA MARIA EUGENIA LOPES GOMES,Cabo de Santo Agostinho,0.0,0.6559625267982483,223.0,0.0,1.4627964347600937,-1.4627964347600937
2023-2024,26172712,ESCOLA DE REFERENCIA EM ENSINO MEDIO GINASIO PERNAMBUCANO - AURORA,Recife,0.0,0.2476295679807663,709.0,0.0,1.7556936369836331,-1.7556936369836331
2023-2024,26174464,ESCOLA DE REFERENCIA EM ENSINO MEDIO HENRIQUE JUSTINO DE MELO,Jucati,0.0,0.25568151473999023,503.0,0.0,1.2860780191421508,-1.2860780191421508
2023-2024,26175509,ESCOLA ESTADUAL QUILOMBOLA PROFESSORA ROSA DORALINA MENDES,Salgueiro,0.0,0.6420311331748962,114.0,0.0,0.7319154918193816,-0.7319154918193816
2023-2024,26175533,ESCOLA TECNICA ESTADUAL PEDRO MUNIZ FALCAO,Araripina,0.0,0.3410370647907257,460.0,0.0,1.5687704980373383,-1.5687704980373383
2023-2024,26176203,ESCOLA TECNICA ESTADUAL PROFESSOR PAULO FREIRE,Carnaíba,0.0,0.5847335457801819,328.0,0.0,1.9179260301589964,-1.9179260301589964
2023-2024,26176211,ESCOLA TECNICA ESTADUAL MARIA JOSE VASCONCELOS,Bezerros,0.4,0.22524231672286987,494.0,1.976,1.1126970446109772,0.8633029553890228
2023-2024,26176220,ESCOLA TECNICA ESTADUAL CELIA DE SOUZA LEAO ARRAES DE ALENCAR,Bonito,0.0,0.7389129400253296,442.0,0.0,3.265995194911957,-3.265995194911957
2023-2024,26176238,ESCOLA TECNICA ESTADUAL PROFESSOR LUCILO AVILA PESSOA,Recife,0.0,0.4434491693973541,434.0,0.0,1.924569395184517,-1.924569395184517
2023-2024,26176246,ESCOLA TECNICA ESTADUAL ALCIDES DO NASCIMENTO LINS,Camaragibe,0.0,0.22524231672286987,454.0,0.0,1.0226001179218291,-1.0226001179218291
2023-2024,26176254,ESCOLA TECNICA ESTADUAL JOSE NIVALDO PEREIRA RAMOS,Santa Cruz do Capibaribe,0.0,0.2321450114250183,473.0,0.0,1.0980459040403368,-1.0980459040403368
2023-2024,26176262,ESCOLA TECNICA ESTADUAL PROFESSORA CELIA SIQUEIRA,São José do Egito,0.0,0.23536328971385956,463.0,0.0,1.0897320313751697,-1.0897320313751697
2023-2024,26176882,ESCOLA TECNICA ESTADUAL PROFESSOR JOSE LUIZ DE MENDONCA,Gravatá,0.0,0.27131524682044983,469.0,0.0,1.2724685075879096,-1.2724685075879096
2023-2024,26177013,ESCOLA DE REFERENCIA EM ENSINO MEDIO DE BEZERROS,Bezerros,0.0,0.22990232706069946,401.0,0.0,0.9219083315134048,-0.9219083315134048
2023-2024,26177927,ESCOLA MALAQUIAS MENDES DA SILVA,Petrolina,0.0,0.3077000677585602,530.0,0.0,1.6308103591203689,-1.6308103591203689
2023-2024,26178028,ESCOLA DE REFERENCIA EM ENSINO MEDIO DE IPOJUCA,Ipojuca,0.0,0.1776966154575348,444.0,0.0,0.7889729726314544,-0.7889729726314544
2023-2024,26178079,ESCOLA ESTADUAL FERNANDO SOARES LYRA,Cabo de Santo Agostinho,2.7,0.5343210101127625,779.0,21.033,4.16236066877842,16.870639331221582
2023-2024,26178087,ESCOLA DE REFERENCIA EM ENSINO MEDIO CABO DE SANTO AGOSTINHO,Cabo de Santo Agostinho,1.6,0.21432578563690186,526.0,8.416,1.127353632450104,7.288646367549896
2023-2024,26178095,ESCOLA DE REFERENCIA EM ENSINO MEDIO CLEMENTINO COELHO,Petrolina,0.2,0.27216836810112,722.0,1.444,1.9650556176900864,-0.5210556176900865
2023-2024,26178176,ESCOLA DE REFERENCIA EM ENSINO MEDIO DE TIMBAUBA PROFESSOR ANTONIO JOSE BARBOZA DOS SANTOS,Timbaúba,0.0,0.23909591138362885,633.0,0.0,1.5134771190583705,-1.5134771190583705
2023-2024,26178192,ESCOLA DE REFERENCIA EM ENSINO MEDIO PROFESSOR ADAUTO CARVALHO,Serra Talhada,0.0,0.3323988616466522,432.0,0.0,1.4359630823135376,-1.4359630823135376
2023-2024,26178222,ESCOLA DE REFERENCIA EM ENSINO MEDIO DOS PALMARES DOM ACACIO RODRIGUES ALVES,Palmares,0.7,0.20736706256866455,445.0,3.1149999999999998,0.9227834284305572,2.1922165715694426
2023-2024,26178230,ESCOLA TECNICA ESTADUAL CICERO DIAS,Recife,0.0,0.23477070033550262,493.0,0.0,1.157419552654028,-1.157419552654028
2023-2024,26178435,ESCOLA DE REFERENCIA EM ENSINO MEDIO MARIA VIEIRA MULITERNO,Abreu e Lima,0.0,0.25385671854019165,475.0,0.0,1.2058194130659103,-1.2058194130659103
2023-2024,26178656,ESCOLA DE REFERENCIA EM ENSINO MEDIO DE PANELAS,Panelas,0.0,0.24087011814117432,680.0,0.0,1.6379168033599856,-1.6379168033599856
2023-2024,26178699,ESCOLA DE REFERENCIA EM ENSINO MEDIO DE ARCOVERDE,Arcoverde,0.0,0.13402187824249268,735.0,0.0,0.9850608050823212,-0.9850608050823212
2023-2024,26179474,ESCOLA DE REFERENCIA EM ENSINO MEDIO JOSIAS INOJOSA DE OLIVEIRA,Araripina,0.5,0.29166191816329956,410.0,2.05,1.1958138644695282,0.8541861355304716
2023-2024,26179610,ESCOLA DE REFERENCIA EM ENSINO MEDIO NOBREGA,Recife,0.0,0.2868902087211609,530.0,0.0,1.5205181062221529,-1.5205181062221529
2023-2024,26179806,ESCOLA DE REFERENCIA EM ENSINO MEDIO DE SALGUEIRO,Salgueiro,0.3,0.9368743896484375,643.0,1.929,6.024102325439453,-4.095102325439453
2023-2024,26179857,ESCOLA TECNICA ESTADUAL PORTO DIGITAL,Recife,0.0,0.32129141688346863,311.0,0.0,0.9992163065075874,-0.9992163065075874
2023-2024,26179873,ESCOLA DE REFERENCIA EM ENSINO MEDIO DE BELO JARDIM,Belo Jardim,0.0,1.070212721824646,367.0,0.0,3.9276806890964506,-3.9276806890964506
2023-2024,26179997,ESCOLA DE REFERENCIA EM ENSINO MEDIO PROFESSORA EDITE MATOS,Santa Maria da Boa Vista,0.0,0.21747420728206635,387.0,0.0,0.8416251821815968,-0.8416251821815968
2023-2024,26181282,ESCOLA TECNICA ESTADUAL JOSE ALENCAR GOMES DA SILVA,Paulista,0.0,0.21171410381793976,472.0,0.0,0.9992905700206756,-0.9992905700206756
2023-2024,26181320,ESCOLA ESTADUAL DR MIGUEL ARRAES DE ALENCAR,Sirinhaém,0.0,0.9165042042732239,237.0,0.0,2.1721149641275406,-2.1721149641275406
2023-2024,26181649,ESCOLA DE REFERENCIA EM ENSINO MEDIO QUILOMBOLA VEREADORA ALZIRA TENORIO DO AMARAL,Custódia,0.0,0.28165850043296814,230.0,0.0,0.6478145509958267,-0.6478145509958267
2023-2024,26181975,ESCOLA DE REFERENCIA EM ENSINO MEDIO DJALMA MACEDO GOMES,Santa Filomena,6.4,2.549987316131592,299.0,19.136,7.62446207523346,11.51153792476654
2023-2024,26182084,ESCOLA ESTADUAL JOSE RODRIGUES DE BARROS - MESTRE ZUZA,São José da Coroa Grande,0.0,0.29881027340888977,108.0,0.0,0.3227150952816009,-0.3227150952816009
2023-2024,26182092,ESCOLA ESTADUAL ESCRITOR MAXIMIANO ACCIOLY CAMPOS,Sirinhaém,0.0,0.5417572855949402,284.0,0.0,1.53859069108963,-1.53859069108963
2023-2024,26182106,ESCOLA TECNICA ESTADUAL ANTONIO DOURADO CAVALCANTI,Lajedo,0.0,0.2727639973163605,356.0,0.0,0.9710398304462433,-0.9710398304462433
2023-2024,26183021,ESCOLA TECNICA ESTADUAL MIGUEL BATISTA,Recife,0.0,0.07539855688810349,469.0,0.0,0.3536192318052053,-0.3536192318052053
2023-2024,26183030,ESCOLA ESTADUAL DE MATRIZ DA LUZ,São Lourenço da Mata,4.3,1.2982555627822876,268.0,11.524,3.479324908256531,8.044675091743468
2023-2024,26184699,ESCOLA ESTADUAL COLETTE CATTA,Cabo de Santo Agostinho,0.0,0.5957646369934082,96.0,0.0,0.5719340515136719,-0.5719340515136719
2023-2024,26185059,ESCOLA DE REFERENCIA EM ENSINO MEDIO GENIFA FELISBELA NOBRE,Ipubi,0.0,0.25253966450691223,335.0,0.0,0.846007876098156,-0.846007876098156
2023-2024,26185113,ESCOLA TECNICA ESTADUAL PEDRO LEAO LEAL,São José do Belmonte,0.0,0.23801292479038239,423.0,0.0,1.0067946718633174,-1.0067946718633174
2023-2024,26185660,ESCOLA TECNICA ESTADUAL GOVERNADOR EDUARDO CAMPOS - SAO BENTO DO UNA - GARANHUNS,São Bento do Una,0.0,0.268048495054245,476.0,0.0,1.2759108364582061,-1.2759108364582061
2023-2024,26185725,ESCOLA ESTADUAL LUIZ GOMES DINIZ,Bodocó,4.5,2.223322868347168,222.0,9.99,4.9357767677307125,5.054223232269288
2023-2024,26185741,ESCOLA TECNICA ESTADUAL PROFESSOR FRANCISCO JONAS FEITOSA COSTA,Arcoverde,0.0,0.18928441405296326,487.0,0.0,0.921815096437931,-0.921815096437931
2023-2024,26185750,ESCOLA TECNICA ESTADUAL JORNALISTA CYL GALLINDO,Buíque,0.0,0.21171410381793976,500.0,0.0,1.0585705190896988,-1.0585705190896988
2023-2024,26185768,ESCOLA TECNICA ESTADUAL LUIZ ALVES LACERDA,Cabo de Santo Agostinho,0.0,0.23876607418060303,486.0,0.0,1.1604031205177308,-1.1604031205177308
2023-2024,26185806,ESCOLA TECNICA ESTADUAL GOVERNADOR EDUARDO CAMPOS,São Lourenço da Mata,0.0,0.24878841638565063,458.0,0.0,1.13945094704628,-1.13945094704628
2023-2024,26185938,ESCOLA TECNICA ESTADUAL EDSON MORORO MOURA,Belo Jardim,0.0,0.2345101684331894,471.0,0.0,1.1045428933203219,-1.1045428933203219
2023-2024,26185946,ESCOLA TECNICA ESTADUAL ADVOGADO JOSE DAVI GIL RODRIGUES,Jaboatão dos Guararapes,0.0,0.240693598985672,487.0,0.0,1.1721778270602226,-1.1721778270602226
2023-2024,26186004,ESCOLA TECNICA ESTADUAL SENADOR WILSON CAMPOS,Paudalho,0.0,0.22525595128536224,482.0,0.0,1.085733685195446,-1.085733685195446
2023-2024,26186241,ESCOLA DE REFERENCIA EM ENSINO MEDIO PROFESSOR JORDAO EMERENCIANO,Recife,0.0,0.32973039150238037,1060.0,0.0,3.495142149925232,-3.495142149925232
2023-2024,26186411,ESCOLA ESTADUAL INDIGENA JOSEFA ALICE DA CONCEICAO,Itacuruba,13.2,5.139692306518555,67.0,8.844000000000001,3.443593845367432,5.400406154632569
2023-2024,26186446,ESCOLA ESTADUAL INDIGENA QUITERIA MARIA DE JESUS,Jatobá,1.8,7.413698196411133,63.0,1.1340000000000001,4.670629863739014,-3.5366298637390132
2023-2024,26187051,ESCOLA TECNICA ESTADUAL MINISTRO FERNANDO LYRA,Caruaru,0.0,0.21171410381793976,464.0,0.0,0.9823534417152404,-0.9823534417152404
2023-2024,26187566,ESCOLA ESTADUAL CLAUDIO RODRIGUES GALINDO,Afrânio,0.0,0.36450183391571045,78.0,0.0,0.28431143045425417,-0.28431143045425417
2023-2024,26187825,ESCOLA TECNICA ESTADUAL JURANDIR BEZERRA LINS,Igarassu,0.0,0.240693598985672,479.0,0.0,1.1529223391413688,-1.1529223391413688
2023-2024,26187965,ESCOLA TECNICA ESTADUAL PROFESSORA MARIA WILZA BARROS DE MIRANDA,Petrolina,0.0,0.2285061925649643,358.0,0.0,0.8180521693825722,-0.8180521693825722
2023-2024,26187973,ESCOLA DE REFERENCIA EM ENSINO MEDIO PROFESSORA EVANIRA DE SOUZA DIAS,Petrolina,0.0,0.2417232245206833,436.0,0.0,1.0539132589101792,-1.0539132589101792
2023-2024,26188295,ESCOLA DE REFERENCIA EM ENSINO MEDIO POMPEIA CAMPOS,Recife,0.0,0.23477070033550262,303.0,0.0,0.711355222016573,-0.711355222016573
2023-2024,26188538,ESCOLA TECNICA ESTADUAL ARIANO VILAR SUASSUNA - GARANHUNS,Garanhuns,0.0,0.18928441405296326,432.0,0.0,0.8177086687088012,-0.8177086687088012
2023-2024,26188554,ESCOLA TECNICA ESTADUAL FRANCISCO DE MATOS SOBRINHO,Bom Conselho,0.0,0.23876607418060303,476.0,0.0,1.1365265130996705,-1.1365265130996705
2023-2024,26188643,ESCOLA ESTADUAL INDIGENA ANANIAS DE SENA,Carnaubeira da Penha,2.5,3.6760036945343018,41.0,1.0250000000000001,1.5071615147590636,-0.48216151475906344
2023-2024,26189526,ESCOLA ESTADUAL INDIGENA LUIZ PEREIRA LEAL,Itacuruba,1.3,3.502643346786499,162.0,2.1060000000000003,5.674282221794129,-3.5682822217941284
2023-2024,26189585,ESCOLA TECNICA ESTADUAL PASTOR ISAAC MARTINS RODRIGUES,Abreu e Lima,0.0,0.23536328971385956,451.0,0.0,1.0614884366095065,-1.0614884366095065
2023-2024,26190028,ESCOLA ESTADUAL PAULO DANTAS FILHO,Buíque,2.7,0.3172323405742645,408.0,11.016000000000002,1.2943079495429992,9.721692050457003
2023-2024,26190737,ESCOLA TECNICA ESTADUAL CHICO SCIENCE,Olinda,0.0,0.2758207619190216,490.0,0.0,1.351521733403206,-1.351521733403206
2023-2024,26191229,ESCOLA TECNICA ESTADUAL PROFESSORA MARIA AMELIA DE FREITAS ARAUJO,Cabrobó,0.0,0.32851865887641907,395.0,0.0,1.2976487025618555,-1.2976487025618555
2023-2024,26191261,ESCOLA TECNICA ESTADUAL MARIA FERREIRA MARTINS,Itaíba,1.2,0.7045277953147888,428.0,5.136,3.015378963947296,2.1206210360527042
2023-2024,26213800,ESCOLA MANOEL MESSIAS BARBOSA,Petrolina,0.0,0.2736828029155731,312.0,0.0,0.8538903450965882,-0.8538903450965882
2023-2024,26305615,ESCOLA DE REFERENCIA EM ENSINO MEDIO CARLOS SOARES DA SILVA,Salgadinho,0.0,0.20924189686775208,231.0,0.0,0.48334878176450724,-0.48334878176450724
2023-2024,26366614,ESCOLA DE REFERENCIA EM ENSINO MEDIO JOSE DO PATROCINIO MOTA,São Bento do Una,0.0,0.19973991811275482,327.0,0.0,0.6531495322287083,-0.6531495322287083
2023-2024,26408643,ESCOLA DE REFERENCIA EM ENSINO MEDIO PROFESSORA BENEDITA DE MORAIS GUERRA,Macaparana,0.0,0.3080897927284241,454.0,0.0,1.3987276589870452,-1.3987276589870452
2023-2024,26419823,ESCOLA DE REFERENCIA EM ENSINO MEDIO TERESINHA DE SOUZA LIRA,Floresta,0.0,1.0420594215393066,68.0,0.0,0.7086004066467285,-0.7086004066467285
2023-2024,26419831,ESCOLA ESTADUAL JOSE FERREIRA DA SILVA,Floresta,2.2,10.683059692382812,48.0,1.056,5.12786865234375,-4.07186865234375
2023-2024,26426714,ESCOLA INDIGENA CAPITAO DENA,Cabrobó,3.1,2.2599058151245117,130.0,4.03,2.9378775596618656,1.0921224403381347
2023-2024,26525720,ESCOLA TECNICA ESTADUAL MARIA EDUARDA RAMOS DE BARROS,Carpina,0.0,0.22524231672286987,472.0,0.0,1.0631437349319457,-1.0631437349319457
2023-2024,26525780,ESCOLA DE REFERENCIA EM ENSINO MEDIO GOVERNADOR MIGUEL ARRAES DE ALENCAR,Granito,0.0,0.3689945638179779,270.0,0.0,0.9962853223085404,-0.9962853223085404
2023-2024,26525798,ESCOLA TECNICA ESTADUAL ADERICO ALVES DE VASCONCELOS,Goiana,0.0,0.27807074785232544,460.0,0.0,1.279125440120697,-1.279125440120697
2023-2024,26525801,ESCOLA TECNICA ESTADUAL JOSE HUMBERTO DE MOURA CAVALCANTI,Limoeiro,0.0,0.2345101684331894,478.0,0.0,1.1209586051106453,-1.1209586051106453
2023-2024,26525810,ESCOLA TECNICA ESTADUAL MIGUEL ARRAES DE ALENCAR,Timbaúba,0.0,0.21171410381793976,476.0,0.0,1.0077591341733931,-1.0077591341733931
2023-2024,26525828,ESCOLA TECNICA ESTADUAL MAXIMIANO ACCIOLY CAMPOS,Jaboatão dos Guararapes,0.2,0.240693598985672,482.0,0.964,1.160143147110939,-0.19614314711093894
2023-2024,26525836,ESCOLA TECNICA ESTADUAL ANTONIO ARRUDA DE FARIAS,Surubim,0.0,0.2478037327528,491.0,0.0,1.2167163278162478,-1.2167163278162478
2023-2024,26525852,ESCOLA DE REFERENCIA EM ENSINO MEDIO PROFESSOR DENIVAL JOSE RODRIGUES DE MELO,Itaquitinga,0.0,0.23337462544441223,221.0,0.0,0.515757922232151,-0.515757922232151
2023-2024,26525933,ESCOLA TECNICA ESTADUAL ARLINDO FERREIRA DOS SANTOS,Sertânia,0.0,0.2526065409183502,358.0,0.0,0.9043314164876938,-0.9043314164876938
2023-2024,26540720,ESCOLA DE REFERENCIA EM ENSINO MEDIO PROFESSORA IRENE MARIA RAMOS COELHO,Afrânio,0.0,0.3105699121952057,276.0,0.0,0.8571729576587677,-0.8571729576587677
